date_id,category,forecast_revenue,forecast_lower,forecast_upper
2023-01-01,Apparel,899091.2036607871,692061.4760563241,1114986.0424099765
2023-01-02,Apparel,478860.7312599809,267735.6416726656,701074.4370994281
2023-01-03,Apparel,490883.91375061235,275168.58237741824,699628.0822925911
2023-01-04,Apparel,477060.1511583184,272363.5653849631,692975.0131916333
2023-01-05,Apparel,475939.03912188474,248476.1194037978,692442.1182608079
2023-01-06,Apparel,471092.8773122993,266985.4933574403,687995.131139279
2023-01-07,Apparel,871375.4551357115,643398.0617122,1081205.4633869058
2023-01-08,Apparel,878934.7913577894,665786.3726304218,1093822.885124478
2023-01-09,Apparel,458629.98611088685,248151.40228524178,680699.7788527836
2023-01-10,Apparel,471714.6729885819,247744.43822567508,685132.2754127427
2023-01-11,Apparel,460060.01752064796,252141.16496054587,670599.8568000066
2023-01-12,Apparel,462143.01696287876,255078.78000296504,664659.078958225
2023-01-13,Apparel,461421.94675390265,249304.40362307563,671065.9195264046
2023-01-14,Apparel,866598.9553306724,648168.6251576641,1080997.6078748237
2023-01-15,Apparel,879638.7904591223,662099.6983144816,1091477.2528237556
2023-01-16,Apparel,465191.06023756735,257844.9568511075,701980.7712006879
2023-01-17,Apparel,484280.7959670214,268503.84535383654,695134.5273567288
2023-01-18,Apparel,478540.2788915556,282937.7649593698,696531.7972816012
2023-01-19,Apparel,486204.747956971,286218.445467557,703799.1559962095
2023-01-20,Apparel,490496.4905384209,277769.0519078269,720284.5680647112
2023-01-21,Apparel,899895.5157030035,695877.1575923356,1108137.2845157485
2023-01-22,Apparel,916166.966142378,703608.5521273164,1128832.935540137
2023-01-23,Apparel,503789.82895375026,289506.3299226278,735642.5673823754
2023-01-24,Apparel,523653.9529186945,316244.7343887778,733658.5872376258
2023-01-25,Apparel,517298.3606930164,300158.7074885888,740402.6328558718
2023-01-26,Apparel,522910.39580711705,313888.84223461495,746707.5455378534
2023-01-27,Apparel,523712.97149898985,302117.8907601441,738999.9653180273
2023-01-28,Apparel,928236.4724935878,717875.0472883258,1137135.1353603576
2023-01-29,Apparel,938346.8332404831,734882.4050941223,1156858.1726663748
2023-01-30,Apparel,518671.7393936873,302427.3625465354,721349.6798602665
2023-01-31,Apparel,530294.4594222477,316670.20099519583,731650.5696788764
2023-02-01,Apparel,514988.60047625453,304747.7830042003,714978.1736698857
2023-02-02,Apparel,511210.54480175296,284203.23616182327,729950.9724888516
2023-02-03,Apparel,502479.8966282358,292635.56264744274,722180.6407482454
2023-02-04,Apparel,897643.136802372,672393.1586525865,1101805.3870681014
2023-02-05,Apparel,898893.6578153222,672001.9548746857,1127167.9352681665
2023-02-06,Apparel,471187.77573342086,268457.46089734667,685278.4386224911
2023-02-07,Apparel,475928.9575266843,270118.9411389594,686707.7618030749
2023-02-08,Apparel,455194.06321259274,249807.1525626148,680428.9309069685
2023-02-09,Apparel,447715.73440467316,235504.04249222123,665234.9288961209
2023-02-10,Apparel,437254.4339766058,237771.79090108417,670412.3471882491
2023-02-11,Apparel,832854.0445680968,629327.9950887349,1043312.837920657
2023-02-12,Apparel,836855.860482238,631153.0838201552,1057453.3060392453
2023-02-13,Apparel,414308.1804340745,216323.2756570524,642153.6495599116
2023-02-14,Apparel,426646.3818805,208974.8695400417,626591.4312582591
2023-02-15,Apparel,415917.6435443094,200490.20237950032,621439.0440026862
2023-02-16,Apparel,420761.6404429063,210522.65657708657,630747.4117903793
2023-02-17,Apparel,424783.66837072023,206710.13355085894,640876.6877543319
2023-02-18,Apparel,836812.5599082118,614517.4903940527,1046796.0890803086
2023-02-19,Apparel,858919.6056666527,639385.1444555705,1068355.9297389158
2023-02-20,Apparel,455832.9977595044,252943.93878413626,685331.3608989597
2023-02-21,Apparel,488625.0067158835,274891.80174145394,703656.2403860877
2023-02-22,Apparel,498946.11241328955,259798.1366546365,708106.1978515732
2023-02-23,Apparel,525014.29996238,310135.2548318694,745565.5420130023
2023-02-24,Apparel,549998.6395885254,340382.1049678771,777581.7252893973
2023-02-25,Apparel,982287.7008499816,784087.0271584133,1197810.2694724216
2023-02-26,Apparel,1023520.1595157406,807102.5757804842,1227803.75635512
2023-02-27,Apparel,638009.2273440332,418793.2323191417,852973.9279872351
2023-02-28,Apparel,686440.2940936389,459387.25944509136,901795.9129765116
2023-03-01,Apparel,710115.9526029354,485542.81303942227,925649.1819912802
2023-03-02,Apparel,746953.4510982877,511271.99614013894,965938.871172982
2023-03-03,Apparel,779876.354635171,565745.0291085314,981316.1290717492
2023-03-04,Apparel,1217089.2071155617,1011326.3016998593,1440416.9377173076
2023-03-05,Apparel,1260113.8024812187,1045033.551473018,1467585.8341230405
2023-03-06,Apparel,873215.961533224,658834.8407954673,1084170.3033336047
2023-03-07,Apparel,917104.5815579102,699800.5543989103,1135302.887184914
2023-03-08,Apparel,933177.3177454103,729068.9256494747,1142566.3411384588
2023-03-09,Apparel,959515.0443887959,748166.7921285711,1176450.9269043494
2023-03-10,Apparel,979269.837669988,767643.3612513216,1187852.2530105617
2023-03-11,Apparel,1400933.8261901217,1186378.3181306822,1607020.5750192432
2023-03-12,Apparel,1426369.0905989693,1222318.7596384266,1647354.7506788967
2023-03-13,Apparel,1020225.0974131116,810100.2111538538,1254453.530512383
2023-03-14,Apparel,1043628.1254174751,817656.8107808604,1251094.2853520475
2023-03-15,Apparel,1038417.5274459121,830915.7570523426,1263446.3718910892
2023-03-16,Apparel,1043128.3494478667,837160.6481003875,1268468.723451366
2023-03-17,Apparel,1041368.2453834495,830024.5218416164,1250276.4750669734
2023-03-18,Apparel,1442074.786178749,1240643.4142128269,1653220.8619435
2023-03-19,Apparel,1447535.0691825983,1236343.5772886227,1667013.9821588339
2023-03-20,Apparel,1022791.8052062144,810976.1625782565,1257152.8466415782
2023-03-21,Apparel,1029323.0841961709,807517.6599797936,1242648.384707903
2023-03-22,Apparel,1009271.1445259171,802123.6555797515,1231297.6058272843
2023-03-23,Apparel,1001416.987095752,794231.4586063146,1202243.9953252722
2023-03-24,Apparel,989551.8634841366,775138.8948710356,1204200.5944430178
2023-03-25,Apparel,1382730.334096204,1166362.3351826763,1588478.9874640142
2023-03-26,Apparel,1383288.329418804,1164640.264880186,1589743.8290798853
2023-03-27,Apparel,956247.8466072228,763150.2925078296,1160092.840148819
2023-03-28,Apparel,962997.9563080972,742910.9297333353,1172798.716070212
2023-03-29,Apparel,945527.6337091589,731090.4813380133,1159586.624734542
2023-03-30,Apparel,942404.2646263958,726426.223902622,1162710.0571433154
2023-03-31,Apparel,937151.6291453735,747601.6918098384,1171547.932948435
2023-04-01,Apparel,1338510.339734041,1112717.3479886188,1548042.0507815185
2023-04-02,Apparel,1348465.3863564183,1126333.5388368997,1575145.0355225217
2023-04-03,Apparel,931659.5863771399,716037.9120770775,1131019.509111564
2023-04-04,Apparel,949084.824012271,734532.1702939611,1157431.991237945
2023-04-05,Apparel,942326.5507380576,720570.0481817968,1157429.912952371
2023-04-06,Apparel,949552.2143709091,755376.036210537,1159935.0971754054
2023-04-07,Apparel,953900.0433367376,746667.1389472454,1161856.4472042832
2023-04-08,Apparel,1363749.34235356,1148955.6749617162,1575202.7088639976
2023-04-09,Apparel,1380758.1195774772,1163535.8368974503,1591862.773147588
2023-04-10,Apparel,969284.0077528337,763761.823959937,1182979.1314324627
2023-04-11,Apparel,990082.6235853571,767218.3783337047,1189359.7735834136
2023-04-12,Apparel,984558.8928204133,768508.2929527578,1214200.2280708794
2023-04-13,Apparel,990758.9699360387,753232.147542393,1208113.3087012162
2023-04-14,Apparel,991761.988831897,770643.7862744421,1221236.824020384
2023-04-15,Apparel,1395951.201916784,1184394.0709193319,1601630.0775253712
2023-04-16,Apparel,1405051.746799398,1203036.7387652686,1620720.9767733933
2023-04-17,Apparel,983548.4419786452,775525.2533366948,1210428.5740074103
2023-04-18,Apparel,992380.3042774172,775086.3748519456,1215262.0549949892
2023-04-19,Apparel,973187.667587779,772905.2665962487,1186340.7043041885
2023-04-20,Apparel,964296.7873356922,756468.7647411152,1172355.50286877
2023-04-21,Apparel,949104.262490322,744137.6376673047,1149580.3692730626
2023-04-22,Apparel,1336339.5017213258,1111888.6704856884,1553167.8869924047
2023-04-23,Apparel,1328094.1365025633,1109298.946941182,1530122.429538027
2023-04-24,Apparel,889229.4342082461,667862.3607809171,1105874.095616047
2023-04-25,Apparel,881061.1305023836,671996.2511589976,1098117.5842645976
2023-04-26,Apparel,845598.049734024,639320.5736327498,1054685.043992569
2023-04-27,Apparel,821516.7457400894,609886.1323076116,1023965.9396821453
2023-04-28,Apparel,792537.6382380872,580143.195783195,1011724.6024530573
2023-04-29,Apparel,1167679.5412748326,957021.2287877568,1383431.638041218
2023-04-30,Apparel,1149283.1052957643,917400.8622906903,1367527.9331225401
2023-05-01,Apparel,702411.7880176307,478608.94227029616,921192.9169138701
2023-05-02,Apparel,688532.3703584359,465334.14756658726,900669.0829892415
2023-05-03,Apparel,649751.7080986449,436895.12732096337,862419.8062339404
2023-05-04,Apparel,624789.1007045261,397753.1150139869,842799.9288172973
2023-05-05,Apparel,597352.6717615533,396257.96333571675,813597.075907974
2023-05-06,Apparel,976395.083443643,769941.5551446349,1194068.6649810274
2023-05-07,Apparel,964140.4695244925,740549.3959733762,1169519.2907279804
2023-05-08,Apparel,525488.5035082817,300097.8399716787,747395.2074494658
2023-05-09,Apparel,521699.95672126516,292986.7993633926,726226.5812743274
2023-05-10,Apparel,494640.51022964343,276140.1485890035,707516.0128732712
2023-05-11,Apparel,482759.11853172473,260216.35260106646,710711.4548309859
2023-05-12,Apparel,469472.0287553694,245672.564284161,694562.6117182235
2023-05-13,Apparel,863426.0217292801,645663.3609704592,1088574.9224525632
2023-05-14,Apparel,866533.9729305651,644711.6879396591,1080198.2452706993
2023-05-15,Apparel,443385.8380669916,226987.5933629642,667418.814460475
2023-05-16,Apparel,454941.6818797541,242948.2952894843,672464.0309759226
2023-05-17,Apparel,442783.55324306345,230878.48305851308,653105.8534699035
2023-05-18,Apparel,445099.42635445687,222911.54870940003,660287.343123837
2023-05-19,Apparel,445073.06639894674,246138.99312592982,661175.5026942252
2023-05-20,Apparel,851151.712866442,624641.6243792244,1068142.3575222702
2023-05-21,Apparel,865086.0071497116,650897.0733862801,1077349.8334435748
2023-05-22,Apparel,451342.6079423823,237343.28590835398,675653.6853214462
2023-05-23,Apparel,470798.5472246718,272279.3325769427,672943.4172136617
2023-05-24,Apparel,464994.3587289335,251352.03325134557,682540.8372485247
2023-05-25,Apparel,472116.33462733973,247975.52558261668,686461.5851489219
2023-05-26,Apparel,475384.7323914108,254286.9404683059,711314.7100998814
2023-05-27,Apparel,883318.3708840789,679861.719762468,1094879.9462678458
2023-05-28,Apparel,897771.5819989697,684122.7036836033,1119282.659415919
2023-05-29,Apparel,483341.50261075335,263198.6779915307,691089.0346780758
2023-05-30,Apparel,501057.3769935695,291049.97701379604,713174.6978687667
2023-05-31,Apparel,492629.2965931203,292500.6486525926,701273.4998816259
2023-06-01,Apparel,496424.0058258454,288599.008477738,716427.2075484197
2023-06-02,Apparel,495847.6696266231,279120.56112824683,722613.727887758
2023-06-03,Apparel,899604.6657262916,688735.1535760295,1124951.9302505816
2023-06-04,Apparel,909729.9528312015,702891.5702512803,1110353.4989831292
2023-06-05,Apparel,490990.55226556695,269348.69178709656,696420.4980469318
2023-06-06,Apparel,504570.4090937725,311350.17100307567,711476.1356538218
2023-06-07,Apparel,492316.4013666691,292044.4799848654,701819.165794858
2023-06-08,Apparel,492710.31649586745,280447.7674069257,714389.1887083256
2023-06-09,Apparel,489249.65544515307,268078.92000263993,713760.150718918
2023-06-10,Apparel,890704.820664305,685966.9704939199,1116054.4364851748
2023-06-11,Apparel,899151.6739984036,678602.6349178451,1099252.1555437527
2023-06-12,Apparel,479372.39430988487,240807.95380256049,679531.4516100086
2023-06-13,Apparel,492541.32671164605,273880.3635062695,715524.4874839267
2023-06-14,Apparel,480473.7592581248,269220.32652377844,707875.5919743147
2023-06-15,Apparel,481599.47097298043,263155.9487028045,684143.814539624
2023-06-16,Apparel,479346.71242696536,275055.8668409587,704085.8926315733
2023-06-17,Apparel,882402.5205829189,665850.1679819381,1104890.47033297
2023-06-18,Apparel,892749.6550876435,672129.8931613473,1113669.2845856284
2023-06-19,Apparel,475070.3715733019,262034.39148068658,682365.9282528356
2023-06-20,Apparel,490436.0561194128,270052.2557852508,704746.9069579047
2023-06-21,Apparel,480560.7629833015,269335.92692608025,697264.1820895376
2023-06-22,Apparel,483777.4932868387,266750.2951108956,703880.3900218501
2023-06-23,Apparel,483425.66334470734,265135.15553617803,686705.3963846713
2023-06-24,Apparel,888114.0316456634,678490.3889608254,1099111.9290703272
2023-06-25,Apparel,899760.7162954344,685247.7260407801,1112923.8984184447
2023-06-26,Apparel,482997.8734990054,263833.6201420301,693312.9259511831
2023-06-27,Apparel,498862.4817977611,289000.0826807023,708358.2216568309
2023-06-28,Apparel,489051.48760356003,267078.8867120088,691136.4015903847
2023-06-29,Apparel,491897.2638375546,276512.5409103657,695601.8322729114
2023-06-30,Apparel,490754.74785521394,266564.4476852828,696241.543298414
2023-07-01,Apparel,894263.0299659926,688244.8149580521,1098288.987266051
2023-07-02,Apparel,904384.5046985252,688155.1748890855,1130998.3936098581
2023-07-03,Apparel,485806.6422031464,269252.6495291064,704553.0198876404
2023-07-04,Apparel,499630.36890037183,271776.758958873,718648.0888585083
2023-07-05,Apparel,487623.63819140807,272397.770987438,695962.2403820464
2023-07-06,Apparel,488193.35371268087,289992.0624135211,700190.1742006319
2023-07-07,Apparel,484770.0071016309,268410.85137320304,701196.0153619313
2023-07-08,Apparel,886066.3617147418,675692.1452519372,1106765.8372249561
2023-07-09,Apparel,894114.8107464697,675604.9069047435,1103417.0180852334
2023-07-10,Apparel,473665.96738391067,260698.20192413137,697754.8969139882
2023-07-11,Apparel,485875.0111184086,287294.4391043896,720666.3632570371
2023-07-12,Apparel,472554.6641344578,244309.44095411216,684444.7766108437
2023-07-13,Apparel,472145.12053894746,255775.1158258946,689962.781707599
2023-07-14,Apparel,468098.21489956375,249034.01283752272,669113.2059213702
2023-07-15,Apparel,869135.636834616,641797.3087652317,1075790.9635707291
2023-07-16,Apparel,877287.2370748818,649959.3848793523,1101584.1063147073
2023-07-17,Apparel,457289.3780541678,240694.26125173667,673886.1428626168
2023-07-18,Apparel,470272.27428258874,252326.04836409318,690112.8539649833
2023-07-19,Apparel,458015.37736451963,238423.6315732633,663610.837143217
2023-07-20,Apparel,458918.179586753,233754.09273307264,669228.3810841143
2023-07-21,Apparel,456386.54285527155,236269.3881276898,674195.8804284314
2023-07-22,Apparel,859092.7425383871,633811.0179192288,1074928.4564896834
2023-07-23,Apparel,869016.6093289331,642464.1582069551,1076993.9850759017
2023-07-24,Apparel,450845.05401579774,245256.28147818192,659108.7964821642
2023-07-25,Apparel,465661.29660191166,251883.94559548656,687840.0220309288
2023-07-26,Apparel,455203.0100031378,241106.53468207328,668340.1563513575
2023-07-27,Apparel,457833.7983932793,233256.9548083234,649760.2842099267
2023-07-28,Apparel,456930.95266319846,246964.51995246334,684190.3476318686
2023-07-29,Apparel,861146.0905576863,649068.4522279523,1059731.02390859
2023-07-30,Apparel,872447.4559320853,650393.8257010995,1090076.6137232638
2023-07-31,Apparel,455518.56399166177,239043.3150191387,665210.3225639106
2023-08-01,Apparel,471446.9740892554,243392.26234768375,675955.4830793896
2023-08-02,Apparel,461982.6507344309,243507.42574907557,680470.8300404595
2023-08-03,Apparel,465507.4808693904,246549.74270007643,681635.5682289241
2023-08-04,Apparel,465421.8324813719,244878.46348926952,684510.9968538521
2023-08-05,Apparel,870403.2855868,644554.6140047665,1079576.3663804876
2023-08-06,Apparel,882447.802152768,687899.3851235233,1110265.637119449
2023-08-07,Apparel,466265.52162189555,245762.2816932705,684071.6957913714
2023-08-08,Apparel,482967.5047226238,255030.8775773502,693564.4229509921
2023-08-09,Apparel,474323.20249770314,258072.05153714019,684448.4424336411
2023-08-10,Apparel,478727.4269039951,275781.5898261213,700695.2701119888
2023-08-11,Apparel,479585.67584086745,276677.0064460695,687009.5498690312
2023-08-12,Apparel,885571.4847110375,668676.4647224419,1090482.1542917746
2023-08-13,Apparel,898667.5519891082,683731.8539683312,1125117.7980657776
2023-08-14,Apparel,483560.299650923,277864.63923676126,689460.0465800269
2023-08-15,Apparel,501326.67794275586,278437.0480603265,725753.3403787006
2023-08-16,Apparel,493693.24132364825,294648.49991730234,703700.1183143434
2023-08-17,Apparel,499003.3948196231,287820.22721006407,717705.6008728562
2023-08-18,Apparel,500604.53079206607,284248.14119385264,719830.1056802545
2023-08-19,Apparel,907107.1585695356,680627.8361493651,1126684.824740343
2023-08-20,Apparel,920429.137630905,705482.054039315,1141954.2402225633
2023-08-21,Apparel,505192.0280952515,282448.04233810725,703973.552105979
2023-08-22,Apparel,522410.73453427776,335372.41342057,742935.2392132253
2023-08-23,Apparel,513756.6046786668,313743.45543681236,726916.0643465327
2023-08-24,Apparel,517526.8992714821,307513.1482217235,733747.4305218037
2023-08-25,Apparel,517035.1274465398,305109.0480400951,727176.1583141139
2023-08-26,Apparel,920872.7043222538,711334.0700683444,1139728.4445518511
2023-08-27,Apparel,930956.3483183251,717989.5136790847,1154291.0695760774
2023-08-28,Apparel,511925.5505139331,291218.7289782418,723064.0470873164
2023-08-29,Apparel,524833.6532217194,304621.72500334575,734431.4235044762
2023-08-30,Apparel,511412.8236079311,292169.7945103846,748425.3069104829
2023-08-31,Apparel,510042.94600492035,305793.14950062893,716293.0495716868
2023-09-01,Apparel,504141.71328059933,287100.6425181246,723659.5442579647
2023-09-02,Apparel,902424.8634183286,701592.110479697,1125130.2847149295
2023-09-03,Apparel,906952.2754473255,668577.4934758488,1119963.7746937068
2023-09-04,Apparel,482521.93894352106,273515.6813521676,685245.4543013313
2023-09-05,Apparel,490357.65389979485,255718.00429197747,688717.2337433709
2023-09-06,Apparel,472370.9073950065,265825.1511487912,682496.3763707537
2023-09-07,Apparel,467124.55866039766,264217.5133231677,691435.0617747766
2023-09-08,Apparel,458218.2646242206,249193.75294694392,679643.8935557853
2023-09-09,Apparel,854543.3667077358,636448.8668882301,1061796.5597442226
2023-09-10,Apparel,858324.3138648252,634579.8495839685,1080309.2128169038
2023-09-11,Apparel,434506.58741042024,222687.6559456197,660843.5980592554
2023-09-12,Apparel,444439.2350004951,243785.1393432281,657593.0475756319
2023-09-13,Apparel,430132.8160982392,209452.3515125148,639953.2099084259
2023-09-14,Apparel,430218.0876845492,198113.2916869225,645041.0812916209
2023-09-15,Apparel,428327.9722702153,216375.217087536,633387.596605765
2023-09-16,Apparel,833349.3526698676,617711.1197742271,1042519.5314118284
2023-09-17,Apparel,847463.094409845,625719.4336790999,1057000.5770593055
2023-09-18,Apparel,435530.1549845082,232839.95228475743,659194.9127243337
2023-09-19,Apparel,458774.0498444275,246908.14946312355,667033.992601167
2023-09-20,Apparel,459040.71648092166,244688.14383425566,661911.7905964684
2023-09-21,Apparel,474758.6599497653,252827.99984065004,688341.1485289813
2023-09-22,Apparel,489324.3667887051,278731.67084240564,719632.0622270155
2023-09-23,Apparel,911358.1725630101,690866.8568637173,1111933.2563280275
2023-09-24,Apparel,942750.1204060293,729130.7426514304,1161190.8035590767
2023-09-25,Apparel,548051.3212820448,319292.8313294585,756686.3149679593
2023-09-26,Apparel,588163.1407941227,363400.36259364954,788103.8721333946
2023-09-27,Apparel,604605.1519281681,381421.63630504534,800538.8115080222
2023-09-28,Apparel,635482.2270684248,421869.31099964835,848959.1974264146
2023-09-29,Apparel,663877.9514283863,416420.33974609163,879874.5064581982
2023-09-30,Apparel,1098118.0814570126,895755.5153912844,1327163.55567649
2023-10-01,Apparel,1139824.455832973,922545.79020473,1355556.6133333885
2023-10-02,Apparel,753312.7602766115,543464.3398036208,958747.5548727621
2023-10-03,Apparel,799288.0631499761,580939.3841478196,1023893.5533085344
2023-10-04,Apparel,819119.0836634219,594930.3636265867,1041328.1011982308
2023-10-05,Apparel,850809.2392044893,631972.4984021534,1058964.746023165
2023-10-06,Apparel,877393.6632753644,672965.8449035385,1091136.0615813304
2023-10-07,Apparel,1307204.6612586037,1089151.3062714476,1524556.7949778452
2023-10-08,Apparel,1341926.984440588,1134603.04115301,1546284.002001286
2023-10-09,Apparel,945994.3567434397,734262.8324534419,1163923.4468499634
2023-10-10,Apparel,980282.9854116589,763701.0919636313,1204363.22459263
2023-10-11,Apparel,986383.2162023352,778017.757870659,1213028.3025889785
2023-10-12,Apparel,1002565.3006716858,772671.8924932244,1225238.1745886842
2023-10-13,Apparel,1012170.716203414,794695.0428105895,1219172.0201810112
2023-10-14,Apparel,1423870.4990779425,1228561.7049490311,1630897.6447739343
2023-10-15,Apparel,1439713.1924758714,1219454.430904837,1638558.7333686668
2023-10-16,Apparel,1024512.1180761921,823030.6534309206,1231464.6987448763
2023-10-17,Apparel,1039529.7430684082,825303.7590969157,1254750.7992830933
2023-10-18,Apparel,1026740.7071319894,805890.03402631,1237581.2564657663
2023-10-19,Apparel,1024787.5760798875,809651.7114711528,1235702.1039257604
2023-10-20,Apparel,1017363.1575175357,789320.3211829753,1212203.157447049
2023-10-21,Apparel,1413459.9405403198,1191453.880742896,1626743.853826703
2023-10-22,Apparel,1415410.5502804571,1203823.4756708122,1616822.373181546
2023-10-23,Apparel,988267.2262560801,772245.6484939246,1212334.9310295943
2023-10-24,Apparel,993480.1173542948,769053.0950565987,1217122.9010195015
2023-10-25,Apparel,973156.2978513143,751826.0871365306,1182681.8076087139
2023-10-26,Apparel,966011.5658646959,740830.4618203173,1191338.356790022
2023-10-27,Apparel,955751.106300524,742701.8419296221,1176141.433020461
2023-10-28,Apparel,1351318.4992163756,1153021.1282784508,1565482.1641696673
2023-10-29,Apparel,1354938.0371505844,1143472.2854512436,1570790.9646734148
2023-10-30,Apparel,931496.4199175158,711988.8566439259,1146793.9206445217
2023-10-31,Apparel,942225.3767587879,723232.2885033183,1155809.7969712173
2023-11-01,Apparel,928967.1850635585,734342.0425128097,1133140.8687793817
2023-11-02,Apparel,930132.8630070254,722950.1743034815,1139618.6004145076
2023-11-03,Apparel,929091.0840126358,716454.5823798168,1146189.7304085384
2023-11-04,Apparel,1334425.9453565325,1115215.0139552427,1549157.3086041799
2023-11-05,Apparel,1347989.3752743767,1140453.6621437976,1553459.932713895
2023-11-06,Apparel,934292.0805683429,735163.4555714002,1149185.3736040608
2023-11-07,Apparel,954196.1449716617,745424.5335968742,1165182.4533231992
2023-11-08,Apparel,949191.1531635108,737503.1530196833,1155643.2231589034
2023-11-09,Apparel,957361.2154833537,753447.5462584547,1182279.0713923713
2023-11-10,Apparel,961782.8334670007,735644.563464845,1185969.9321909084
2023-11-11,Apparel,1370790.3633802873,1156855.3759062148,1581082.439367574
2023-11-12,Apparel,1386035.7042944655,1180098.8204024858,1596557.7738060178
2023-11-13,Apparel,971884.0153706396,760007.1338988882,1193924.7822348776
2023-11-14,Apparel,989110.2479730239,762923.4349991529,1196168.7208132125
2023-11-15,Apparel,979178.4314557837,771379.1062821889,1198018.8471842885
2023-11-16,Apparel,980208.9009299193,766839.3055355321,1189433.1464110862
2023-11-17,Apparel,975375.4368658724,775112.4210057243,1197195.7187874164
2023-11-18,Apparel,1373168.1661669458,1160224.045192064,1586410.2671236948
2023-11-19,Apparel,1375449.6554268987,1157112.392239769,1568767.11527252
2023-11-20,Apparel,946844.5506735957,737801.66510599,1159293.1817856736
2023-11-21,Apparel,948429.3609095041,746756.5733061275,1157098.5802126636
2023-11-22,Apparel,922004.3685017786,698414.2272835883,1129873.730621888
2023-11-23,Apparel,906051.5678203527,675578.3737852265,1126146.6704548583
2023-11-24,Apparel,884122.522099872,683808.5047003799,1086050.1418205774
2023-11-25,Apparel,1265091.2263774949,1039320.9474775742,1475033.8132939814
2023-11-26,Apparel,1251200.526300275,1010191.0848713401,1457420.5677067235
2023-11-27,Apparel,807441.4673555292,594992.0846595676,1013899.8222084745
2023-11-28,Apparel,795233.5585177105,579285.5023619297,1011515.4498984603
2023-11-29,Apparel,756688.2932269209,550636.2064309008,967279.1905106301
2023-11-30,Apparel,730558.7748373456,509496.46956916724,931285.8890236381
2023-12-01,Apparel,700620.8442104522,490675.868394486,914796.2386146274
2023-12-02,Apparel,1075920.2906054617,856302.7184975928,1287574.8459890268
2023-12-03,Apparel,1058815.4775512822,853983.4564900931,1265707.978179561
2023-12-04,Apparel,614353.7072420381,398556.58496396075,828893.9125625618
2023-12-05,Apparel,603950.4707413501,397613.520704502,840699.4420164913
2023-12-06,Apparel,569654.0491044292,344989.64630152885,783487.7620291876
2023-12-07,Apparel,550096.9941578403,338933.4624185324,772183.6930655363
2023-12-08,Apparel,528881.1111803558,307429.87921494787,737983.1606876499
2023-12-09,Apparel,914829.7237083489,702202.4255929393,1137681.052326704
2023-12-10,Apparel,910037.0370614717,704036.0543389738,1124559.3243550619
2023-12-11,Apparel,479251.5816421693,259699.18975647513,693153.3585687462
2023-12-12,Apparel,483563.76889784954,254484.2593882494,681448.3339447912
2023-12-13,Apparel,464680.9993203277,260507.61015190167,673937.2493536557
2023-12-14,Apparel,460884.7465410224,252583.77312210453,679492.1207438823
2023-12-15,Apparel,455428.41437968,242584.4916833857,671809.7564721798
2023-12-16,Apparel,856801.5364767319,652550.7375733377,1063591.249184209
2023-12-17,Apparel,866773.9089332412,661722.0454268758,1094692.2858554735
2023-12-18,Apparel,449800.58585565106,242456.95732048433,675306.0090327652
2023-12-19,Apparel,466728.0025022295,246962.11935391073,671980.4067842058
2023-12-20,Apparel,459043.01818650897,242542.11652329966,679520.5997716886
2023-12-21,Apparel,464861.1425243255,241905.8647871396,696356.5626146187
2023-12-22,Apparel,467317.4606829693,267678.92949653853,684323.7457311167
2023-12-23,Apparel,874841.9618730228,652514.3025417891,1085523.1268537815
2023-12-24,Apparel,889177.3069433417,675624.5401941956,1097468.482470822
2023-12-25,Apparel,474815.32863192464,266776.51184575044,671235.5749468635
2023-12-26,Apparel,492702.90914205334,284267.4352646025,694666.8743059325
2023-12-27,Apparel,484450.6404542294,264804.93652972224,696704.5083818896
2023-12-28,Apparel,488345.8870851326,283234.0399346713,702086.6656698347
2023-12-29,Apparel,487728.39779355424,281741.4783204362,725319.7365616853
2023-12-30,Apparel,891266.423574771,682545.7149620877,1092230.388349573
2023-12-31,Apparel,900939.7474361701,677665.3955352573,1114143.8069367486
2024-01-01,Apparel,481500.37990195595,266024.3352707038,686195.7995074105
2024-01-02,Apparel,494172.15310573403,288197.86686154956,711823.0390341746
2024-01-03,Apparel,480814.4028071582,264826.4397674213,684912.6366154156
2024-01-04,Apparel,479956.8425001976,269133.92661625944,704506.1280657123
2024-01-05,Apparel,475158.4892159264,243077.15816448446,686255.273172285
2024-01-06,Apparel,875284.8853040233,648644.4089333611,1079845.660323983
2024-01-07,Apparel,882458.3757881448,674357.0432468018,1085605.5760017838
2024-01-08,Apparel,461548.15402079065,245891.98520045268,672677.8599338686
2024-01-09,Apparel,473864.05482200655,251773.381420796,688956.405123334
2024-01-10,Apparel,461285.9543830411,245088.00005658198,679794.6192121346
2024-01-11,Apparel,462327.3240469622,242433.47761062934,664216.6857157929
2024-01-12,Apparel,460485.0297143363,247474.262069237,690841.6014436542
2024-01-13,Apparel,864535.6367446218,658631.4893278176,1076525.3954390716
2024-01-14,Apparel,876430.9943095156,663238.0435065089,1085547.2388662754
2024-01-15,Apparel,460857.0676438921,240994.59452276386,680893.2871785302
2024-01-16,Apparel,478957.5831315675,267994.13360506826,690344.6723131587
2024-01-17,Apparel,472369.74266653904,253758.04378606722,679816.165693928
2024-01-18,Apparel,479371.41204729764,274538.8866388447,700735.6982793311
2024-01-19,Apparel,483216.90275500563,266413.05085013754,697081.3711583925
2024-01-20,Apparel,892460.9584179716,687983.5519919985,1104049.1502685193
2024-01-21,Apparel,908797.0908809175,688827.9540462692,1142874.6804039413
2024-01-22,Apparel,496703.6268060122,277020.5282370674,709706.8875142408
2024-01-23,Apparel,517180.24461990397,288370.4522294977,728640.5939933072
2024-01-24,Apparel,511701.3748443285,311463.2961478737,740687.8423573227
2024-01-25,Apparel,518442.1364605211,338977.38010112906,737655.7603678352
2024-01-26,Apparel,520596.5321235804,299245.13123577606,726419.6334477315
2024-01-27,Apparel,926723.9979884375,708683.4072198416,1138075.9696139419
2024-01-28,Apparel,938523.9666830675,712252.1197109863,1137002.4671850414
2024-01-29,Apparel,520561.3814754375,307296.77831960924,748118.4331281637
2024-01-30,Apparel,534007.3777234623,318055.10665795376,762648.7718641959
2024-01-31,Apparel,520500.8731938834,315206.40674848657,719178.2010661283
2024-02-01,Apparel,518443.28293448145,306616.1168242085,724505.3459167778
2024-02-02,Apparel,511288.97567316744,288041.6608413156,723837.3171698824
2024-02-03,Apparel,907904.3496454535,712852.7328177016,1112875.6033292757
2024-02-04,Apparel,910272.6840987264,697582.2475074382,1126212.797027229
2024-02-05,Apparel,483275.6685528453,280395.8300494995,689587.5061483287
2024-02-06,Apparel,488453.5009974476,282730.0767029845,699856.3182772927
2024-02-07,Apparel,467748.0874480437,237692.03363576927,690877.2458281802
2024-02-08,Apparel,459871.2563179988,239746.98514917874,667922.4155409033
2024-02-09,Apparel,448560.3692336612,242972.612109177,677304.5324168288
2024-02-10,Apparel,842960.3830187378,631634.6377465845,1064004.8206723607
2024-02-11,Apparel,845207.0616895754,618615.8350417396,1054504.8421977442
2024-02-12,Apparel,420342.4906965659,209697.43073462506,644673.7625183995
2024-02-13,Apparel,430072.3227914835,216648.26275684108,648958.72503553
2024-02-14,Apparel,416354.66978687095,205428.76652528922,628474.8901702903
2024-02-15,Apparel,417889.88689487305,218075.0049856575,627246.7415183224
2024-02-16,Apparel,418337.0720862396,200831.3243887877,617191.1270355845
2024-02-17,Apparel,826729.4577426087,602484.7846076661,1038482.4314861773
2024-02-18,Apparel,844947.8463314665,641307.0984986606,1043374.2513016614
2024-02-19,Apparel,437774.92554729036,214669.1171002298,633399.5560637349
2024-02-20,Apparel,466667.04564938025,254872.80394996353,661587.8842469427
2024-02-21,Apparel,473198.024371864,248988.3085909361,688084.7373177847
2024-02-22,Apparel,495681.54480582953,272827.6996076579,698876.1254310727
2024-02-23,Apparel,517359.02928465407,302403.4636557761,726630.9851156942
2024-02-24,Apparel,946857.9939831679,719150.8905383928,1167768.8168206722
2024-02-25,Apparel,985564.2158398171,782341.8404426877,1221482.1879942995
2024-02-26,Apparel,597821.9871621063,386728.94490801677,812527.5592202004
2024-02-27,Apparel,644725.9874774447,432394.89390169387,877552.8537662865
2024-02-28,Apparel,667423.825068087,459415.59623166436,878930.0133400566
2024-02-29,Apparel,703873.0156863324,498821.2991966091,912588.6610807653
2024-03-01,Apparel,737007.3901678862,514613.38686578674,948399.169444183
2024-03-02,Apparel,1175223.6387459205,968679.2672791551,1387417.945967965
2024-03-03,Apparel,1219641.4429098621,1019425.8634973526,1419720.4138005762
2024-03-04,Apparel,834455.4477577092,625332.705517184,1038888.5306825778
2024-03-05,Apparel,880783.2630917125,684073.2202282365,1094593.165447812
2024-03-06,Apparel,899732.9138727994,697729.8766446098,1102261.4001808495
2024-03-07,Apparel,929343.4888161413,710392.4891449999,1147836.229827941
2024-03-08,Apparel,952686.2697989413,744853.9192337457,1164303.5363538256
2024-03-09,Apparel,1378432.6819713332,1158531.3526820885,1596539.4746842466
2024-03-10,Apparel,1407867.2655340242,1195939.318256514,1626045.9037252003
2024-03-11,Apparel,1005507.5002418908,780285.6271372136,1218160.6718467472
2024-03-12,Apparel,1032961.8770074126,813483.0340257528,1264970.9255984959
2024-03-13,Apparel,1031686.3430721179,821393.9618164564,1245699.7656614329
2024-03-14,Apparel,1040161.9773097041,820665.4623008606,1258594.061871089
2024-03-15,Apparel,1041910.1108580843,808392.0327799967,1240051.0897647275
2024-03-16,Apparel,1446114.392947482,1227642.005477276,1658654.1128813575
2024-03-17,Apparel,1454400.195307325,1242634.7225981997,1674836.5721829352
2024-03-18,Apparel,1031711.4510374764,825938.055764584,1239478.6737098352
2024-03-19,Apparel,1040176.2960154092,832688.0117378219,1250817.0662892575
2024-03-20,Apparel,1021551.9674929123,794247.1857984165,1242756.8957212882
2024-03-21,Apparel,1014640.9362537855,806410.113906883,1232588.0101273244
2024-03-22,Apparel,1003223.3788920853,783638.6442314797,1215094.4518526196
2024-03-23,Apparel,1396738.5568960933,1184932.033019404,1609996.9346817455
2024-03-24,Apparel,1396837.5459010508,1181309.5812848632,1601080.6225840352
2024-03-25,Apparel,968525.4880794901,745196.145246004,1182837.5132613124
2024-03-26,Apparel,974044.4816830772,761113.6415687924,1185639.5950909792
2024-03-27,Apparel,955017.629090898,750162.9143826648,1192716.075570744
2024-03-28,Apparel,950117.5856598275,727593.402751542,1165450.5544701968
2024-03-29,Apparel,942920.5922077814,738051.4581209051,1162146.9492475796
2024-03-30,Apparel,1342670.058264367,1114692.1806096074,1563643.2577504735
2024-03-31,Apparel,1350600.0112706816,1143148.9576389878,1562968.5520615564
2024-04-01,Apparel,931364.1657374537,721837.4500365134,1139478.0119364865
2024-04-02,Apparel,946958.7885575123,723186.8938409225,1163475.6392551176
2024-04-03,Apparel,938545.7701340667,722548.7130996404,1149045.931714102
2024-04-04,Apparel,944397.6829212987,721985.7809700895,1154620.1684779786
2024-04-05,Apparel,947688.4849527741,748635.3717317584,1151060.4283743086
2024-04-06,Apparel,1357334.2858973474,1137560.0440963313,1573200.2668895638
2024-04-07,Apparel,1374076.9189703488,1150017.7668448254,1599963.5530206778
2024-04-08,Apparel,962227.5322929414,743484.9127007655,1174390.965312879
2024-04-09,Apparel,983618.8009394621,765887.4469471612,1184144.2465923668
2024-04-10,Apparel,979092.4007914347,754168.8618605579,1193369.273535901
2024-04-11,Apparel,986731.4562726635,776034.0264144358,1185334.991361871
2024-04-12,Apparel,989570.5419036202,775977.1701474785,1192026.6513828686
2024-04-13,Apparel,1396513.95056864,1170826.7455588148,1611380.0019417596
2024-04-14,Apparel,1408168.0451201077,1207933.9094948787,1621005.9474415714
2024-04-15,Apparel,988889.6304374739,778993.8997116646,1193903.1652371832
2024-04-16,Apparel,1000757.0436798892,791801.0554158636,1222814.5691770182
2024-04-17,Apparel,984711.1215778847,771624.8540682893,1199869.0855960473
2024-04-18,Apparel,979063.9825834621,748967.4923127608,1202220.7936249473
2024-04-19,Apparel,967117.4222318934,767359.6209869805,1188380.895792997
2024-04-20,Apparel,1358148.218729342,1155835.0741422444,1578365.3681064942
2024-04-21,Apparel,1352979.5123342432,1136011.6120117211,1578350.4946874636
2024-04-22,Apparel,916325.1704592805,672395.8846949845,1124908.286486106
2024-04-23,Apparel,910775.8420894578,716434.6265026671,1130796.730857928
2024-04-24,Apparel,877575.8605407841,654235.1397081524,1089159.6655422633
2024-04-25,Apparel,855415.3880803244,632274.81875795,1071939.7834833218
2024-04-26,Apparel,827949.771037367,607508.8874253556,1039546.2895464347
2024-04-27,Apparel,1204859.11227223,978685.7874631415,1406584.4310993536
2024-04-28,Apparel,1187127.9023086803,973106.3809543296,1403892.6957623693
2024-04-29,Apparel,739718.7833243388,512109.3804197697,941879.9910640077
2024-04-30,Apparel,725589.551638895,498983.7361042836,922260.9299172417
2024-05-01,Apparel,686070.995476227,474424.91764838656,902301.0994065385
2024-05-02,Apparel,659972.1547511505,441668.1487676576,877122.4041024869
2024-05-03,Apparel,631002.2620465995,417565.2556662128,854760.5137052503
2024-05-04,Apparel,1008917.9400998581,808885.9418996015,1215804.7579817458
2024-05-05,Apparel,994504.853060435,771151.2474740939,1209336.3976688115
2024-05-06,Apparel,552614.7473670584,338175.09069379064,765943.3202966064
2024-05-07,Apparel,546210.642263399,317087.63020335184,758463.875952852
2024-05-08,Apparel,516343.51031392964,316102.34530118725,742629.3014232009
2024-05-09,Apparel,501596.12011791347,289594.36389210325,726481.0031159747
2024-05-10,Apparel,485410.55706074205,261339.2628441223,713803.5336744294
2024-05-11,Apparel,877330.6955495925,681300.3605987821,1102332.2178322214
2024-05-12,Apparel,877692.5082060809,676526.7687051218,1093641.5530276715
2024-05-13,Apparel,451029.8510194874,232509.50555448158,659231.8402494023
2024-05-14,Apparel,460152.0157797413,253126.699274944,673436.590090473
2024-05-15,Apparel,445722.04879448464,219991.24359501302,651536.1884476532
2024-05-16,Apparel,446040.54860208585,232187.01073389122,670689.2737313429
2024-05-17,Apparel,444278.71059167234,213248.06337028032,650133.3353606922
2024-05-18,Apparel,849814.6253720238,648369.0512895855,1080798.878244925
2024-05-19,Apparel,862629.4778339266,662075.0348359393,1083738.8027463763
2024-05-20,Apparel,447078.5913048596,227310.05326012862,654498.1480009722
2024-05-21,Apparel,465994.8527125457,252378.66721587596,676027.0819629917
2024-05-22,Apparel,459864.030159865,240058.9527669948,665337.9390435774
2024-05-23,Apparel,466941.6561307608,236193.30320313855,660997.9052313691
2024-05-24,Apparel,470384.110933198,265028.8233523898,673408.8027759134
2024-05-25,Apparel,879674.1538874687,675782.8266829458,1096392.941699692
2024-05-26,Apparel,894705.1636908314,678472.0415948629,1122273.365860522
2024-05-27,Apparel,479919.78914546163,259846.04211650032,686360.5776562111
2024-05-28,Apparel,498440.5920569641,273036.8091869223,727553.1909232202
2024-05-29,Apparel,490813.61497837445,278596.42341145256,721924.1951489514
2024-05-30,Apparel,495467.69957174733,270615.16618568107,713143.4080991824
2024-05-31,Apparel,495734.6266905105,284741.7688789861,701823.9013122984
2024-06-01,Apparel,901360.6657901041,694899.501091974,1100634.5776168944
2024-06-02,Apparel,912273.5019059234,697109.7791582615,1128078.0328351336
2024-06-03,Apparel,493091.5863171332,275978.56036548683,709040.5457069272
2024-06-04,Apparel,507275.26624634134,302371.09733473824,708949.4610677037
2024-06-05,Apparel,495442.6489482544,275411.2457752252,701399.8019665986
2024-06-06,Apparel,496171.81688329566,267622.00956425286,713272.983047316
2024-06-07,Apparel,492912.41393949144,279152.55096248,702830.8745756866
2024-06-08,Apparel,895586.489366835,670596.2718665742,1094052.289856599
2024-06-09,Apparel,904042.1483701059,677615.9712676886,1127604.350082028
2024-06-10,Apparel,482938.2552496287,272591.94003340864,691424.2190462298
2024-06-11,Apparel,495921.1584562286,277353.7291162381,700301.6420800228
2024-06-12,Apparel,483518.2469765198,260670.84705919996,692186.9768696447
2024-06-13,Apparel,484288.57317511394,259781.20022240916,718064.610983198
2024-06-14,Apparel,481631.33993428655,254296.46484951503,686239.5129049041
2024-06-15,Apparel,885481.2908444415,655747.843763725,1096730.305660472
2024-06-16,Apparel,895453.8937290717,670908.689766657,1106252.771148929
2024-06-17,Apparel,476109.77319951734,259757.55440323093,673632.0479588042
2024-06-18,Apparel,491160.8306387832,278579.4745988959,691299.9122929991
2024-06-19,Apparel,480944.36452067894,256303.04742319597,698638.5589488052
2024-06-20,Apparel,483924.3961739739,268265.73889717093,692991.0805923811
2024-06-21,Apparel,483398.4078076339,265916.70446230826,682330.6104161489
2024-06-22,Apparel,889287.843048877,681726.4158198109,1105218.1732954136
2024-06-23,Apparel,900974.3717848297,699285.7238325519,1119015.5590699185
2024-06-24,Apparel,482943.1632224632,265895.76477162435,689075.180392629
2024-06-25,Apparel,499016.51136673713,297849.03680669324,707677.993221654
2024-06-26,Apparel,489405.85135540337,274694.10272180964,699002.6332329354
2024-06-27,Apparel,492560.91324721475,284550.8192082703,693942.970779202
2024-06-28,Apparel,491771.19079740945,281735.98685228167,686786.7190687865
2024-06-29,Apparel,897047.7921391132,686078.1245455298,1125682.1224674475
2024-06-30,Apparel,907646.8152904684,693945.8975634009,1114693.890018594
2024-07-01,Apparel,488087.5175567282,252708.10334931008,703617.4953665528
2024-07-02,Apparel,502409.56651825376,283487.2935800494,723965.223666814
2024-07-03,Apparel,490799.3107499453,278556.39013715513,710623.1641737707
2024-07-04,Apparel,491783.46448467986,272065.3889538668,707216.9067741942
2024-07-05,Apparel,488722.45554404025,267649.95877354406,697709.4419986634
2024-07-06,Apparel,891781.3036202367,691916.8479368916,1102009.7407341101
2024-07-07,Apparel,900138.376414507,695760.1076217795,1107487.1994708832
2024-07-08,Apparel,478377.35974837217,270401.71939343563,700527.1213332941
2024-07-09,Apparel,490767.69192178285,293064.52932877676,716790.8740558664
2024-07-10,Apparel,477465.2965982817,268792.44011582574,696148.9463930981
2024-07-11,Apparel,477051.6300947396,274412.7133795768,693727.1640147667
2024-07-12,Apparel,472920.38565680804,245250.47176007932,682551.5989281232
2024-07-13,Apparel,875339.2307388623,657458.2860704447,1093609.8330450004
2024-07-14,Apparel,883346.0943624391,675998.5081425533,1084054.0561623839
2024-07-15,Apparel,461517.8189386873,264299.7866504561,672020.9691524473
2024-07-16,Apparel,474277.3386326785,265056.675405738,698550.8086525182
2024-07-17,Apparel,461670.62390469166,249141.4373226513,684856.6733191789
2024-07-18,Apparel,462255.0090991164,236905.38611298086,675757.7690923064
2024-07-19,Apparel,459381.7594484158,228720.22156275122,675365.8185691935
2024-07-20,Apparel,863352.1409910498,651440.1926394941,1071760.9560506865
2024-07-21,Apparel,873001.9774072997,673912.554914679,1101786.082350347
2024-07-22,Apparel,452850.8595454729,245826.6210118613,680157.7105369475
2024-07-23,Apparel,467437.0986703464,255769.147749196,685498.6601173172
2024-07-24,Apparel,456670.9451434523,235162.04007248924,684238.6913355041
2024-07-25,Apparel,459073.6447697149,243142.70451202145,659981.9606851403
2024-07-26,Apparel,457955.59612639074,247229.2486967644,669056.0582810388
2024-07-27,Apparel,863665.9622072075,646509.3825656814,1071469.9146769557
2024-07-28,Apparel,874864.5851829652,658134.7360857708,1088958.055611011
2024-07-29,Apparel,456050.1074602152,246604.24827111737,670484.3313223463
2024-07-30,Apparel,471920.7263604692,258244.47901819996,671600.0835271847
2024-07-31,Apparel,462301.3983730276,241553.0765321273,655696.2586603346
2024-08-01,Apparel,465731.11329066753,250427.230628866,678747.170127082
2024-08-02,Apparel,465534.0096929948,253481.79781954398,688592.6020377704
2024-08-03,Apparel,872159.8808181995,675614.9868703719,1094698.1787591458
2024-08-04,Apparel,884140.8912877702,674783.5707303798,1102949.1304243226
2024-08-05,Apparel,465996.24905926106,223141.34828529428,670884.0835234346
2024-08-06,Apparel,482616.6934096575,269849.09989464894,688917.7044096892
2024-08-07,Apparel,473763.99589883006,258647.55794187536,689071.1886526489
2024-08-08,Apparel,478005.21609211445,260620.87095243746,694399.975652583
2024-08-09,Apparel,478676.048402491,268950.1002098168,689491.4873561823
2024-08-10,Apparel,886312.043344493,675464.6396150478,1101382.4319945895
2024-08-11,Apparel,899290.5138503246,691996.0047711825,1113262.4448740035
2024-08-12,Apparel,482112.70854237105,262945.1101882537,712504.1267964145
2024-08-13,Apparel,499813.52266468777,297647.54211598635,727941.2983292323
2024-08-14,Apparel,492035.28046331205,282662.60621275054,706285.837350616
2024-08-15,Apparel,497311.3858727444,288787.8081004051,706623.4570867134
2024-08-16,Apparel,498924.66275780246,286770.82933550014,706083.3358882244
2024-08-17,Apparel,907432.3041451513,691705.5442488759,1122633.3181749263
2024-08-18,Apparel,920996.1232084701,704728.4180083697,1136866.7713304083
2024-08-19,Apparel,504045.40749511204,294376.9978499504,716683.2019993245
2024-08-20,Apparel,521714.93671708385,295993.58962342324,728582.4648543638
2024-08-21,Apparel,513495.9126982242,311029.3052862382,735124.8748922092
2024-08-22,Apparel,517871.5358959614,304311.3368676606,735312.5367120771
2024-08-23,Apparel,518072.4256708463,326988.36406128446,735465.7532950494
2024-08-24,Apparel,924696.8429211229,708088.6087828,1137549.2281804045
2024-08-25,Apparel,935730.2088248478,698271.5324027978,1145096.5955887877
2024-08-26,Apparel,515588.8787096329,305509.1238842248,748896.9555299339
2024-08-27,Apparel,529585.9806796177,308120.40951721417,756159.3041435912
2024-08-28,Apparel,517158.26562305266,316041.3352911237,734433.0592628922
2024-08-29,Apparel,516851.6486754771,297695.90669599554,746236.008509734
2024-08-30,Apparel,511971.04862938763,289682.7025933819,721996.7892401553
2024-08-31,Apparel,913292.5813049517,704525.9018968083,1117350.5746200248
2024-09-01,Apparel,918768.4835167619,709110.6904656066,1120494.9070500317
2024-09-02,Apparel,492947.4877286606,292580.25330366055,713636.1753919144
2024-09-03,Apparel,501463.82875332516,283735.8051141557,722635.8262907543
2024-09-04,Apparel,483835.16497189854,283104.9869248186,701344.0935068512
2024-09-05,Apparel,478793.18923858536,259695.1497396919,702503.3824982517
2024-09-06,Apparel,469823.1014049742,252352.0791953331,688918.3138025837
2024-09-07,Apparel,867963.254448259,653202.4389517145,1092172.7338289204
2024-09-08,Apparel,871191.3890510324,665270.6588442661,1081162.331380091
2024-09-09,Apparel,444218.0861656764,231064.8409426726,661352.9767495589
2024-09-10,Apparel,452996.1253465223,231635.4340505606,664164.2441524132
2024-09-11,Apparel,437087.48456258053,239276.41478904636,659099.6783874646
2024-09-12,Apparel,435337.94901459804,218513.8200166447,649397.0572424115
2024-09-13,Apparel,431306.1367572943,224024.7285034321,660689.5264929254
2024-09-14,Apparel,836151.552685215,609758.3602746625,1042140.5517356251
2024-09-15,Apparel,847704.1368472415,631817.3636844559,1078241.093476994
2024-09-16,Apparel,430633.82826378784,218619.15720815203,642816.9082303982
2024-09-17,Apparel,450984.2880883403,251113.98915818374,662171.2287412324
2024-09-18,Apparel,448113.8905719476,231824.2154645966,669481.93544241
2024-09-19,Apparel,460720.03149629425,234669.1345520203,689847.5482082855
2024-09-20,Apparel,472164.0605134629,245293.13321782215,685026.4344428262
2024-09-21,Apparel,893454.5880881979,684249.777194282,1098380.3464721069
2024-09-22,Apparel,922007.5043265237,713172.6660840848,1136308.3247581013
2024-09-23,Apparel,522198.9282706004,314016.44985726516,750538.9005633201
2024-09-24,Apparel,559930.4842883459,340912.83372258017,781710.192031302
2024-09-25,Apparel,574151.1802730274,362018.5693990541,778082.5074678472
2024-09-26,Apparel,603237.815571923,387887.6240385202,796631.8543561292
2024-09-27,Apparel,630221.5287004925,410710.3869006122,836075.2586124034
2024-09-28,Apparel,1065871.1941974745,858650.6198200512,1278728.221275083
2024-09-29,Apparel,1107147.717118474,913756.4119197811,1325506.461830896
2024-09-30,Apparel,718143.0057115412,517614.6294039286,946644.7320214302
2024-10-01,Apparel,764678.1678856445,551473.8246764963,988181.5340668363
2024-10-02,Apparel,785406.298945756,566738.899329214,997091.1227192483
2024-10-03,Apparel,818547.6329449229,630147.1323770632,1038728.5879331668
2024-10-04,Apparel,847014.9729173457,628918.5104827302,1066532.237031894
2024-10-05,Apparel,1281593.109905907,1070613.8656915235,1484395.696777079
2024-10-06,Apparel,1319082.0682654746,1113344.0000462744,1526408.442430753
2024-10-07,Apparel,923615.640263438,693792.0517821137,1149661.150107162
2024-10-08,Apparel,961285.0498931804,745392.4552462008,1191558.6993942184
2024-10-09,Apparel,970814.3891961615,755989.9605729929,1193163.1310825776
2024-10-10,Apparel,990641.6527468567,780034.0349790286,1207670.5361881177
2024-10-11,Apparel,1003933.8154706587,789414.2331974527,1218419.8953064529
2024-10-12,Apparel,1421852.9077116235,1201158.4955435118,1628184.4906878232
2024-10-13,Apparel,1441378.963813096,1218367.8828693125,1656741.845625137
2024-10-14,Apparel,1026999.2404595186,809136.0119704267,1229997.862531602
2024-10-15,Apparel,1045349.0847825703,820297.8210702753,1261816.3680468574
2024-10-16,Apparel,1035452.6029274556,821828.9242058002,1245820.6935770782
2024-10-17,Apparel,1036143.2209564684,806364.1136016297,1257083.503662943
2024-10-18,Apparel,1030963.2999202894,811873.0019658942,1237714.5142201271
2024-10-19,Apparel,1431513.1583932564,1227357.2733279057,1656251.4542595171
2024-10-20,Apparel,1434951.5367677766,1213244.4962002186,1649468.9246630352
2024-10-21,Apparel,1006054.9120544316,787791.9518231225,1230839.822703059
2024-10-22,Apparel,1011876.6198734788,815931.7499933619,1218341.056908564
2024-10-23,Apparel,991555.4340666299,778307.7310567116,1220856.9683820808
2024-10-24,Apparel,984079.9098560818,772079.8381168045,1201467.9901444193
2024-10-25,Apparel,973078.2731470248,765524.9022245537,1183625.2184983431
2024-10-26,Apparel,1370257.4713928238,1169349.6064627885,1593335.7348945106
2024-10-27,Apparel,1372589.4026245885,1165205.9719565886,1592918.3340369028
2024-10-28,Apparel,944749.5351977287,721930.1368972107,1161082.842084942
2024-10-29,Apparel,953804.2139439243,733671.8973370634,1173520.377118003
2024-10-30,Apparel,938597.5432726663,714320.0113863846,1138072.8800543377
2024-10-31,Apparel,937870.0934790638,709462.9675743273,1153340.6926156
2024-11-01,Apparel,934949.5512003269,723687.8574913965,1139088.4888222148
2024-11-02,Apparel,1341289.910081639,1123422.4836333871,1552873.5796765666
2024-11-03,Apparel,1353352.9265196836,1124765.6678280348,1561893.809524679
2024-11-04,Apparel,935434.5992246544,702066.2441374863,1137014.3483025674
2024-11-05,Apparel,954388.0711616057,733097.7895244323,1168409.6272043807
2024-11-06,Apparel,948594.8787066615,757276.2025226939,1152990.4201513508
2024-11-07,Apparel,956442.5649071335,731593.5775526381,1186674.7169126829
2024-11-08,Apparel,960918.9850275697,740347.2507232358,1169594.9261041493
2024-11-09,Apparel,1373252.7955637518,1164964.0934732093,1605486.193611852
2024-11-10,Apparel,1389489.5204484472,1180370.542789455,1624821.9393756269
2024-11-11,Apparel,973703.5087667466,753025.4600052505,1197200.746817401
2024-11-12,Apparel,992752.342330058,782293.5680368001,1208213.5398269852
2024-11-13,Apparel,984826.7565476204,767509.9797046356,1195622.0093700169
2024-11-14,Apparel,988280.0104758816,779178.8794341763,1193384.78212181
2024-11-15,Apparel,986117.4302137742,755147.6279331329,1184930.7647557405
2024-11-16,Apparel,1389728.7360150255,1190933.22895659,1598219.8604678186
2024-11-17,Apparel,1395148.469049742,1176958.218893152,1599534.4854147716
2024-11-18,Apparel,966642.6633807777,747968.6519581989,1185138.883403337
2024-11-19,Apparel,971483.771895868,762061.1745649877,1182864.5715880168
2024-11-20,Apparel,948068.3455708749,720027.983547011,1160517.5630731962
2024-11-21,Apparel,935087.6169745784,717452.768621532,1166564.9553140074
2024-11-22,Apparel,915902.394568508,675728.7793237357,1126430.435127862
2024-11-23,Apparel,1302358.2662318985,1111325.743306495,1529653.423034815
2024-11-24,Apparel,1290722.593979089,1088759.1152604637,1516293.3709139961
2024-11-25,Apparel,845639.4886143982,628090.0052125101,1062733.7979257347
2024-11-26,Apparel,834920.3975673829,602469.121356474,1043012.6105235444
2024-11-27,Apparel,797226.3726175957,571927.8120233319,992081.9182509736
2024-11-28,Apparel,771578.4683774883,553559.0948381788,987311.6097142829
2024-11-29,Apparel,741618.396531927,528424.3212334282,945375.7031174592
2024-11-30,Apparel,1119508.8084653653,901371.8749234957,1335200.7714279117
2024-12-01,Apparel,1101550.790793884,898697.0457228561,1321888.0691234982
2024-12-02,Apparel,652512.6944399256,446882.81313148764,847942.7534173456
2024-12-03,Apparel,640443.3988680417,422254.3272252052,867513.889832345
2024-12-04,Apparel,603927.4490493299,374630.49430634594,829010.3851261473
2024-12-05,Apparel,581944.5844893176,370176.3863820825,788759.8708067168
2024-12-06,Apparel,558026.2438968387,330522.64446810907,776112.7329500706
2024-12-07,Apparel,944251.5112399586,736380.7427021818,1148502.3661235215
2024-12-08,Apparel,936555.8959225358,722332.6700412245,1145772.5505591172
2024-12-09,Apparel,499444.700274718,266564.69603040244,700210.1379526274
2024-12-10,Apparel,500839.2484643308,275807.21562752145,694149.3438516483
2024-12-11,Apparel,478914.50103891117,259995.7820908252,693859.2106802101
2024-12-12,Apparel,472316.3785507147,259965.86886201723,691520.699656529
2024-12-13,Apparel,464221.5991428736,244278.89585428554,682983.3709317545
2024-12-14,Apparel,866435.3856238532,640716.0916376954,1067797.2139463886
2024-12-15,Apparel,874396.0791621024,646406.1042860356,1087001.4848599478
2024-12-16,Apparel,452275.9257545644,229198.63194484834,667703.799149359
2024-12-17,Apparel,467861.40989452007,243447.14322191628,684168.3609693672
2024-12-18,Apparel,458972.7236597061,243776.87303915838,683427.8760100559
2024-12-19,Apparel,464036.5261883902,247228.4945117565,685331.7733514609
2024-12-20,Apparel,466045.09631853306,252672.66356188565,672830.0735426641
2024-12-21,Apparel,876750.2472464419,659519.0710352401,1095327.7959116367
2024-12-22,Apparel,891356.8516562585,685810.3515238764,1103817.860612726
2024-12-23,Apparel,474002.96182928,263132.7389176027,701301.4483461224
2024-12-24,Apparel,492665.2375118193,279326.75938784756,704129.5842650193
2024-12-25,Apparel,485150.5975248733,284802.6532566596,695421.829227847
2024-12-26,Apparel,490014.363434957,261967.05186913954,704982.7562898142
2024-12-27,Apparel,490408.5878907547,281244.1951285762,721684.1078774513
2024-12-28,Apparel,898362.2432734942,674349.3885109659,1100610.8879819112
2024-12-29,Apparel,909154.2171461303,699481.5438944804,1126273.6269135529
2024-12-30,Apparel,487164.0889217766,264389.5165177617,698003.8333617473
2024-12-31,Apparel,500794.98763977585,282865.8992772524,713857.6599489638
2025-01-01,Apparel,488030.9932210496,281591.45670410624,720090.2531012397
2025-01-02,Apparel,487695.64526383847,270036.7356366796,684787.987986301
2025-01-03,Apparel,483185.9825586123,268186.4627094337,696388.4619846324
2025-01-04,Apparel,886837.1909670582,666355.643293644,1072949.6401214637
2025-01-05,Apparel,893974.950995681,689422.4084163667,1114222.000833623
2025-01-06,Apparel,469138.4465938313,249399.7908038743,670748.3584944803
2025-01-07,Apparel,481023.86978235183,240539.19078494603,691391.2307389233
2025-01-08,Apparel,467612.3294664774,243227.6223082509,683046.5840500903
2025-01-09,Apparel,467774.87872953207,249703.69604635792,679535.8957857415
2025-01-10,Apparel,464899.6279713566,248239.7617231466,692837.9982966536
2025-01-11,Apparel,871349.2017244522,634761.9275871336,1096937.9793621672
2025-01-12,Apparel,882201.5244667442,666230.237473304,1101026.2274302363
2025-01-13,Apparel,461854.6115678889,247006.60689269425,678435.6237730276
2025-01-14,Apparel,479000.44831513526,252663.61855319707,684074.9540261863
2025-01-15,Apparel,471333.01964792516,247425.3448640491,685288.6223985304
2025-01-16,Apparel,477509.066383473,260081.12278708196,714858.1123897588
2025-01-17,Apparel,480676.8023096666,258533.27885223948,698086.9422847943
2025-01-18,Apparel,893033.7725259529,667039.6188940133,1107250.7455846528
2025-01-19,Apparel,909262.5019219602,680943.7380308649,1125807.3335092478
2025-01-20,Apparel,493522.1279556393,277916.2042698279,701903.545366113
2025-01-21,Apparel,514456.1922990502,316708.82275755383,731885.4126101626
2025-01-22,Apparel,509482.695841994,310442.735547067,718656.6742365384
2025-01-23,Apparel,517110.78974679345,292494.82341452665,735551.8775808571
2025-01-24,Apparel,520369.5892086976,325774.2541065455,756495.5430167814
2025-01-25,Apparel,931463.2484690052,713155.0930314164,1139669.6898068239
2025-01-26,Apparel,944896.6946900755,729487.5807712468,1165644.2803522728
2025-01-27,Apparel,524847.8652467564,307777.791614469,744891.0484643437
2025-01-28,Apparel,540201.890477899,334134.29559288564,759878.6680052688
2025-01-29,Apparel,528414.5826737126,322810.2385920717,743272.0604471333
2025-01-30,Apparel,528175.6478573701,323406.2754566254,743891.3062041297
2025-01-31,Apparel,522727.63162159687,309587.09516956325,745464.6204941242
2025-02-01,Apparel,924607.9858008157,705278.5415925807,1128473.9584801844
2025-02-02,Apparel,928454.7016485146,712545.084265418,1135176.6901807648
2025-02-03,Apparel,498749.3046136969,291580.1072583071,719252.6804907407
2025-02-04,Apparel,504868.2123253606,281834.20015122154,687789.7857812821
2025-02-05,Apparel,484511.34865671775,273830.018590946,703163.5009585961
2025-02-06,Apparel,476704.725567174,263305.12247133267,699156.4857880189
2025-02-07,Apparel,465003.74816580827,267212.96969889494,695483.2863697651
2025-02-08,Apparel,862318.0592921426,642138.2997355398,1062127.4009667386
2025-02-09,Apparel,863394.5550541559,640901.1139311177,1057122.4873160934
2025-02-10,Apparel,432930.40683056135,223775.19634938534,634243.3829653225
2025-02-11,Apparel,440642.69026122853,238799.49154249462,661247.8220107241
2025-02-12,Apparel,424265.03351243417,203106.5568274945,649607.7087712063
2025-02-13,Apparel,422894.2272044937,218108.23318805714,631356.660397507
2025-02-14,Apparel,420084.1808248449,207618.64522191632,638412.6742276466
2025-02-15,Apparel,828761.309462863,620947.0656410232,1036684.2706235865
2025-02-16,Apparel,843393.9631831022,618082.9368367213,1049360.4313782393
2025-02-17,Apparel,428485.5328047087,217276.74448674533,647426.1677649741
2025-02-18,Apparel,453673.1588083376,207563.82190885377,663833.5903855191
2025-02-19,Apparel,456303.6793020429,235351.83611394168,670265.4228592766
2025-02-20,Apparel,475135.67960330716,259142.10794179735,696507.4649071798
2025-02-21,Apparel,493335.3410284092,277386.9794073917,706380.2901460776
2025-02-22,Apparel,923493.1264290034,727039.4159853156,1152629.1956874863
2025-02-23,Apparel,959489.5934727212,742964.6653184937,1171528.2491851875
2025-02-24,Apparel,565377.4856470609,347311.5869454672,783895.9381208082
2025-02-25,Apparel,610517.0999637509,399203.6688919853,841567.2626640883
2025-02-26,Apparel,631737.5723719635,415085.4110652639,841944.021622161
2025-02-27,Apparel,667398.6865652973,464167.0976587174,872432.3664068766
2025-02-28,Apparel,700291.08618759,484204.3155832011,913833.7597911825
2025-03-01,Apparel,1142754.801761069,930944.5812896537,1364047.8149896702
2025-03-02,Apparel,1188240.0348835504,976814.5779226377,1385510.1040528151
2025-03-03,Apparel,800574.8925167857,590555.7122547344,1006093.5169325899
2025-03-04,Apparel,849132.2223158537,633989.0820758933,1054479.6276538484
2025-03-05,Apparel,870569.3259203453,661275.7047685166,1090139.6979607106
2025-03-06,Apparel,903241.0773137434,680133.1054142058,1110620.3762419645
2025-03-07,Apparel,929994.7297814552,717370.1973565846,1141805.375392742
2025-03-08,Apparel,1363379.4542806416,1156561.0644508498,1571724.5075792863
2025-03-09,Apparel,1396890.490743341,1181526.5130492141,1608562.2522769808
2025-03-10,Apparel,994610.4570995127,796069.8990405475,1213048.584543089
2025-03-11,Apparel,1026395.4413815477,826984.1562576896,1231599.853090152
2025-03-12,Apparel,1029181.116555805,812421.7129929053,1241834.4542715538
2025-03-13,Apparel,1041735.6489136574,829339.7117854231,1261313.4251927612
2025-03-14,Apparel,1047338.3958987558,835119.7274232599,1267181.989434005
2025-03-15,Apparel,1459070.854675546,1230126.5449961387,1673502.1643438628
2025-03-16,Apparel,1470735.9391480782,1252675.023931007,1686067.0929754393
2025-03-17,Apparel,1046866.2025858748,847421.0765548475,1263092.8212974411
2025-03-18,Apparel,1057924.2833397978,830421.8908065029,1277054.3672613907
2025-03-19,Apparel,1041172.4059606596,826130.9950021097,1250869.6203760076
2025-03-20,Apparel,1035764.0312684992,822968.9294277157,1249501.730463227
2025-03-21,Apparel,1025307.3892815061,814069.7035560563,1250405.3864957949
2025-03-22,Apparel,1423240.7467448644,1207586.468619269,1636962.4332220813
2025-03-23,Apparel,1423431.6021390017,1211021.5199760182,1621656.839051473
2025-03-24,Apparel,990558.3661437338,771927.1102944046,1193068.261236904
2025-03-25,Apparel,995333.2786237327,806159.0924946127,1217313.22232311
2025-03-26,Apparel,974944.7668588534,771996.436516311,1200296.8934617052
2025-03-27,Apparel,968498.4051301215,754158.6426774667,1191654.6362050741
2025-03-28,Apparel,959476.6629242148,735038.0183332738,1167958.3239954237
2025-03-29,Apparel,1361210.3784044413,1143343.969042724,1577011.4756783664
2025-03-30,Apparel,1367169.9473395797,1147019.9445603064,1587321.47072383
2025-03-31,Apparel,941732.4047068169,721750.1728236416,1165111.8771629198
2025-04-01,Apparel,955438.3071725903,745015.019515903,1158798.8413497969
2025-04-02,Apparel,945017.6908156719,727657.3759835174,1150823.806585629
2025-04-03,Apparel,949190.049817841,745055.5229376155,1151312.4524091333
2025-04-04,Apparel,951028.725222274,732704.6949637422,1146285.105061989
2025-04-05,Apparel,1363535.5098079517,1153399.148212165,1574629.828465979
2025-04-06,Apparel,1379629.082792323,1166956.5614724483,1583849.3355555867
2025-04-07,Apparel,963300.9432019275,740907.895232376,1197335.1185298099
2025-04-08,Apparel,984907.828996177,785452.6560226049,1206352.0908126826
2025-04-09,Apparel,980780.938729658,756988.3257312451,1194889.3691345383
2025-04-10,Apparel,989382.7115398587,762798.8950412004,1197251.7794577943
2025-04-11,Apparel,993571.8311263003,785506.722497174,1195498.796228359
2025-04-12,Apparel,1406275.2520699687,1177884.4257777294,1599304.351755461
2025-04-13,Apparel,1420166.6528201397,1217841.4531351568,1634157.4389021187
2025-04-14,Apparel,999202.6823933662,784619.4040167526,1213881.8913369305
2025-04-15,Apparel,1013941.3066093578,805021.9357582261,1227637.758728397
2025-04-16,Apparel,1000723.8796549818,780621.3249366388,1234552.6038874309
2025-04-17,Apparel,998177.7923334041,802602.6839995167,1208671.871280184
2025-04-18,Apparel,989370.9359350082,775083.7394367366,1196033.738502086
2025-04-19,Apparel,1387570.0718969079,1174019.2316282925,1621660.0672427015
2025-04-20,Apparel,1385598.5964651816,1175779.8989008036,1601384.0258974987
2025-04-21,Apparel,947743.0464744234,754223.3607141682,1159114.1694310522
2025-04-22,Apparel,945088.2309665735,740933.6799955843,1161492.097948827
2025-04-23,Apparel,914264.1557682443,694389.0229373558,1128615.735445759
2025-04-24,Apparel,894287.8865648895,695208.3130431048,1122914.0961348773
2025-04-25,Apparel,868602.3224793184,647550.7441089606,1082411.8466334306
2025-04-26,Apparel,1250917.3791827238,1037324.5010610609,1464767.3410506293
2025-04-27,Apparel,1234245.2272880685,1031079.7730790375,1467348.7804469836
2025-04-28,Apparel,783176.9360345603,547440.8149661431,985048.4014307644
2025-04-29,Apparel,769235.9638120088,550298.0735974105,971847.7851153237
2025-04-30,Apparel,729193.136206031,515896.1085520077,964366.4582443427
2025-05-01,Apparel,702252.4403652179,483184.6190786346,923393.2399557024
2025-05-02,Apparel,671980.1902355432,452757.19931574975,893967.5760477238
2025-05-03,Apparel,1052236.2852193252,822648.3336458075,1262555.9957512172
2025-05-04,Apparel,1035895.1499531044,821392.077183613,1259510.5225225226
2025-05-05,Apparel,587501.4716201271,368413.0883519012,799037.2343939266
2025-05-06,Apparel,578651.4797507535,371312.1223414045,808489.8217444789
2025-05-07,Apparel,545885.6205774838,333207.2422092587,773523.7122925866
2025-05-08,Apparel,528227.8745248093,315692.30092308996,738730.8757871386
2025-05-09,Apparel,509014.5964546183,294182.54592118814,726649.1985024519
2025-05-10,Apparel,901924.5803686689,691574.8230792023,1115185.3797136338
2025-05-11,Apparel,899393.6534319249,681020.5422954782,1116526.5894732918
2025-05-12,Apparel,465656.48302808416,247465.27304855883,677419.8974181204
2025-05-13,Apparel,472161.47668231174,256898.50493788012,683768.2903914824
2025-05-14,Apparel,455045.70475331665,243463.16435201146,651766.2470228066
2025-05-15,Apparel,453030.9186362062,232098.5572823124,654015.6269411313
2025-05-16,Apparel,449153.8135533778,213116.51383577287,664859.0630849679
2025-05-17,Apparel,856895.2019605797,640766.4157151914,1071442.6448994668
2025-05-18,Apparel,868287.1452709801,660753.7166831341,1075893.8442326537
2025-05-19,Apparel,447338.35950761463,230854.2820887338,653558.563609655
2025-05-20,Apparel,465479.01062272367,252516.67209359718,678009.6838789033
2025-05-21,Apparel,458613.0411013266,243034.45495533236,648583.2456606752
2025-05-22,Apparel,465365.08690321684,239518.40147097458,693402.6172819553
2025-05-23,Apparel,468705.5887634436,263375.94892978924,670698.6247973337
2025-05-24,Apparel,882171.9310128723,646685.222463034,1095242.8066345104
2025-05-25,Apparel,897660.6126482515,668388.3606405238,1099145.9222559913
2025-05-26,Apparel,479228.6171907261,272157.3165001858,695203.5502412979
2025-05-27,Apparel,498560.55066196807,280442.4197026211,723181.1906633176
2025-05-28,Apparel,491591.11086408276,276258.7777680942,699102.6360878875
2025-05-29,Apparel,497096.12978004524,283842.9437819369,724437.0266989676
2025-05-30,Apparel,498206.4254277905,282189.81378762756,725736.0439047606
2025-05-31,Apparel,908715.6172800055,693639.3077884787,1115793.4730482216
2025-06-01,Apparel,920552.9931331971,692185.5646203107,1142398.1118017917
2025-06-02,Apparel,497957.540502707,278445.82549745636,714600.6987078735
2025-06-03,Apparel,512965.2281823497,307041.60215130367,728486.326337463
2025-06-04,Apparel,501600.55177704507,275576.2098751257,713113.7476588819
2025-06-05,Apparel,502811.7628816842,290203.46680002083,720224.3083884405
2025-06-06,Apparel,499874.6127178386,284979.0528723772,721051.8965009764
2025-06-07,Apparel,906789.0164409244,713168.3697224386,1114106.816902769
2025-06-08,Apparel,915435.7120441447,696838.1538066159,1127889.1790054638
2025-06-09,Apparel,490126.85165499814,281429.18068591744,710146.9911144164
2025-06-10,Apparel,503117.98492658476,283134.3026828004,712853.245734097
2025-06-11,Apparel,490373.7410054918,286243.26672429714,694826.2182299733
2025-06-12,Apparel,490852.6380701513,275285.4923640342,711068.3939337236
2025-06-13,Apparel,487806.2720147619,275068.06021615217,701268.9694122225
2025-06-14,Apparel,895270.3689988414,686978.7685197938,1102085.4425062158
2025-06-15,Apparel,904910.5937098545,687974.4278393915,1130021.4853307402
2025-06-16,Apparel,480954.71810851106,275319.90653518017,687897.8505889149
2025-06-17,Apparel,495733.8417684971,283861.27556474536,699045.6951636102
2025-06-18,Apparel,485026.1391945438,270164.3041058146,715717.8047036807
2025-06-19,Apparel,487694.47112418665,257461.19496963552,707230.8217149134
2025-06-20,Apparel,486883.4557261073,279658.26109564194,697134.9914048401
2025-06-21,Apparel,896606.5132107161,694664.4370615033,1102538.6445801712
2025-06-22,Apparel,908281.5714599763,682156.365828686,1123120.1698797129
2025-06-23,Apparel,486044.7099683679,270853.7082361807,691534.1542533947
2025-06-24,Apparel,502319.69674062607,286996.4154283233,712211.6332809884
2025-06-25,Apparel,492738.119835908,279974.3016117364,709793.8696680157
2025-06-26,Apparel,496127.43850002275,297759.39266252646,710179.4143581905
2025-06-27,Apparel,495602.99368298444,292456.65908357676,714327.6595009434
2025-06-28,Apparel,905247.6357145739,694623.3838844025,1119018.1189900269
2025-06-29,Apparel,916333.5798221141,684377.7115808205,1145950.868032292
2025-06-30,Apparel,493013.57401089725,270611.90463948785,709914.6283002592
2025-07-01,Apparel,507914.735219713,280538.70711619745,729658.1944002354
2025-07-02,Apparel,496631.11779014196,275739.17713573965,712627.0539710145
2025-07-03,Apparel,498058.4571814848,280683.818595495,705594.6988307828
2025-07-04,Apparel,495377.69255162886,278687.80463747756,719704.1978522197
2025-07-05,Apparel,902824.1762743765,686630.3422004567,1114555.2612192847
2025-07-06,Apparel,911593.1931866079,700076.9686503442,1128771.977508669
2025-07-07,Apparel,485906.75066598493,255195.27363367038,700789.1080249236
2025-07-08,Apparel,498630.4445730228,279887.85698566015,692679.821070028
2025-07-09,Apparel,485337.85254447965,251982.413912699,687314.6468308227
2023-01-01,Beverages,76250.90535247407,59962.59050380572,93205.50309645571
2023-01-02,Beverages,43459.29725931806,28026.65761596813,59541.03663215419
2023-01-03,Beverages,44453.926053843876,29045.49113492385,60046.71181197116
2023-01-04,Beverages,42484.67666877969,26599.327360752814,58551.670929361746
2023-01-05,Beverages,44072.76037344386,28146.033017182457,59985.058714764345
2023-01-06,Beverages,44618.75505439474,28515.563594509647,60535.20014720688
2023-01-07,Beverages,76281.82758398613,59511.6147326461,91002.0611348037
2023-01-08,Beverages,76612.63930896486,61095.00571470118,92823.6378460885
2023-01-09,Beverages,44029.88837357926,28905.527392628177,59107.83398410648
2023-01-10,Beverages,45251.816285402856,28608.66386768954,61423.62963638314
2023-01-11,Beverages,43512.49601168661,27085.92126717827,58604.29886979572
2023-01-12,Beverages,45327.051149838175,29514.131000673104,61432.5046533471
2023-01-13,Beverages,46087.125361217055,29754.98957968861,62239.94952722028
2023-01-14,Beverages,77951.61775272945,62116.16420825015,94113.72259341866
2023-01-15,Beverages,78448.92272486625,62279.53611356371,93695.83371550418
2023-01-16,Beverages,45990.31148815299,29981.40566131848,62291.666631251275
2023-01-17,Beverages,47303.423609071244,31094.550157354584,62816.14682610742
2023-01-18,Beverages,45608.35197760615,30361.675035133765,61714.97113390769
2023-01-19,Beverages,47417.59653808413,30620.565767266165,63867.96631773964
2023-01-20,Beverages,48118.897003322105,31655.459198549095,64382.24499897326
2023-01-21,Beverages,79877.36565662692,63624.42155041355,95510.13788700727
2023-01-22,Beverages,80206.89891510343,64572.4503657591,97171.3039913877
2023-01-23,Beverages,47520.19248170781,31720.372390441327,62709.16909558282
2023-01-24,Beverages,48563.97490998872,31912.671211466488,65708.45828841774
2023-01-25,Beverages,46554.61579740921,29945.554018770952,61588.196881455995
2023-01-26,Beverages,48012.51751097082,32214.1063133332,63963.19443706395
2023-01-27,Beverages,48332.00026042204,32762.870620029382,64722.88256882618
2023-01-28,Beverages,79694.51618323763,63488.774204128465,95613.37532708436
2023-01-29,Beverages,79608.9207405328,64480.20596616329,96094.51846571859
2023-01-30,Beverages,46497.8231100257,30354.964346380144,61525.845841211085
2023-01-31,Beverages,47134.2866187419,31018.142380878373,62468.01047005236
2023-02-01,Beverages,44736.716109936235,28912.39146875354,61565.95901113197
2023-02-02,Beverages,45837.483274614795,30956.409616174078,62166.607831248024
2023-02-03,Beverages,45839.7056993444,30393.10677519176,60960.17792583779
2023-02-04,Beverages,76941.43573017624,61642.188472262846,93690.8092224758
2023-02-05,Beverages,76644.7403347685,61946.26332590481,92368.82932218809
2023-02-06,Beverages,43378.39487866185,29590.08827298416,59679.63411300181
2023-02-07,Beverages,43936.11661389238,28490.776896878968,58275.468728427826
2023-02-08,Beverages,41530.85545534727,26245.748362331276,58138.364439807505
2023-02-09,Beverages,42697.83340825831,26870.72077556864,59434.673658458305
2023-02-10,Beverages,42838.448716256746,27801.67691852561,59327.53333641754
2023-02-11,Beverages,74155.71605572237,58008.70760157213,90468.0670885766
2023-02-12,Beverages,74132.46935518229,58785.35828788632,90930.16808520691
2023-02-13,Beverages,41190.74278498712,25922.001224563704,56166.62012508441
2023-02-14,Beverages,42131.90117026627,26200.05362045086,58290.36757872632
2023-02-15,Beverages,40150.70760116896,24469.14739853101,55518.57906948543
2023-02-16,Beverages,41773.14937815248,25867.23950769026,57974.63251068809
2023-02-17,Beverages,42387.82784138557,28038.1800267506,59548.40537378242
2023-02-18,Beverages,74192.9880115969,58501.60288217642,89919.91841973872
2023-02-19,Beverages,74644.14988207293,58000.29421337707,90237.06327417833
2023-02-20,Beverages,42150.440195856114,26722.197920295905,57088.78018807661
2023-02-21,Beverages,43516.83314555093,27077.971597352982,59261.519641442515
2023-02-22,Beverages,41918.15102919397,25888.2623638517,56990.59609629943
2023-02-23,Beverages,43871.770367772,28741.717714671246,59432.25035640893
2023-02-24,Beverages,44756.524835759345,28453.817905220243,61363.25204299023
2023-02-25,Beverages,76771.28367352768,61105.42470936124,93044.7854579512
2023-02-26,Beverages,77351.90276664449,62105.9371854918,93474.9038927649
2023-02-27,Beverages,44904.33255316594,28206.34713270257,61070.08445132591
2023-02-28,Beverages,46248.732303806784,32338.305313737637,63896.380085277335
2023-03-01,Beverages,44553.11067079653,28120.252828856534,59944.54722230346
2023-03-02,Beverages,46340.57001582046,29633.13322969195,61684.29486138408
2023-03-03,Beverages,46995.340352568885,31912.480451846415,61790.884001098624
2023-03-04,Beverages,78732.49461495031,63045.85744738807,94074.11056725463
2023-03-05,Beverages,78983.78865556921,63049.81889856239,96258.81049068308
2023-03-06,Beverages,46167.10758864776,30672.857703321755,62758.693313570286
2023-03-07,Beverages,47132.020911395426,30398.630479196276,61802.17030571044
2023-03-08,Beverages,45052.647401413844,29649.463548131607,61440.597894119375
2023-03-09,Beverages,46469.05121683342,31713.13765178921,62792.17070198505
2023-03-10,Beverages,46780.06046994278,30937.400512653465,63058.404901741786
2023-03-11,Beverages,78223.82321937327,62544.18219383543,94414.73720482261
2023-03-12,Beverages,78232.29937635985,62307.45315001807,94615.00436555869
2023-03-13,Beverages,45236.87485181967,28981.715877188883,60964.709905431206
2023-03-14,Beverages,46115.25883777443,30560.4095529026,61255.465249276334
2023-03-15,Beverages,44043.549925020816,28862.889336407192,60450.00048777499
2023-03-16,Beverages,45571.83797163957,28856.739340058437,61030.378984759765
2023-03-17,Beverages,46103.937880597296,30876.947166816615,62285.72700513737
2023-03-18,Beverages,77888.99081555779,62933.23659011974,93424.7801562943
2023-03-19,Beverages,78344.88173157247,62789.533700600565,94483.85606695448
2023-03-20,Beverages,45900.357618246446,29521.593661843788,61889.078806340214
2023-03-21,Beverages,47443.65739122619,30444.646568421667,63634.41322036123
2023-03-22,Beverages,46134.21387752884,29321.69634794342,61157.43206674768
2023-03-23,Beverages,48512.92904761502,33211.50484484498,64863.99505427507
2023-03-24,Beverages,49969.31133240104,34914.638899726284,67669.8100123872
2023-03-25,Beverages,82744.61820911606,65329.9574701477,98197.03203187604
2023-03-26,Beverages,84224.6902249316,68000.12542990623,99275.74409514906
2023-03-27,Beverages,52819.04568880557,36487.682745438426,69441.33998029627
2023-03-28,Beverages,55411.684368240116,39308.093165809056,71796.95016645812
2023-03-29,Beverages,55132.823571627974,38492.534220772985,71489.90172542479
2023-03-30,Beverages,58504.19093437874,41687.516135807324,73890.7322381157
2023-03-31,Beverages,60893.846188243224,44947.28493179722,77241.71012786865
2023-04-01,Beverages,94531.07494380872,77703.99514611423,110728.03211580239
2023-04-02,Beverages,96768.77210790786,79553.91566108301,112206.17893338532
2023-04-03,Beverages,65999.56501149492,51341.793679936476,82374.28472514349
2023-04-04,Beverages,69108.76053437675,53790.80485668377,84688.29628218194
2023-04-05,Beverages,69206.00297790654,53779.86324577556,85326.82876498668
2023-04-06,Beverages,72805.3928395081,56077.22486699712,88463.55803398555
2023-04-07,Beverages,75267.72719436997,59908.42657247976,91218.49739594858
2023-04-08,Beverages,108826.81132378896,93035.02926247576,123861.95773607434
2023-04-09,Beverages,110820.99937986022,93886.65032414289,126152.72341277912
2023-04-10,Beverages,79645.9052308807,64858.934524845296,96557.57547672345
2023-04-11,Beverages,82209.01525359054,67522.91508548171,98176.72970651324
2023-04-12,Beverages,81620.76571275594,66536.4540159611,97853.47220886986
2023-04-13,Beverages,84408.97386127691,68735.08630606307,101208.00103701459
2023-04-14,Beverages,85947.9853200397,70518.8338955856,101530.93958783062
2023-04-15,Beverages,118495.90732000572,101689.42190547327,134393.71311051084
2023-04-16,Beverages,119394.83864891753,103306.57000726523,134624.7777876151
2023-04-17,Beverages,87059.74058803957,71114.55127250116,103071.81319491532
2023-04-18,Beverages,88434.33908022859,72048.80011927609,105312.72931584752
2023-04-19,Beverages,86641.3059377141,71840.00227904126,103375.65338338747
2023-04-20,Beverages,88230.75551767895,71756.22840170846,103378.86484670802
2023-04-21,Beverages,88596.12671626505,72251.71989469395,103976.11046936874
2023-04-22,Beverages,120022.2440792739,104396.45332888587,134816.73049511577
2023-04-23,Beverages,119854.22309802729,102982.80867255192,136800.85571838703
2023-04-24,Beverages,86522.56776278956,71683.47506327345,101463.80899462114
2023-04-25,Beverages,87000.5056361673,72587.89989673231,104013.13042202395
2023-04-26,Beverages,84413.48853825727,67601.7574076711,98941.6648728039
2023-04-27,Beverages,85322.03701179885,69459.66255376625,100002.66828950167
2023-04-28,Beverages,85124.6965448288,69131.08272977397,101076.21276112692
2023-04-29,Beverages,116117.31419785527,100574.93271483085,131200.2990070667
2023-04-30,Beverages,115631.04350802785,100351.65769078219,132201.23570307324
2023-05-01,Beverages,82094.11828761488,66370.23512303633,97377.06949354261
2023-05-02,Beverages,82491.08234288292,66437.769091595,99274.75446171314
2023-05-03,Beverages,79932.07117360728,64193.796232536755,96580.77493962903
2023-05-04,Beverages,80970.45339970113,65198.412918617796,97184.03721599618
2023-05-05,Beverages,80993.28542721401,65274.70388303917,98363.26189772792
2023-05-06,Beverages,112292.19199478986,96659.6810859717,127920.5270651999
2023-05-07,Beverages,112170.81318805438,95677.7783142841,128683.52634773358
2023-05-08,Beverages,79043.54247659347,62109.67298665338,94573.57578580746
2023-05-09,Beverages,79896.87760261123,64747.55000929297,95725.54503023296
2023-05-10,Beverages,77818.64322289746,61988.61377152695,94422.30255682234
2023-05-11,Beverages,79350.51945830068,64323.3084051479,95118.92639538964
2023-05-12,Beverages,79866.01425922751,63090.132651848966,95467.55484267305
2023-05-13,Beverages,111652.897127422,95508.66684329657,126415.01332710267
2023-05-14,Beverages,111989.97039841759,95520.67634140048,127714.16587881856
2023-05-15,Beverages,79282.5914056091,62860.599670610936,94578.0982886993
2023-05-16,Beverages,80525.90853262549,64682.08808056341,96154.9406902068
2023-05-17,Beverages,78793.74127103588,61642.48639135202,94601.43967938254
2023-05-18,Beverages,80625.6738978867,63750.763374347254,97145.63272077183
2023-05-19,Beverages,81392.19552001193,65117.60178118937,97709.93309754251
2023-05-20,Beverages,113388.32006784774,97765.05990897355,129229.32713566582
2023-05-21,Beverages,113879.30893505347,97828.60098495691,130599.28863417268
2023-05-22,Beverages,81272.61067066588,64684.60798090875,98164.53904705921
2023-05-23,Beverages,82582.63253369593,67733.22072988904,96979.35120274438
2023-05-24,Beverages,80878.95450576536,65061.499701947854,96534.30229568489
2023-05-25,Beverages,82707.70258784454,66840.0057297254,99163.01784288295
2023-05-26,Beverages,83443.61540802369,67195.60537394581,98543.96638551513
2023-05-27,Beverages,115394.6613333313,99325.47564867145,131121.3355464006
2023-05-28,Beverages,115816.58012186908,99458.80108420413,132213.6949027451
2023-05-29,Beverages,83121.16830166796,66705.99004699771,98459.11264365634
2023-05-30,Beverages,84342.57572840826,68833.34803287023,100229.79898207597
2023-05-31,Beverages,82544.9047027308,66366.8728404739,98161.26056897454
2023-06-01,Beverages,84277.97274833209,68722.07637053519,100782.29310585733
2023-06-02,Beverages,84916.47044546177,69018.17527883357,101171.14170212473
2023-06-03,Beverages,116775.78924064356,100160.85251194602,131834.98145565487
2023-06-04,Beverages,117095.6372811476,101115.31794576615,132264.89012104727
2023-06-05,Beverages,84284.9586443291,66617.10558753644,99769.49317791047
2023-06-06,Beverages,85390.06646495475,71275.54634886404,102249.36233149741
2023-06-07,Beverages,83461.95182805083,67167.42946930262,100147.27517297569
2023-06-08,Beverages,85046.76311387305,70005.17349636694,100101.45831808078
2023-06-09,Beverages,85512.37380362111,68849.03824033467,100855.68838527749
2023-06-10,Beverages,117175.72089770637,101346.31676720722,132948.12186094158
2023-06-11,Beverages,117255.76611722398,102052.58053138356,132498.6814937365
2023-06-12,Beverages,84155.28237407102,69428.35408534242,100286.3440256045
2023-06-13,Beverages,84931.01121406832,70244.43244833853,101337.28509623231
2023-06-14,Beverages,82620.81713506827,66349.25485194543,98010.09762679752
2023-06-15,Beverages,83768.96211653377,68112.36094067236,98548.9682051185
2023-06-16,Beverages,83740.10189555789,68342.19739446435,99605.08994527679
2023-06-17,Beverages,114858.09205727658,98913.73343516295,131644.98904549784
2023-06-18,Beverages,114328.19085160247,98249.57385628154,131253.82390521155
2023-06-19,Beverages,80555.55077496378,64468.44119523179,97170.87653170418
2023-06-20,Beverages,80617.18415908357,64965.804370051854,97414.46801149579
2023-06-21,Beverages,77548.6986782174,61829.890407393876,93305.39018131254
2023-06-22,Beverages,77904.06218274203,62663.52187190714,94383.26269299308
2023-06-23,Beverages,77056.69078866561,60842.25811073446,92864.5196312978
2023-06-24,Beverages,107349.36399729652,92824.5061940556,123905.02952942708
2023-06-25,Beverages,105985.29911310122,88901.0704912725,122587.86749244576
2023-06-26,Beverages,71382.97754994649,55029.56746382237,87363.89288949389
2023-06-27,Beverages,70649.55899160604,55233.81222702263,86408.74717533437
2023-06-28,Beverages,66826.86025794224,50158.55316323188,82440.32776504259
2023-06-29,Beverages,66485.304767797,49562.194842483535,81585.54962970392
2023-06-30,Beverages,65011.83849974547,48567.57169921299,81565.79745053612
2023-07-01,Beverages,94770.74037122514,78040.57131844539,109324.10502557243
2023-07-02,Beverages,92963.41172831757,76662.53720710803,108686.08988515785
2023-07-03,Beverages,58019.443554784426,42347.750625763125,73873.057889976
2023-07-04,Beverages,57071.45180032645,41517.83317204822,73066.28721490056
2023-07-05,Beverages,53160.34044402758,36331.94435862418,69753.5251188007
2023-07-06,Beverages,52863.544553711516,36959.09956749938,68478.95118228262
2023-07-07,Beverages,51569.94921584224,36017.490323886945,67732.07976836765
2023-07-08,Beverages,81651.83215234998,66145.9106754841,96813.46023443362
2023-07-09,Beverages,80293.66162785699,63404.594826100656,97055.61484554682
2023-07-10,Beverages,45919.74703597259,28919.677085718024,61181.909296974365
2023-07-11,Beverages,45670.87827635115,29133.06597835659,61091.29726284849
2023-07-12,Beverages,42569.28442082345,26675.602835399404,58848.583895571704
2023-07-13,Beverages,43181.6025426297,29202.523556023018,58808.86303707116
2023-07-14,Beverages,42881.2380691332,26492.89840524732,58244.99840236568
2023-07-15,Beverages,74031.87498412735,58367.21164483471,90037.95292561821
2023-07-16,Beverages,73785.69905686459,57986.77891892834,89411.6849576226
2023-07-17,Beverages,40548.02406474573,24335.582717089415,57444.031795677955
2023-07-18,Beverages,41456.08724131795,26452.38206789089,57795.39833411073
2023-07-19,Beverages,39504.0072193888,23662.012959600175,54080.965411846795
2023-07-20,Beverages,41240.72732875891,26231.545626019724,58021.7176554072
2023-07-21,Beverages,42020.00180097604,26738.086330215076,58188.850530547985
2023-07-22,Beverages,74195.58938821028,57054.70080900167,89841.36162693889
2023-07-23,Beverages,74888.94625523947,59062.52931614424,90892.25472771739
2023-07-24,Beverages,42490.79860369599,27739.19280604599,58363.1502881679
2023-07-25,Beverages,44141.99236594728,28540.00662662193,60518.448692643666
2023-07-26,Beverages,42818.2785181357,27276.454411922827,58760.3386022537
2023-07-27,Beverages,45062.99335516754,29279.463936974942,62245.909623466316
2023-07-28,Beverages,46224.37374366983,29816.334308546382,62529.513776802036
2023-07-29,Beverages,78662.08591629133,62038.19283066536,94108.58343350551
2023-07-30,Beverages,79483.9976053297,62936.37050762947,94379.24727633255
2023-07-31,Beverages,47084.274850442875,30468.286920226295,62141.899008109394
2023-08-01,Beverages,48625.84313392791,32356.717796718156,64466.815225980514
2023-08-02,Beverages,47084.54839806392,33213.20767961599,63165.95364261879
2023-08-03,Beverages,49016.125789630874,33184.02182840543,64376.111735461425
2023-08-04,Beverages,49780.410236176125,34359.61486686867,66911.05030722739
2023-08-05,Beverages,81758.79293423527,66305.64844393925,98099.60595566366
2023-08-06,Beverages,82059.70226155195,65668.4911132456,99097.54514156011
2023-08-07,Beverages,49092.90025083779,33203.081362383164,65132.280547876435
2023-08-08,Beverages,50053.285198150734,34721.31962947893,66092.16883258124
2023-08-09,Beverages,47924.220172957,32159.445342416973,63971.391667406664
2023-08-10,Beverages,49278.64728563985,33469.349691068266,64232.38590234682
2023-08-11,Beverages,49490.1205467028,33221.74276321446,64933.58209716133
2023-08-12,Beverages,80961.18713203695,65804.99000818223,95801.94422207138
2023-08-13,Beverages,80797.64420496875,65735.65739223715,97220.93286159246
2023-08-14,Beverages,47419.168917306204,31786.886913816383,63222.98858328732
2023-08-15,Beverages,48044.659465172634,31235.861214200053,63287.97853846709
2023-08-16,Beverages,45654.98466385089,30142.87019638197,61699.167468809894
2023-08-17,Beverages,46828.546340523324,31339.092727399886,62411.48773312822
2023-08-18,Beverages,46939.477377185234,32195.983273611582,62888.55566262245
2023-08-19,Beverages,78397.32117664978,61913.17353580501,94391.09600118255
2023-08-20,Beverages,78290.45773705645,61963.54343618718,94521.33026004465
2023-08-21,Beverages,45033.4695055511,29404.790320044296,60012.04598896492
2023-08-22,Beverages,45854.421130705116,30882.405420455674,61870.98552826106
2023-08-23,Beverages,43717.41741759191,26768.117177048982,59519.75288968338
2023-08-24,Beverages,45192.977880284176,28812.49533488538,60796.791232297415
2023-08-25,Beverages,45643.73116369341,30102.129988904126,61167.50947146079
2023-08-26,Beverages,77475.68255940232,60944.126894264344,93432.77949748673
2023-08-27,Beverages,77751.05060832042,62271.32722704391,93513.33376134015
2023-08-28,Beverages,44872.55574126081,28510.986087903093,60505.76234741544
2023-08-29,Beverages,46072.76853131022,29915.264182465125,60802.006666844165
2023-08-30,Beverages,44296.539354367436,27909.92133167913,59662.6282193745
2023-08-31,Beverages,46106.19557580309,29171.637446510173,61550.126921371884
2023-09-01,Beverages,46854.67532046268,30017.446887886483,62295.06872923873
2023-09-02,Beverages,78948.27597407752,62503.553160122,96391.8400003089
2023-09-03,Beverages,79428.71734960201,62217.57137391209,96275.65761047733
2023-09-04,Beverages,46694.157709174986,31143.91409681408,64082.58875311065
2023-09-05,Beverages,47990.364279411195,32639.70663918943,65062.343905275644
2023-09-06,Beverages,46252.700318759,30318.700703495866,61169.49896213439
2023-09-07,Beverages,48045.85343126862,31585.47910252687,63657.34709996734
2023-09-08,Beverages,48724.07719173938,32451.80041892529,63584.42794202791
2023-09-09,Beverages,80705.09571117356,63556.413552110076,96420.6791279422
2023-09-10,Beverages,81021.05956723081,65618.4995291294,98152.50570685323
2023-09-11,Beverages,48075.99309160003,31533.763071985668,63554.06718130853
2023-09-12,Beverages,49138.49203086271,32809.26581653044,65360.79582478402
2023-09-13,Beverages,47143.00751668529,31065.37596800128,62432.830707102046
2023-09-14,Beverages,48663.89365053657,32378.34396978052,64584.09751123407
2023-09-15,Beverages,49062.57916500041,33010.719954435466,65397.48232491401
2023-09-16,Beverages,80772.49995108244,65430.13411640193,96137.12920417023
2023-09-17,Beverages,80818.86979896616,66212.60406645351,96245.75619899659
2023-09-18,Beverages,47612.532327709036,31814.48665814268,63002.772462029294
2023-09-19,Beverages,48444.21014027243,32704.44717080201,64395.27495451335
2023-09-20,Beverages,46245.15913065729,30687.85851084291,61680.01321366354
2023-09-21,Beverages,47595.654554665394,30280.63786075507,62969.190618295164
2023-09-22,Beverages,47859.25309120334,31944.822329517,63952.12006970424
2023-09-23,Beverages,79478.94906964627,63475.859245725784,95070.29454456702
2023-09-24,Beverages,79465.98450308178,63304.51542783384,94869.82802694573
2023-09-25,Beverages,46230.35074252899,30322.683360735777,61414.080571061706
2023-09-26,Beverages,47076.848479462875,31697.34178560076,64846.029312877436
2023-09-27,Beverages,44925.37541029187,28902.565412141746,61182.90967626777
2023-09-28,Beverages,46354.1113588498,29878.182377666326,63201.98226790718
2023-09-29,Beverages,46721.11950066995,30894.258378320144,62766.03002276089
2023-09-30,Beverages,78471.95677747727,63112.52026686101,93128.12701959736
2023-10-01,Beverages,78597.72619307887,62378.013565935624,94441.97848826276
2023-10-02,Beverages,45502.40334492251,29883.63668477205,60538.448558786324
2023-10-03,Beverages,46500.84308769628,30797.9942019366,61911.68806828436
2023-10-04,Beverages,44498.796170909045,29307.46205251667,60629.06504810737
2023-10-05,Beverages,46070.84911869727,30474.30050386725,62592.5707542169
2023-10-06,Beverages,46569.3756460365,30782.844960066708,60925.128709738914
2023-10-07,Beverages,78443.57009923545,62436.121790613775,93748.74421323604
2023-10-08,Beverages,78666.66993233922,63407.30496569365,94422.67338921687
2023-10-09,Beverages,45639.99696834052,30476.05570960547,61962.09410737907
2023-10-10,Beverages,46692.76736463557,30350.66148470075,61973.021066618654
2023-10-11,Beverages,44721.66518312267,29803.23792534721,59908.02736919673
2023-10-12,Beverages,46303.34269651773,29794.047224959926,62681.38743674974
2023-10-13,Beverages,46790.51198715204,31156.31063791765,63086.91029321926
2023-10-14,Beverages,78642.18282159562,63181.835231758065,93773.91409840433
2023-10-15,Beverages,78819.83541361598,62406.943052626586,95367.43559350779
2023-10-16,Beverages,45727.96245973653,29646.52973272591,61608.34987222368
2023-10-17,Beverages,46715.481347879075,30621.618113902,61596.052495754004
2023-10-18,Beverages,44674.68297227153,28061.64329821064,59530.561315385996
2023-10-19,Beverages,46188.13592398938,28812.809864191397,61683.03788274389
2023-10-20,Beverages,46611.79178122563,29414.60034172425,61247.97009739851
2023-10-21,Beverages,78416.33491676814,63132.20189618672,95518.51102147439
2023-10-22,Beverages,78552.24951916831,62953.04397917902,95526.13136858892
2023-10-23,Beverages,45426.84484544419,29577.897919328076,61246.74099279333
2023-10-24,Beverages,46407.290726086394,31892.957376635335,61835.217222592546
2023-10-25,Beverages,44378.9996422218,27304.464588265313,60396.891792922484
2023-10-26,Beverages,45927.028759881825,28916.79872397681,61925.913303730726
2023-10-27,Beverages,46406.32450759614,30169.004200564388,62147.51588642494
2023-10-28,Beverages,78294.33779021379,63465.07142186902,95322.93719100129
2023-10-29,Beverages,78525.16066301697,61667.19647318902,93999.62725401638
2023-10-30,Beverages,45503.22759372472,30456.54445186069,62663.573417755884
2023-10-31,Beverages,46608.17636556239,30704.75752673325,61408.247230162015
2023-11-01,Beverages,44712.86842252957,28103.987425515486,61176.01049095871
2023-11-02,Beverages,46399.49108075022,29833.266592026706,63472.506365971625
2023-11-03,Beverages,47017.132799835126,31480.833325624746,63228.05935490091
2023-11-04,Beverages,79045.8387355361,63860.6207642817,94477.38058955931
2023-11-05,Beverages,79399.96934303951,63304.039796500416,95304.27340901528
2023-11-06,Beverages,46478.70256170712,30925.575221670795,62665.54130943251
2023-11-07,Beverages,47672.81317365827,31718.081722712643,64329.082797977295
2023-11-08,Beverages,45842.389634276806,29711.695441469397,62476.56617288395
2023-11-09,Beverages,47567.657812329046,31930.553481964183,64825.90880250101
2023-11-10,Beverages,48193.87063385123,32834.61563682956,63486.11448022085
2023-11-11,Beverages,80206.75040214958,63472.23590800672,95493.532346593
2023-11-12,Beverages,80504.98013499539,65827.88274291258,96526.88726626571
2023-11-13,Beverages,47487.38464708736,31463.4626452985,62501.348223457884
2023-11-14,Beverages,48561.477358747165,32270.418915703427,64245.20776006885
2023-11-15,Beverages,46580.69843991077,30508.25754627067,62671.2942212255
2023-11-16,Beverages,48129.76637992812,32841.750642263345,64522.0569409844
2023-11-17,Beverages,48556.675766919434,32865.45768866386,64842.60557958967
2023-11-18,Beverages,80359.31477991372,64408.90606390255,95734.91824004009
2023-11-19,Beverages,80426.8781837139,64116.828135580254,96482.68892250596
2023-11-20,Beverages,47163.524853842304,31175.85852216486,62712.63893261179
2023-11-21,Beverages,47998.50417589777,32572.198601316577,63487.645879239404
2023-11-22,Beverages,45782.7471917917,30281.747546437287,61226.37997521018
2023-11-23,Beverages,47108.60529483544,31912.675653619095,63925.705457600096
2023-11-24,Beverages,47328.84585316781,31292.357201670344,64048.39628989776
2023-11-25,Beverages,78954.36920553232,63812.129436979245,95091.61251569331
2023-11-26,Beverages,78864.5045467146,63102.63409303358,94649.1632256138
2023-11-27,Beverages,45467.14513296575,30341.024806944893,61642.96462679545
2023-11-28,Beverages,46210.49348424717,30358.193124724457,62132.20977881277
2023-11-29,Beverages,43939.0826993955,28436.479948184395,59125.16404064894
2023-11-30,Beverages,45248.01594756633,29757.128423390983,61504.61549141581
2023-12-01,Beverages,45489.105341751325,28900.49449354486,60684.214321535466
2023-12-02,Beverages,77179.86217169481,60603.4096537668,92925.66836908474
2023-12-03,Beverages,77182.87181420682,61395.07844402574,92326.94876928971
2023-12-04,Beverages,43902.619286172856,27621.44129597316,59556.5024613944
2023-12-05,Beverages,44799.075733379315,30358.76146101852,62642.10254557578
2023-12-06,Beverages,42703.37519508119,26696.477944695136,58256.53273844196
2023-12-07,Beverages,44206.77581242948,28720.71767324792,60483.44272830649
2023-12-08,Beverages,44654.15144992503,28225.32434755926,59105.80230181539
2023-12-09,Beverages,76564.44649043762,60383.104053959294,92586.82421623793
2023-12-10,Beverages,76779.2967066664,60133.037946360295,92648.7610929041
2023-12-11,Beverages,43696.682218838636,27683.618501309276,58729.22482894631
2023-12-12,Beverages,44786.45786838745,28679.57555101004,60973.86844711659
2023-12-13,Beverages,42865.750058957216,26502.10532407371,59557.53850239923
2023-12-14,Beverages,44522.663957469405,28977.991333689726,59188.378831055714
2023-12-15,Beverages,45097.1107714509,29310.152672700908,60719.8850854666
2023-12-16,Beverages,77112.6688204202,61098.94380928547,93777.65057673882
2023-12-17,Beverages,77394.35232471972,61025.57208354403,92122.05637116436
2023-12-18,Beverages,44338.957001766656,28479.86479028593,59308.58405921908
2023-12-19,Beverages,45432.36665098527,30583.96215869255,61187.167444824656
2023-12-20,Beverages,43484.47431820912,27813.60856812477,58647.63224619191
2023-12-21,Beverages,45087.41823595539,30176.699306436338,60340.376327089005
2023-12-22,Beverages,45583.51210662395,30068.2317041771,60913.304137064544
2023-12-23,Beverages,77508.27207188329,60388.01686284034,92163.57191874413
2023-12-24,Beverages,77677.0926350532,61753.25069512733,93822.70525140312
2023-12-25,Beverages,44492.05166534986,27982.11811140617,60584.47079985258
2023-12-26,Beverages,45460.7746936942,29961.9882676699,60776.64610586791
2023-12-27,Beverages,43390.68392975886,28087.843842187773,59791.456275523895
2023-12-28,Beverages,44881.59499634651,29279.868888073768,60200.75426152905
2023-12-29,Beverages,45280.61642702604,28295.153544932113,61181.97380171652
2023-12-30,Beverages,77136.2475343677,61427.071956558364,94213.97968764543
2023-12-31,Beverages,77253.90876969586,61006.49458142632,92652.1898170676
2024-01-01,Beverages,44039.19792819132,26493.873788427318,58775.32639512467
2024-01-02,Beverages,45018.34926573329,29668.992901031987,61261.40944949733
2024-01-03,Beverages,42991.89220751552,26024.477497835695,59732.098028111905
2024-01-04,Beverages,44561.733451689906,28059.482052337382,59175.12514408626
2024-01-05,Beverages,45073.18963789541,29666.91595263825,60196.0791380382
2024-01-06,Beverages,77080.35482468038,61649.3489706864,93406.61411407401
2024-01-07,Beverages,77370.71297885448,61816.76174027806,94278.76232235458
2024-01-08,Beverages,44345.095294221406,28380.807523093168,60202.38719677479
2024-01-09,Beverages,45539.998809317185,29278.277226690305,60601.11736339772
2024-01-10,Beverages,43740.92601592308,27858.19235513214,59309.24798619843
2024-01-11,Beverages,45544.22180248,30181.377882583503,61984.08348656116
2024-01-12,Beverages,46286.49853908729,29704.848289957747,61477.95160637655
2024-01-13,Beverages,78521.5137967768,62885.46269888472,95040.7339913986
2024-01-14,Beverages,79014.07965089251,63218.64479285628,94242.13316221222
2024-01-15,Beverages,46156.90185042176,29954.402795410762,62714.367840932115
2024-01-16,Beverages,47494.89910516424,31989.277474590675,63458.016297781855
2024-01-17,Beverages,45798.320957337884,29223.59896622651,62377.61931791775
2024-01-18,Beverages,47659.38752174809,31579.093382305517,63277.01843554514
2024-01-19,Beverages,48409.10476480052,33645.6146693088,64325.05704503995
2024-01-20,Beverages,80605.59856347293,64674.122970062876,96933.17237188232
2024-01-21,Beverages,80997.21626420386,65031.905614934534,97850.77961761918
2024-01-22,Beverages,47976.09449385553,32411.11451441883,62713.41643255046
2024-01-23,Beverages,49104.281588122816,33335.79385675759,64521.72109096544
2024-01-24,Beverages,47146.39654109831,30978.81031999375,62996.50084725982
2024-01-25,Beverages,48700.80163000092,31943.222419240486,64069.79623478856
2024-01-26,Beverages,49103.51269381177,31868.4825629045,64471.53536135156
2024-01-27,Beverages,80927.67757595988,65161.933898059964,95923.66891440474
2024-01-28,Beverages,80915.55035091774,65095.44019094617,96528.44108732477
2024-01-29,Beverages,47468.470058661514,29575.981191292896,63354.896180386786
2024-01-30,Beverages,48174.48001775595,32451.252591832807,63613.077959794275
2024-01-31,Beverages,45800.242461240436,30425.580070515996,63420.67654610587
2024-02-01,Beverages,46956.48843535088,31548.38337889375,63891.02812649474
2024-02-02,Beverages,46988.805424552505,30837.63484558595,63226.31326408768
2024-02-03,Beverages,78488.08764630936,63379.8530492035,95106.12672736909
2024-02-04,Beverages,78191.26150947183,63069.52276043277,93851.02652274692
2024-02-05,Beverages,44507.60922742002,27937.962834456048,60063.57304506024
2024-02-06,Beverages,45047.87784094981,29789.00558613072,62116.277016809545
2024-02-07,Beverages,42575.50170708463,27936.202032198536,59321.14482524328
2024-02-08,Beverages,43706.44138680316,28598.039866689458,60595.66383598742
2024-02-09,Beverages,43787.017177069196,28658.70749911043,59890.49269200417
2024-02-10,Beverages,75415.55304387401,59945.39500410393,90885.3416870327
2024-02-11,Beverages,75312.12193213128,59768.238337274735,92265.31784056511
2024-02-12,Beverages,41881.52448512364,26193.84145597757,58129.580533732995
2024-02-13,Beverages,42744.229058275516,27345.288175039903,57202.08432665443
2024-02-14,Beverages,40647.26587391024,24112.789652454077,56711.1094428657
2024-02-15,Beverages,42198.8318756055,26707.036527360237,58122.14506401693
2024-02-16,Beverages,42733.54831506641,27516.987008741045,58529.74714654133
2024-02-17,Beverages,74845.66737193677,58668.375506831406,90151.27430948243
2024-02-18,Beverages,75228.18626230843,59826.62195536252,91326.27122728302
2024-02-19,Beverages,42272.79943274494,26604.622626266748,58902.83991293825
2024-02-20,Beverages,43602.94788108358,27768.681407432556,59839.73305101002
2024-02-21,Beverages,41944.614354257144,25584.64141183049,58212.0104029123
2024-02-22,Beverages,43895.86733072423,26792.94259214855,58608.44109591144
2024-02-23,Beverages,44779.65371224754,28572.11856349337,60886.12861227628
2024-02-24,Beverages,77188.61288810564,61206.70494183701,93019.37827329391
2024-02-25,Beverages,77793.53576862237,62896.09361741819,92846.00098657294
2024-02-26,Beverages,44980.19753357664,28928.78088639205,60700.93114733094
2024-02-27,Beverages,46384.355847252984,30332.168037066596,62196.43379061514
2024-02-28,Beverages,44722.22268059644,28466.46363472584,60327.68633269669
2024-02-29,Beverages,46594.664358910704,31333.40931175125,61987.50177957454
2024-03-01,Beverages,47327.19475483812,31273.187441129532,63510.662056478395
2024-03-02,Beverages,79526.01924090188,63035.20111357253,96508.01031590224
2024-03-03,Beverages,79855.42814636561,63962.45150338583,95456.79329162609
2024-03-04,Beverages,46711.077700840106,31464.19071097799,61270.43654186392
2024-03-05,Beverages,47756.49472384394,31348.236059596722,64072.43258511686
2024-03-06,Beverages,45712.78438411302,29388.422501134497,61631.56149723902
2024-03-07,Beverages,47197.060400074486,30079.431000495733,63040.19934765245
2024-03-08,Beverages,47549.23897629166,31581.29078389703,63231.27196572334
2024-03-09,Beverages,79398.95104842987,62294.534303921624,95539.84370812694
2024-03-10,Beverages,79411.55648378508,64077.782337685574,94717.61441169296
2024-03-11,Beverages,45997.61792375406,30213.719657927533,61569.40088029219
2024-03-12,Beverages,46850.72173649005,30722.835697629234,61379.467178123195
2024-03-13,Beverages,44696.30302979015,28491.46717374432,60295.67823823006
2024-03-14,Beverages,46164.26342109041,29607.65963139794,60936.993305348966
2024-03-15,Beverages,46602.600794430924,30931.826039794076,61498.2303309342
2024-03-16,Beverages,78655.30277014336,62125.00937769555,94948.63371112358
2024-03-17,Beverages,78977.17036456845,63062.14981046011,93396.98366502691
2024-03-18,Beverages,45979.744835436155,28904.01777687475,63399.26283097254
2024-03-19,Beverages,47370.770214720964,31856.436976985984,62968.57792265746
2024-03-20,Beverages,45862.51799961555,29743.660785474003,61906.38378468012
2024-03-21,Beverages,48079.022308331354,32057.064035479216,65203.932318142855
2024-03-22,Beverages,49357.01158017557,33499.43694465266,65919.38959148887
2024-03-23,Beverages,82335.2735382364,65927.83768883781,98681.26494104543
2024-03-24,Beverages,83638.78981815046,67070.43387014253,98583.25465369687
2024-03-25,Beverages,51661.615268537884,35364.70234380837,67541.48330297049
2024-03-26,Beverages,54108.466129803775,37028.975453930485,69416.52660872866
2024-03-27,Beverages,53663.000087414475,36286.22970676551,69934.68208529172
2024-03-28,Beverages,56930.08382622881,40589.831072120716,72972.94741109923
2024-03-29,Beverages,59224.38969836738,43142.35754187426,75928.48778528799
2024-03-30,Beverages,93171.53340502857,77966.46974043075,110445.89000847469
2024-03-31,Beverages,95361.75053871248,79256.80638708777,111034.62335149769
2024-04-01,Beverages,64169.88279298805,47405.71777945531,79921.02078074926
2024-04-02,Beverages,67299.16522834706,51013.61530499972,83519.46865467717
2024-04-03,Beverages,67409.45165840363,52590.87837223679,82744.42038006023
2024-04-04,Beverages,71094.42153597857,55821.64093099374,86773.60448459795
2024-04-05,Beverages,73657.66737623289,57990.486794910445,89673.17938931021
2024-04-06,Beverages,107725.35425258815,90131.49875537604,123358.77536358786
2024-04-07,Beverages,109869.11706314869,94938.22790888893,125476.1524587734
2024-04-08,Beverages,78462.77079359416,62783.10734908228,94643.47722387592
2024-04-09,Beverages,81227.86193703594,66253.0401153666,97262.03509308616
2024-04-10,Beverages,80821.36375626046,63812.948537257646,96034.24596041924
2024-04-11,Beverages,83847.31911279667,68206.73896761767,100741.07147165264
2024-04-12,Beverages,85619.90025137442,68309.4238790034,101255.23358185268
2024-04-13,Beverages,118787.0704626425,103525.78219633603,134461.19264160655
2024-04-14,Beverages,119922.19461628328,102886.7177678528,134783.07182892063
2024-04-15,Beverages,87416.99144327594,71370.57842530194,102266.32867557333
2024-04-16,Beverages,89028.40495315925,73603.57181130465,105311.77760408596
2024-04-17,Beverages,87425.37468508433,72274.87070665884,102938.65977981636
2024-04-18,Beverages,89234.57888360863,73658.03118088287,104601.32426323097
2024-04-19,Beverages,89790.19871623024,73689.42449144328,105519.19985305029
2024-04-20,Beverages,121768.38835344325,105090.06580609808,138104.42429225537
2024-04-21,Beverages,121747.48367087709,105026.91757680044,137508.10372539354
2024-04-22,Beverages,88137.1624327076,72244.99313447982,104510.71948001499
2024-04-23,Beverages,88726.68267714253,73606.76512552754,105493.42170876559
2024-04-24,Beverages,86190.85399487009,70154.5382510041,101807.36609854925
2024-04-25,Beverages,87170.08186552183,71753.52302840837,102670.37093019784
2024-04-26,Beverages,87007.10581049681,70344.556270438,103963.69924543945
2024-04-27,Beverages,118392.60800618291,102374.02302907959,134002.0653061995
2024-04-28,Beverages,117894.4014249362,102069.50694368855,133522.8768946001
2024-04-29,Beverages,83923.21925554963,67541.04057052836,99043.14444488459
2024-04-30,Beverages,84282.76997145767,68614.81438676106,99967.05237804312
2024-05-01,Beverages,81635.3752673063,65052.39609745459,98169.9212921503
2024-05-02,Beverages,82616.78409109845,66395.44758655742,99466.99457295802
2024-05-03,Beverages,82560.34360483606,66246.55638471016,98476.6513248206
2024-05-04,Beverages,114154.18313500786,98385.14301224935,129905.29954884914
2024-05-05,Beverages,113939.785022675,97642.9293404743,129405.40904457535
2024-05-06,Beverages,80314.76241462912,65506.772764839625,96639.24114502763
2024-05-07,Beverages,81085.03707635049,64267.29779504225,96710.77651466754
2024-05-08,Beverages,78890.3894237727,62324.21723872617,95346.23577666124
2024-05-09,Beverages,80354.22132671632,63983.44774812258,96537.507924179
2024-05-10,Beverages,80795.26899250838,64635.564938394724,96174.90511405066
2024-05-11,Beverages,112896.39967793842,97149.54345680207,128632.50168391856
2024-05-12,Beverages,113172.5313931636,97120.36925734796,128842.15443417426
2024-05-13,Beverages,80010.29636983556,63698.98274108211,96043.52963362209
2024-05-14,Beverages,81222.17447741085,65807.55764582747,96485.31784183772
2024-05-15,Beverages,79431.72994851349,63847.164924900775,94934.27186896639
2024-05-16,Beverages,81258.0470934421,66247.13309267082,97406.00166684344
2024-05-17,Beverages,82014.66794468962,65718.16168607208,99030.59269763528
2024-05-18,Beverages,114389.65351188437,98855.50224763232,130583.43161505007
2024-05-19,Beverages,114882.48407923251,99912.41012006626,131999.2419004293
2024-05-20,Beverages,81880.2314398821,65979.37286220434,97707.35787414339
2024-05-21,Beverages,83213.27425950467,68028.63137924795,99003.96417650445
2024-05-22,Beverages,81499.86173330474,63735.100813145975,95403.66015774576
2024-05-23,Beverages,83364.887728631,67391.46035421707,98682.28027916732
2024-05-24,Beverages,84125.75362487815,68339.97368758757,100220.45524834408
2024-05-25,Beverages,116483.4378852535,101728.39901379975,132285.69893339704
2024-05-26,Beverages,116928.17242243563,100781.27570308396,133086.39140104572
2024-05-27,Beverages,83851.97438538443,66906.93537682139,99064.31268106407
2024-05-28,Beverages,85105.85438684934,70135.4647706412,100863.11411422139
2024-05-29,Beverages,83303.682639851,66886.69579205508,98435.92946113569
2024-05-30,Beverages,85075.33675958504,68777.30984249045,100937.24962673863
2024-05-31,Beverages,85739.58675440298,70465.81657665315,101327.25007566181
2024-06-01,Beverages,118006.32613879783,103659.05459759304,134127.66127966967
2024-06-02,Beverages,118351.2289843722,103042.63966423605,134964.3790945039
2024-06-03,Beverages,85164.88945195099,70370.14213569683,100890.96008709572
2024-06-04,Beverages,86311.8075862744,71115.00355250976,101863.38301083777
2024-06-05,Beverages,84393.86799382098,69482.14680141611,98301.11850497616
2024-06-06,Beverages,86038.18773350776,70802.42846162707,102121.6628315432
2024-06-07,Beverages,86557.35495673967,69775.62681611783,102392.2049107702
2024-06-08,Beverages,118663.14732800987,102459.2919645887,135219.67188542517
2024-06-09,Beverages,118810.47907613163,103053.74365630893,134134.65829855646
2024-06-10,Beverages,85383.43092882339,68681.6569432527,102569.67618626467
2024-06-11,Beverages,86256.26008071426,70465.70815629947,101935.62745041033
2024-06-12,Beverages,84016.69368377009,67019.55288811278,99824.98510267826
2024-06-13,Beverages,85288.62783259398,69515.70970219624,101992.6608526454
2024-06-14,Beverages,85379.81423440394,68861.33056109055,101585.93820591019
2024-06-15,Beverages,117007.09917958913,102225.26074655632,132114.0256748304
2024-06-16,Beverages,116609.63535774293,101399.68751617579,133035.09675808283
2024-06-17,Beverages,82571.71048388096,67575.9249667663,98564.05476725697
2024-06-18,Beverages,82785.62984504612,66282.31457289765,97746.80509617079
2024-06-19,Beverages,79834.62294837278,63926.04082556095,96231.35577009601
2024-06-20,Beverages,80350.13482223793,65150.31302463101,96054.38457794023
2024-06-21,Beverages,79646.66288279931,64821.35083343676,96356.01419263346
2024-06-22,Beverages,110458.1820737369,94976.9464114279,127197.98651696833
2024-06-23,Beverages,109220.26537074779,94148.5767702693,126283.41147558668
2024-06-24,Beverages,74329.33387373613,58799.99757032748,89656.5517825096
2024-06-25,Beverages,73707.03694032681,58097.34116961896,90149.42957290988
2024-06-26,Beverages,69942.40951517082,54158.94967655838,86170.75456289889
2024-06-27,Beverages,69683.40215325501,54537.166919182695,85795.13110852026
2024-06-28,Beverages,68258.55126067057,52742.203164692706,83947.10950949485
2024-06-29,Beverages,98424.31088217696,83349.89088317505,113898.02209250706
2024-06-30,Beverages,96615.85414901373,81890.01287739289,112139.15552833947
2024-07-01,Beverages,61242.569371175356,46763.35694084348,77241.46943072283
2024-07-02,Beverages,60253.827150327474,44191.34750537425,76168.75420554326
2024-07-03,Beverages,56240.34360099713,40039.51355016951,73134.48686128295
2024-07-04,Beverages,55859.97310465763,39707.14919132775,70883.77798815939
2024-07-05,Beverages,54446.30510807957,38498.5675447787,69710.65419734997
2024-07-06,Beverages,84767.06331559038,68633.11954637463,100079.25769002274
2024-07-07,Beverages,83243.81286149382,67254.479105781,99236.21994464671
2024-07-08,Beverages,48283.98581585236,32249.387063483282,64570.34896950806
2024-07-09,Beverages,47848.37021008589,32676.624793492676,64203.49666875489
2024-07-10,Beverages,44512.05699091348,28903.13144397717,60358.22774950039
2024-07-11,Beverages,44924.906357856285,29926.636370160468,59958.228108044445
2024-07-12,Beverages,44407.504124326,29115.340655910433,59928.75173265264
2024-07-13,Beverages,75721.07176836848,59178.3854660672,92263.20848905732
2024-07-14,Beverages,75256.52134755345,59253.98052422733,92064.02524549811
2024-07-15,Beverages,41403.43916091612,25818.260791974906,57450.263804185655
2024-07-16,Beverages,42119.70050050482,26922.012767222066,58304.01649549431
2024-07-17,Beverages,39952.36723161534,23699.443761990653,56557.56004061772
2024-07-18,Beverages,41533.149222953885,26666.241757743028,58014.95050716511
2024-07-19,Beverages,42161.98602836841,26630.171168384688,58634.27226746016
2024-07-20,Beverages,74588.67161133225,59524.63251792118,91350.711960396
2024-07-21,Beverages,75171.39147068879,59545.65693104272,90095.34320790315
2024-07-22,Beverages,42282.72827640818,27473.426705627862,58645.197838166474
2024-07-23,Beverages,43881.391178984144,28133.49584696693,59561.46438123815
2024-07-24,Beverages,42492.97877698359,26815.56052811981,58005.57448102557
2024-07-25,Beverages,44740.27939250045,28380.863513507895,60716.60090327309
2024-07-26,Beverages,45914.2536560942,30263.686167141244,61030.36818165327
2024-07-27,Beverages,78767.08771231587,63741.757195051716,95376.56985107758
2024-07-28,Beverages,79639.87233593361,62308.932019826294,95145.14200396695
2024-07-29,Beverages,46905.24504758353,31243.657891291423,62225.19043396745
2024-07-30,Beverages,48540.81361069488,32947.94214304219,65362.87173637971
2024-07-31,Beverages,47069.34028629701,31365.145622394153,63686.7925686339
2024-08-01,Beverages,49123.42489737581,33215.81299702894,65296.35929784318
2024-08-02,Beverages,50003.432367903435,34606.05323468744,66699.05376587642
2024-08-03,Beverages,82481.53057389974,66548.1485159713,97440.37535981851
2024-08-04,Beverages,82898.09135773941,67304.1182478641,98935.74655584682
2024-08-05,Beverages,49640.58369126698,34164.82129687367,64397.27078989993
2024-08-06,Beverages,50718.350515534185,35838.8279878995,66300.28795091
2024-08-07,Beverages,48661.92667603483,32672.295119386352,64427.1241378366
2024-08-08,Beverages,50121.87755959837,33952.389997305465,65448.987232339954
2024-08-09,Beverages,50413.510225959915,34197.000038554725,65226.07918846389
2024-08-10,Beverages,82331.80403116997,66712.1057575924,98548.92037000215
2024-08-11,Beverages,82216.51286770428,65701.51262503573,97648.39254552005
2024-08-12,Beverages,48467.35967756041,33619.20701827484,64377.19729606409
2024-08-13,Beverages,49120.28574517337,33402.8089125801,65099.630432231854
2024-08-14,Beverages,46706.08620630072,31380.242908128406,63113.01673894611
2024-08-15,Beverages,47883.64720829688,31994.701474439793,65062.502409808134
2024-08-16,Beverages,47971.7353298085,32480.65073353858,64697.88407137516
2024-08-17,Beverages,79775.15879833432,64741.916793997654,95628.08590299646
2024-08-18,Beverages,79618.94218412068,64277.81480487531,96378.81037780987
2024-08-19,Beverages,45900.21639530339,27842.225572392268,60745.85537678543
2024-08-20,Beverages,46666.346435517815,31865.506753712016,62619.39433412781
2024-08-21,Beverages,44433.29118875809,27851.83416927228,61146.71690676495
2024-08-22,Beverages,45853.63542404555,30842.926964425842,62629.69893301285
2024-08-23,Beverages,46235.83281245453,30465.461823323523,61711.31592308289
2024-08-24,Beverages,78381.94213482985,61971.02568857666,94006.81392283176
2024-08-25,Beverages,78591.17901559784,62418.59809920867,94914.68927857319
2024-08-26,Beverages,45248.758512225475,29251.547388376737,61014.42833814381
2024-08-27,Beverages,46406.10476023782,30760.887094970694,61964.38389686436
2024-08-28,Beverages,44559.08014226064,28847.745250690223,60767.30574290149
2024-08-29,Beverages,46350.89601566123,30523.0793275067,62670.88410732761
2024-08-30,Beverages,47078.83083079153,30659.5290334119,62884.25739314808
2024-08-31,Beverages,79543.50108627595,63401.20269729386,95641.12476567375
2024-09-01,Beverages,80021.69047926254,63527.59534432693,96432.46056670917
2024-09-02,Beverages,46891.99009257988,30706.042478180607,63443.91610107214
2024-09-03,Beverages,48216.88503042342,32949.700260028854,64378.0525313216
2024-09-04,Beverages,46480.60521031324,30952.12348498866,61389.12489606415
2024-09-05,Beverages,48326.63173013558,32175.32797052891,65441.10418822005
2024-09-06,Beverages,49051.58093836435,33252.89984757963,65369.46436264034
2024-09-07,Beverages,81465.68392294509,66798.91657088262,97749.08166160784
2024-09-08,Beverages,81834.56038732894,65915.96349461882,98565.70941825234
2024-09-09,Beverages,48541.32537853669,32559.045185337374,64987.61581816031
2024-09-10,Beverages,49670.234279809374,33107.06793297609,65540.5853793812
2024-09-11,Beverages,47703.85866699649,32632.911311481974,63790.35717350391
2024-09-12,Beverages,49294.91979565148,34393.37106767049,65485.080496719056
2024-09-13,Beverages,49747.1072870597,33554.034454803164,64564.01374803121
2024-09-14,Beverages,81886.57797111424,65916.392576898,98685.64459578342
2024-09-15,Beverages,81972.5327663144,65966.63281055524,97127.78169587953
2024-09-16,Beverages,48395.69779881273,31618.8703230389,64434.222804945624
2024-09-17,Beverages,49263.48800946108,33186.53139662408,65747.88519175864
2024-09-18,Beverages,47056.5200629024,30259.624740160507,63236.239440803176
2024-09-19,Beverages,48434.83493429962,33030.50649443276,64632.281860008174
2024-09-20,Beverages,48705.76075228534,32632.119333401555,65699.81768038274
2024-09-21,Beverages,80706.58341167319,64471.35628823367,95953.02439389435
2024-09-22,Beverages,80684.11623894772,64605.24666874718,96716.88361008959
2024-09-23,Beverages,47029.776049278604,29850.144466628055,63575.90662557011
2024-09-24,Beverages,47866.50927037369,31856.25147433943,64110.868119841645
2024-09-25,Beverages,45664.90118309197,29130.488401056977,62080.78121319073
2024-09-26,Beverages,47084.053951880516,30437.241157993565,63133.84988415829
2024-09-27,Beverages,47426.758667573384,31382.08303797303,62217.384175872256
2024-09-28,Beverages,79533.59328735249,63694.30278286832,95097.76566773785
2024-09-29,Beverages,79631.72342477673,63743.419954881436,96227.19044953036
2024-09-30,Beverages,46106.78733340441,30404.944767909532,62375.999459653154
2024-10-01,Beverages,47091.76812306861,32993.58811496809,62408.687106160345
2024-10-02,Beverages,45042.84714942474,29273.208753795097,61384.921905421914
2024-10-03,Beverages,46615.04577674336,32041.052219993682,62409.633640858556
2024-10-04,Beverages,47104.77261632769,30863.302757037323,64305.49695224012
2024-10-05,Beverages,79355.3713055251,63278.61824561723,95384.41598207787
2024-10-06,Beverages,79575.1313497146,64505.96139061217,95777.46327139258
2024-10-07,Beverages,46145.919318626235,30024.221971445815,62226.41929519481
2024-10-08,Beverages,47213.89501539435,30904.83603485811,63976.459074888
2024-10-09,Beverages,45224.971654876485,28583.202102636926,60871.615351977714
2024-10-10,Beverages,46835.05403127732,31686.48902124105,62362.6964998434
2024-10-11,Beverages,47339.76926478318,32539.648268685378,63148.80714079633
2024-10-12,Beverages,79591.25516334487,64214.528545532005,94903.55318649315
2024-10-13,Beverages,79785.16134966328,63147.48941679682,95723.73265174718
2024-10-14,Beverages,46305.80371613237,30837.769215762662,62098.453279251895
2024-10-15,Beverages,47318.505825589826,30386.140143583863,62860.49197117444
2024-10-16,Beverages,45264.45846579093,29364.985055292484,61651.36789432533
2024-10-17,Beverages,46805.364841612456,31315.962405399183,63394.19761346036
2024-10-18,Beverages,47240.18951774773,32251.807100545644,63928.57349463126
2024-10-19,Beverages,79433.05131822138,62884.878810704824,95983.56741896603
2024-10-20,Beverages,79569.11216456995,63372.08995912643,95290.73302647175
2024-10-21,Beverages,46036.188765465915,30011.774134924304,63307.943548970274
2024-10-22,Beverages,47018.69164194589,32432.07939036149,64701.927786654465
2024-10-23,Beverages,44951.89546727624,29138.776054764887,61016.42282482303
2024-10-24,Beverages,46501.04104048403,30278.391433784076,62019.341876700746
2024-10-25,Beverages,46965.1886086817,30698.43707423959,61879.9589877138
2024-10-26,Beverages,79216.3348633052,64610.26695072575,95551.06742465729
2024-10-27,Beverages,79424.3380659764,64053.43641027115,95402.58878760764
2024-10-28,Beverages,45975.1598148135,30030.21289961119,61092.50885001763
2024-10-29,Beverages,47066.59283557573,31971.13012621596,63426.48763988875
2024-10-30,Beverages,45122.144648833506,29789.350199482258,61273.78575895934
2024-10-31,Beverages,46804.80431496729,31669.768304837624,62450.261347033535
2024-11-01,Beverages,47408.20594378588,31331.927944221807,63299.5839870905
2024-11-02,Beverages,79807.16699276183,64776.9956838043,96717.21128304474
2024-11-03,Beverages,80151.83121251457,64572.735800058006,96818.87995095897
2024-11-04,Beverages,46822.70133653625,31521.59026057213,62943.39911225406
2024-11-05,Beverages,48028.289286481246,33361.5752702889,65534.264933207334
2024-11-06,Beverages,46178.71541138847,29543.138219441982,61355.176862444954
2024-11-07,Beverages,47934.2083192734,32479.49728108995,63718.747498473436
2024-11-08,Beverages,48583.60952741749,31715.656987680584,64990.08604594251
2024-11-09,Beverages,81006.32612383149,65722.36558568275,96889.09215606749
2024-11-10,Beverages,81335.64654694073,66524.53738502722,95938.29084126547
2024-11-11,Beverages,47950.48278022832,32088.80327296332,63570.34506579467
2024-11-12,Beverages,49074.82741692937,34001.168588504865,66070.35080260337
2024-11-13,Beverages,47110.922539841595,33007.61558164533,63657.6715340158
2024-11-14,Beverages,48722.32094618236,32262.057392542323,64824.22139198064
2024-11-15,Beverages,49199.53996568902,33453.53888158607,65654.32435777123
2024-11-16,Beverages,81433.22238656758,66686.2839623177,96874.45183367445
2024-11-17,Beverages,81546.4114748397,64535.42739532464,97383.89968273792
2024-11-18,Beverages,47922.78847331343,31591.60627523957,64875.82495743163
2024-11-19,Beverages,48807.72866068097,32423.306774894376,64673.496296219324
2024-11-20,Beverages,46600.845099600745,31364.19322478492,62618.96078615741
2024-11-21,Beverages,47973.43594420437,32131.268557453943,65002.700169717056
2024-11-22,Beverages,48221.13734485027,33444.45202535101,63463.86079029853
2024-11-23,Beverages,80248.1727717937,65379.107606442885,96505.19263925473
2024-11-24,Beverages,80168.50166253078,64353.30643749205,95564.06571719836
2024-11-25,Beverages,46370.50382942095,30840.545502689405,62909.8603656729
2024-11-26,Beverages,47119.62511923507,30869.558891803284,63380.02821740522
2024-11-27,Beverages,44810.32618540418,29423.020383810406,59585.70634437141
2024-11-28,Beverages,46117.9848710131,28989.15915011924,61970.107362364535
2024-11-29,Beverages,46338.65407281255,30810.17140021936,61896.26998690764
2024-11-30,Beverages,78384.53907242937,62852.48692071839,94418.08998192805
2024-12-01,Beverages,78354.18891932355,61695.017258692955,93715.9802586548
2024-12-02,Beverages,44633.82115343326,28464.461130015763,59951.39687164698
2024-12-03,Beverages,45501.76876050408,29736.25985460356,61470.59693773432
2024-12-04,Beverages,43340.05733113844,28537.525537764126,59506.94481126969
2024-12-05,Beverages,44820.990507666946,28808.882467656797,59084.062589659305
2024-12-06,Beverages,45234.238195132806,28934.263568793856,61526.15030087903
2024-12-07,Beverages,77493.75749060306,62607.335733737884,92587.0034911553
2024-12-08,Beverages,77677.2256645879,61343.77962602479,94116.03534262367
2024-12-09,Beverages,44164.180885378504,27531.079019569148,59878.072182051015
2024-12-10,Beverages,45242.41722562713,30002.636892224138,60448.53032593653
2024-12-11,Beverages,43279.303147268845,27164.29750667102,58440.07702666144
2024-12-12,Beverages,44943.1252960026,27847.568838626714,61799.262279386945
2024-12-13,Beverages,45517.54200384988,29791.247004641777,62617.76725688192
2024-12-14,Beverages,77919.94100298116,62012.36065621688,93774.5781092463
2024-12-15,Beverages,78210.06532085918,63342.68169835281,93897.77687437757
2024-12-16,Beverages,44764.880667588914,28386.251260671375,59601.6547098965
2024-12-17,Beverages,45886.79100900168,28684.24878270786,61692.36416195665
2024-12-18,Beverages,43934.53648666703,28349.47207952398,60194.23003505809
2024-12-19,Beverages,45579.10412164951,29470.762187342076,59796.71525766357
2024-12-20,Beverages,46105.33145727638,30475.49451951523,61852.74891043791
2024-12-21,Beverages,78441.46882947546,62817.40757039027,95092.72267512855
2024-12-22,Beverages,78636.75610917047,63137.55533358905,94596.64312163487
2024-12-23,Beverages,45072.77246073324,28258.403299481335,60386.139878073154
2024-12-24,Beverages,46073.233724058926,31406.2954923186,61162.53511509451
2024-12-25,Beverages,43994.24420768255,27344.93623656962,60371.85252205639
2024-12-26,Beverages,45514.56925366676,28841.095903304205,62006.74666508035
2024-12-27,Beverages,45924.21123998586,30605.450875577066,61530.371432808104
2024-12-28,Beverages,78165.03185406169,61921.371138032126,94118.69573589896
2024-12-29,Beverages,78277.1733411743,62094.72133094315,93942.80077172065
2024-12-30,Beverages,44646.82633663787,28475.867410442166,61153.6596443056
2024-12-31,Beverages,45617.58936457233,30270.25860770864,61466.87629484278
2025-01-01,Beverages,43540.10060029877,27374.744037977423,59260.51069830911
2025-01-02,Beverages,45096.743949796386,30176.42876692578,62075.78079737047
2025-01-03,Beverages,45577.31295501619,30608.72023011654,61648.07143328369
2025-01-04,Beverages,77930.84944806104,61905.847432156086,94369.90266438764
2025-01-05,Beverages,78181.1021424638,63909.13512607348,93822.23291531818
2025-01-06,Beverages,44710.9362711024,29073.574823650837,61498.88205782719
2025-01-07,Beverages,45875.50322729535,29889.597707896402,62833.9093044462
2025-01-08,Beverages,44011.517172571555,27392.726169988906,60221.30859888254
2025-01-09,Beverages,45796.66829095882,28934.683473743396,62425.04594804471
2025-01-10,Beverages,46512.64859323644,29677.524588977176,62696.1372897394
2025-01-11,Beverages,79108.47271166748,62465.94443352378,94169.9515046149
2025-01-12,Beverages,79585.22291924735,64216.591344290275,95900.51287042264
2025-01-13,Beverages,46317.32494737249,31070.185002690752,62278.19290058272
2025-01-14,Beverages,47667.7200377294,30644.160902416377,62880.00823932286
2025-01-15,Beverages,45956.94005640983,29948.396342370415,61294.372262881094
2025-01-16,Beverages,47857.337560334105,31292.920622109126,63103.968550370606
2025-01-17,Beverages,48643.53497816186,31742.17386568637,65399.8810325024
2025-01-18,Beverages,81267.23813835203,64869.25971545584,96428.7166403331
2025-01-19,Beverages,81711.22622224763,65576.02173721646,98676.52340150552
2025-01-20,Beverages,48347.400544701086,31492.64715057614,64116.32011737243
2025-01-21,Beverages,49553.816035255695,33623.33275533903,65099.14204794473
2025-01-22,Beverages,47643.365607004256,31314.87969728829,63859.94406721756
2025-01-23,Beverages,49292.59647171682,32843.81631523943,65287.22711882648
2025-01-24,Beverages,49779.31711154257,33303.67403648438,65164.03590055533
2025-01-25,Beverages,82068.61037645984,65850.80094558242,98203.18879470145
2025-01-26,Beverages,82135.75602337,66849.67609215161,97719.12278535987
2025-01-27,Beverages,48360.73003307752,33331.47154217628,65524.451161722674
2025-01-28,Beverages,49146.77256267009,33604.185627694904,64227.61213846637
2025-01-29,Beverages,46808.36779291445,31542.633477989075,63365.437271240895
2025-01-30,Beverages,48034.35148978217,32808.617390351756,63258.37907198161
2025-01-31,Beverages,48112.40871264798,32149.45776180199,63739.90253201204
2025-02-01,Beverages,80026.0558627726,64728.4263142248,95625.20116118669
2025-02-02,Beverages,79746.30915406102,64018.37898107379,95781.40038760826
2025-02-03,Beverages,45662.49811923803,28990.596179465607,61638.92546553618
2025-02-04,Beverages,46202.28893135094,31698.580001842474,61690.52949579137
2025-02-05,Beverages,43678.93725825182,27706.155586508758,59266.454256136865
2025-02-06,Beverages,44788.72492399101,29635.943307643127,60791.16481081057
2025-02-07,Beverages,44822.44647516521,29020.95620032254,60663.51843848739
2025-02-08,Beverages,76773.51673043468,61133.20456306129,92938.22298702218
2025-02-09,Beverages,76598.59657687665,61191.41857180798,91277.04703055063
2025-02-10,Beverages,42684.981647270186,27901.252606787086,58550.02004931089
2025-02-11,Beverages,43472.38479463241,27869.29069190725,58502.00398361777
2025-02-12,Beverages,41259.800391121855,26157.34640842205,56904.861250589376
2025-02-13,Beverages,42737.633901293004,27653.19324575929,58183.33341287285
2025-02-14,Beverages,43186.5563272783,28541.15045854791,59628.4276950961
2025-02-15,Beverages,75597.12073264016,59843.45773998505,90897.02300447282
2025-02-16,Beverages,75899.72224027257,60344.145632821135,91196.75575606727
2025-02-17,Beverages,42468.921137075034,27137.935734068375,58784.60677185882
2025-02-18,Beverages,43747.315464565996,28927.141559553445,59513.858882162145
2025-02-19,Beverages,42012.30941676441,26425.52133169069,56614.03782161876
2025-02-20,Beverages,43943.181117052314,28693.35796806597,60918.38878901092
2025-02-21,Beverages,44807.49504912603,28810.66535235121,60748.22175440429
2025-02-22,Beverages,77592.35612776813,62438.70497404041,94400.93476594232
2025-02-23,Beverages,78203.76626283434,62653.84844921514,93446.17710780636
2025-02-24,Beverages,45007.87520363931,29435.105550233704,59815.66786525877
2025-02-25,Beverages,46456.86659397169,31165.057311437304,62889.65909577932
2025-02-26,Beverages,44815.48492691332,28713.671504823847,60259.3655794166
2025-02-27,Beverages,46762.83013922748,30093.16335807327,62398.176429113904
2025-02-28,Beverages,47566.055759478935,31207.36117953608,63944.10208587332
2025-03-01,Beverages,80222.93412873623,64713.742507547555,96006.8382588675
2025-03-02,Beverages,80630.23737953429,64368.345648718714,96766.1783806768
2025-03-03,Beverages,47161.50789390919,31042.809874429488,62761.21350942293
2025-03-04,Beverages,48294.52463784606,32474.44771631174,63143.25888785118
2025-03-05,Beverages,46297.14219499795,29029.465240034224,62631.836939636305
2025-03-06,Beverages,47863.36468623168,31708.39053341987,63773.33592583496
2025-03-07,Beverages,48273.8935947541,31633.774923433095,64433.219814455864
2025-03-08,Beverages,80549.59183853486,65160.71612598547,96429.87874625399
2025-03-09,Beverages,80588.51238620061,63998.557027719,96297.64542337679
2025-03-10,Beverages,46779.85799185373,31482.229629586745,63069.19125126074
2025-03-11,Beverages,47632.75366998885,31318.94487145009,63120.014022457624
2025-03-12,Beverages,45421.188168440545,28954.137525756352,61909.13583911955
2025-03-13,Beverages,46854.22868132639,30474.19240867214,63603.48640425612
2025-03-14,Beverages,47223.3556332937,31906.533956319374,64177.41702145595
2025-03-15,Beverages,79566.84136570556,64204.40904018804,95201.21634380532
2025-03-16,Beverages,79775.52115832834,64241.30146506584,96899.94729517361
2025-03-17,Beverages,46243.114372800235,30001.49103674741,61571.5021217657
2025-03-18,Beverages,47496.54878634766,31862.671773952803,62864.234670429396
2025-03-19,Beverages,45800.317967880444,30044.92888783377,62154.00157587732
2025-03-20,Beverages,47861.21025998964,32428.889816906034,62620.63603753287
2025-03-21,Beverages,48962.854561455475,33460.51485965227,64417.87084738761
2025-03-22,Beverages,82141.47733012862,65651.929697647,99185.66075093225
2025-03-23,Beverages,83260.90731039557,66092.4449956881,99577.53064046272
2025-03-24,Beverages,50699.76408024406,35308.57513693396,66391.02989390191
2025-03-25,Beverages,52983.84153382021,36762.84384403764,69355.31577238657
2025-03-26,Beverages,52350.37623475027,36741.670640589924,67902.79506097049
2025-03-27,Beverages,55487.760248706145,39561.91185569564,73302.9936165121
2025-03-28,Beverages,57657.72935805213,41864.42492588777,75064.21340100824
2025-03-29,Beverages,91882.87996969697,75442.23964775576,107094.19512477015
2025-03-30,Beverages,93991.22888289056,78769.00551403708,108636.37616008653
2025-03-31,Beverages,62340.521485681704,46309.039641965646,77454.04268187005
2025-04-01,Beverages,65452.85053471199,48981.28459021796,80944.29164689335
2025-04-02,Beverages,65538.93054794574,49506.32930563169,81408.16461788761
2025-04-03,Beverages,69272.80563491744,53898.39456090084,85083.9613046346
2025-04-04,Beverages,71901.60679566665,55875.62798271253,87869.89796562336
2025-04-05,Beverages,106444.67257169813,89981.93298723585,123139.22960729383
2025-04-06,Beverages,108707.42878286292,92778.79762608763,123457.19970902802
2025-04-07,Beverages,77042.5084160774,61251.06452126301,92298.11480959808
2025-04-08,Beverages,79986.23283999237,64319.98232057736,96212.2344153322
2025-04-09,Beverages,79742.46418209712,64014.907780570866,96148.5912043235
2025-04-10,Beverages,82991.83610802094,66762.79069658466,99000.94918350325
2025-04-11,Beverages,84988.57651587452,69564.5319115447,100056.25999977316
2025-04-12,Beverages,118770.70979586411,102495.36302859685,135389.87893181344
2025-04-13,Beverages,120142.72961167399,103202.18527822434,136886.78215800223
2025-04-14,Beverages,87473.01252691919,70978.21732777804,102766.5185738965
2025-04-15,Beverages,89331.66613974147,73090.49447710402,104408.89827107832
2025-04-16,Beverages,87933.49920344357,71683.95124063433,102932.57568787705
2025-04-17,Beverages,89981.36221589144,74870.8924753844,106763.07190914528
2025-04-18,Beverages,90749.67999178411,73919.06103689893,106250.34208472734
2025-04-19,Beverages,123305.44654960917,108351.93960150584,139131.24455056686
2025-04-20,Beverages,123459.47557561685,107227.03835186172,139720.25709588913
2025-04-21,Beverages,89599.9710968225,73970.35581551932,106073.6479067315
2025-04-22,Beverages,90331.68742475977,74108.05345789497,107130.41230621799
2025-04-23,Beverages,87878.04416794535,72041.76982620386,103435.92090434353
2025-04-24,Beverages,88958.68449380965,73233.78884052437,105812.10557892619
2025-04-25,Beverages,88859.90243832242,74022.17981180029,103890.8797557236
2025-04-26,Beverages,120666.68650026148,104927.68780019929,136089.97359231167
2025-04-27,Beverages,120182.86743039805,104490.05097599674,135259.00074609282
2025-04-28,Beverages,85801.21983877792,69537.02853988853,100876.0916490434
2025-04-29,Beverages,86144.35137439595,70774.52974767181,102189.66508447047
2025-04-30,Beverages,83426.41180717682,67723.32351590817,98872.738018206
2025-05-01,Beverages,84365.33736258971,67739.4035108242,99924.27609463989
2025-05-02,Beverages,84240.64746902746,69427.38923497112,100472.84629358165
2025-05-03,Beverages,116137.00511808967,99595.3679903056,130916.00856905113
2025-05-04,Beverages,115833.71079095901,99945.45529210546,131277.34916682134
2025-05-05,Beverages,81711.75264944398,65453.54611265135,97945.54564078856
2025-05-06,Beverages,82396.8005454156,65087.8940606347,98319.66254425514
2025-05-07,Beverages,80080.83313232638,63800.16932909619,95295.98391257483
2025-05-08,Beverages,81469.3325978123,65220.74654333202,97025.42293022924
2025-05-09,Beverages,81826.64932812967,66483.43006158872,98758.3188231767
2025-05-10,Beverages,114231.2074054117,98262.1932874308,129572.2422444774
2025-05-11,Beverages,114434.40071990037,98925.95699166288,132006.10301554436
2025-05-12,Beverages,80804.57535791206,66205.67767079186,96689.985196451
2025-05-13,Beverages,81972.04157436601,67437.78637936895,98735.65653441659
2025-05-14,Beverages,80110.46555162151,63594.06420914421,96531.01112246395
2025-05-15,Beverages,81918.8004583455,66103.81956724031,97606.45675541791
2025-05-16,Beverages,82653.95177674075,66513.0803453286,97848.82303408487
2025-05-17,Beverages,115397.31645087767,99695.50940510837,130893.91119299622
2025-05-18,Beverages,115882.73559018991,99592.86903866057,131456.53405567608
2025-05-19,Beverages,82477.04033421473,65678.72612202093,98378.51435498882
2025-05-20,Beverages,83826.70146044923,66520.75900570597,99408.40643423593
2025-05-21,Beverages,82098.60556490069,65922.7954897515,97376.19883254915
2025-05-22,Beverages,83996.35386854321,68465.46075607512,100665.06542851933
2025-05-23,Beverages,84779.88233299892,69517.88922927757,100946.76583589143
2025-05-24,Beverages,117543.0215179613,102785.20210090627,133568.49524381975
2025-05-25,Beverages,118010.2349825394,102125.65066482032,133146.321813857
2025-05-26,Beverages,84553.50751089101,68300.46655350151,101556.21991985891
2025-05-27,Beverages,85840.46715338451,70651.4024080273,102420.16061177834
2025-05-28,Beverages,84034.44089242695,67083.21565029763,99465.45857847262
2025-05-29,Beverages,85845.07899712262,68756.58281192981,101466.58696135967
2025-05-30,Beverages,86534.95097248488,70417.56708027513,101801.38619778841
2025-05-31,Beverages,119208.20897249601,103206.58656427318,135791.78504975018
2025-06-01,Beverages,119576.25319377419,103118.19642775912,135181.0832048684
2025-06-02,Beverages,86011.1570679826,69709.98551585639,100904.47647340398
2025-06-03,Beverages,87195.50287580938,70450.3430085207,103334.42106942066
2025-06-04,Beverages,85281.99638764992,69064.11653066521,100251.05392688145
2025-06-05,Beverages,86978.72525299419,71731.67490565503,102707.89715041843
2025-06-06,Beverages,87543.05803707037,71149.71411313405,103077.16257540658
2025-06-07,Beverages,120081.74642039624,103669.54780235577,135959.34184586586
2025-06-08,Beverages,120285.84976695446,104182.89295830096,134991.6541080969
2025-06-09,Beverages,86521.01549110428,69909.69063647526,102848.55101532445
2025-06-10,Beverages,87479.3219872369,70801.35732238316,103943.04529924008
2025-06-11,Beverages,85298.71178460594,68807.58816668032,101913.48252808872
2025-06-12,Beverages,86683.1006146198,70217.83850129411,102726.52770571221
2025-06-13,Beverages,86883.74590629616,71422.19123012974,101968.83972633116
2025-06-14,Beverages,119010.8980304955,102357.46765632591,134513.07587128022
2025-06-15,Beverages,118738.03406764472,103093.19543916588,133700.74573446176
2025-06-16,Beverages,84428.98086327472,68296.84631956197,100022.8508825728
2025-06-17,Beverages,84791.68992642888,69045.51154514933,100569.40479244938
2025-06-18,Beverages,81957.35246720335,66558.45788317281,99025.90599522769
2025-06-19,Beverages,82635.16470681416,66949.15244615596,99430.1100992402
2025-06-20,Beverages,82080.91886761111,66603.49526989905,98229.19863046192
2025-06-21,Beverages,113419.91089209836,97126.51664994074,129668.23728643566
2025-06-22,Beverages,112320.15360239767,96659.15780942,128791.12947885599
2025-06-23,Beverages,77155.98497867706,61763.22766486715,92845.57513969787
2025-06-24,Beverages,76663.4003933938,60271.983952597046,93481.18169391098
2025-06-25,Beverages,72978.46885435593,58720.92936683534,88671.57473590045
2025-06-26,Beverages,72826.3792388389,56905.04309796818,89069.32931282403
2025-06-27,Beverages,71476.89517986,55413.86858949993,87485.49143664072
2025-06-28,Beverages,102078.1883626898,84993.19608286729,117244.53507712297
2025-06-29,Beverages,100298.73815601431,85424.78389437779,116769.70466236645
2025-06-30,Beverages,64527.17942914635,49825.826187724226,80102.0717879255
2025-07-01,Beverages,63529.001651939536,47430.39724441431,78764.92278068894
2025-07-02,Beverages,59444.137529825515,42784.060631886096,74236.69049321258
2025-07-03,Beverages,59010.22772385083,43177.81031511973,75038.20486834086
2025-07-04,Beverages,57504.94641797717,42007.62157351928,73340.58764654721
2025-07-05,Beverages,88090.83707941473,71970.180421002,104212.2152158424
2025-07-06,Beverages,86426.04442828191,69958.96798441089,104203.0713747378
2025-07-07,Beverages,50900.61353650347,34821.960531618155,68361.58248620994
2025-07-08,Beverages,50294.828407519126,34496.90943231547,67316.57731898819
2025-07-09,Beverages,46736.29970979996,31391.512797809253,62376.8811840844
2023-01-01,Electronics,7101633.65024309,5584959.228505285,8608796.989429917
2023-01-02,Electronics,4124591.4525877275,2596896.256486681,5612273.578776623
2023-01-03,Electronics,4134875.383412261,2560805.7515724357,5668646.01424524
2023-01-04,Electronics,4134138.4221808286,2644332.7974077305,5733065.762700082
2023-01-05,Electronics,4376463.646546334,2764495.166074636,5839877.435406298
2023-01-06,Electronics,4120130.4834228684,2521682.061869804,5636576.45796996
2023-01-07,Electronics,6894748.225323907,5326990.224964861,8442286.246385878
2023-01-08,Electronics,6995903.735287704,5510212.031515556,8536690.418784844
2023-01-09,Electronics,3970451.39342525,2546529.5805382095,5537858.75075189
2023-01-10,Electronics,3940169.8566596285,2507843.9169061943,5429713.209294851
2023-01-11,Electronics,3908113.7372086234,2450850.3266103487,5472765.624811519
2023-01-12,Electronics,4128934.641647542,2662077.664953793,5527327.870518506
2023-01-13,Electronics,3861265.963818829,2277624.6779366713,5327543.042575328
2023-01-14,Electronics,6634096.142115462,5318515.686570713,8201824.534307044
2023-01-15,Electronics,6743407.683201868,5238372.38878922,8303936.075746372
2023-01-16,Electronics,3735380.1366209257,2173850.2559364582,5219482.822603946
2023-01-17,Electronics,3729890.009871497,2235883.3306096396,5316720.891171024
2023-01-18,Electronics,3729197.8092221003,2108299.5475019175,5237805.586674763
2023-01-19,Electronics,3986511.31380818,2470099.944955885,5615415.491845361
2023-01-20,Electronics,3759043.2784440517,2227819.3507586047,5344742.395863857
2023-01-21,Electronics,6573670.163628921,5124540.51298403,8089143.51840282
2023-01-22,Electronics,6725598.430553727,5215845.885501391,8214942.15692758
2023-01-23,Electronics,3759505.883804619,2279619.2206184505,5367439.264945583
2023-01-24,Electronics,3792898.9659341546,2357092.8533716216,5345919.185559361
2023-01-25,Electronics,3827138.102828493,2353223.0298755,5384680.4243995175
2023-01-26,Electronics,4114235.0455625174,2662213.5537089715,5770560.262681936
2023-01-27,Electronics,3910564.704093289,2435753.8750746218,5533175.296047025
2023-01-28,Electronics,6741780.764021304,5236373.574622804,8247546.956940542
2023-01-29,Electronics,6903471.94260164,5422014.109555306,8444206.651987704
2023-01-30,Electronics,3940196.980016331,2352464.624737849,5521523.934755747
2023-01-31,Electronics,3968648.721802855,2345026.5452515967,5401944.216546704
2023-02-01,Electronics,3990962.9471648466,2487200.4310877123,5532258.353911517
2023-02-02,Electronics,4259692.513407307,2721009.776475448,5818120.640001976
2023-02-03,Electronics,4032115.4043285316,2416454.4203557097,5627926.6353645865
2023-02-04,Electronics,6834350.47160446,5113888.329572016,8287924.707464068
2023-02-05,Electronics,6963949.739501973,5387986.552477374,8571413.179492388
2023-02-06,Electronics,3966777.657783448,2475801.7533090566,5518337.346801031
2023-02-07,Electronics,3959938.480726033,2336696.668941844,5521523.489153125
2023-02-08,Electronics,3947332.250179429,2408829.357455313,5485527.258963167
2023-02-09,Electronics,4182777.6085954476,2598483.029281567,5643262.791171775
2023-02-10,Electronics,3924896.814733258,2467839.311982795,5435046.138739047
2023-02-11,Electronics,6700421.719115042,5188165.285226698,8304427.315128928
2023-02-12,Electronics,6808721.733247865,5209583.948293973,8337594.348450868
2023-02-13,Electronics,3796536.32642155,2281091.6077117007,5269206.415883555
2023-02-14,Electronics,3780683.629112323,2267751.317598893,5125912.08403004
2023-02-15,Electronics,3765889.7419740995,2272808.043700743,5288189.932263391
2023-02-16,Electronics,4006093.6956479726,2503113.2454401394,5653289.919505955
2023-02-17,Electronics,3759949.065000671,2201532.5634635002,5291691.328586294
2023-02-18,Electronics,6553364.635782026,4967313.100885203,8081154.750593458
2023-02-19,Electronics,6686015.862081492,5181512.677409628,8189204.641647082
2023-02-20,Electronics,3703980.252994542,2202351.456964311,5132655.889265185
2023-02-21,Electronics,3722277.087141778,2182849.190427749,5287135.070082935
2023-02-22,Electronics,3745018.606333588,2209427.7655336303,5287965.376432269
2023-02-23,Electronics,4024942.8436095957,2551299.3686440964,5488408.31520331
2023-02-24,Electronics,3819573.317582596,2400596.3449111213,5472227.125065353
2023-02-25,Electronics,6653030.377275371,5063381.305654862,8262791.240796616
2023-02-26,Electronics,6824555.570108537,5406341.686039319,8363053.056600271
2023-02-27,Electronics,3879071.921887222,2334194.130490862,5311425.515601234
2023-02-28,Electronics,3929568.732980413,2470343.4412652585,5470430.993783576
2023-03-01,Electronics,3979580.2390311426,2438760.6343932413,5396063.346414882
2023-03-02,Electronics,4280943.404849137,2712876.3688832084,5765242.8288316475
2023-03-03,Electronics,4090604.4874988887,2512183.5361097907,5794708.721453622
2023-03-04,Electronics,6931681.9651582455,5399170.269967212,8446266.324238611
2023-03-05,Electronics,7103977.514264975,5596188.036723768,8646262.353615627
2023-03-06,Electronics,4152428.555775774,2595775.0730083804,5738747.966320026
2023-03-07,Electronics,4189300.264194667,2709768.883424546,5668897.043613156
2023-03-08,Electronics,4218949.81428803,2828327.9255479993,5817316.676989044
2023-03-09,Electronics,4493764.58980493,3067703.2024238897,6091624.7009812
2023-03-10,Electronics,4271569.814301468,2617068.1075577745,5671776.420634115
2023-03-11,Electronics,7075897.455280975,5536914.9412273755,8701245.851252899
2023-03-12,Electronics,7208439.819097153,5493370.189874744,8804262.68657752
2023-03-13,Electronics,4215353.353112618,2719605.4487228547,5730646.520610358
2023-03-14,Electronics,4209221.097747933,2665335.86844066,5706633.218863492
2023-03-15,Electronics,4196071.106560781,2642321.933458987,5770634.811419948
2023-03-16,Electronics,4429469.956456805,2945365.0542616225,5995978.9522139225
2023-03-17,Electronics,4168513.3696634783,2649335.7433089702,5725970.520034427
2023-03-18,Electronics,6937290.566629003,5414681.051857116,8555635.196461115
2023-03-19,Electronics,7039277.77572873,5553087.322400708,8645642.515194684
2023-03-20,Electronics,4021498.4400697267,2521877.354666486,5487360.018563849
2023-03-21,Electronics,3996268.895422742,2420024.4299220503,5529177.929579606
2023-03-22,Electronics,3970490.9269639244,2437341.938441764,5512387.974303355
2023-03-23,Electronics,4197927.05056307,2678370.0263682413,5746176.998895479
2023-03-24,Electronics,3937806.225945533,2413266.133434732,5467668.969656458
2023-03-25,Electronics,6713520.352491665,5175901.550053792,8157600.022826852
2023-03-26,Electronics,6828997.790936891,5374977.437538681,8324571.893474751
2023-03-27,Electronics,3830762.212052245,2189113.1350074126,5446900.983014255
2023-03-28,Electronics,3829504.534357538,2252957.9919607714,5286971.358681403
2023-03-29,Electronics,3831692.081165397,2235408.263568995,5321136.020337157
2023-03-30,Electronics,4090066.2272027587,2514615.3742540167,5612229.843901345
2023-03-31,Electronics,3862900.648629665,2406590.270964916,5522041.7264443645
2023-04-01,Electronics,6671963.109107329,5186590.725588098,8092994.685976267
2023-04-02,Electronics,6820896.823479235,5250597.972501494,8393848.534367518
2023-04-03,Electronics,3855199.6425619456,2248583.8738083593,5349377.771577021
2023-04-04,Electronics,3883637.138277421,2460169.8112903466,5409493.38146196
2023-04-05,Electronics,3912176.0255903555,2410782.92269822,5518903.088704285
2023-04-06,Electronics,4192704.4279377023,2670013.1681069247,5644310.786888399
2023-04-07,Electronics,3982935.5252589583,2552821.675857782,5576152.708172095
2023-04-08,Electronics,6803620.377118897,5200399.884901202,8358330.052429578
2023-04-09,Electronics,6958916.242744996,5447463.36742043,8478700.58723125
2023-04-10,Electronics,3994259.2806408377,2485197.429545584,5562305.19540213
2023-04-11,Electronics,4017586.899734491,2577234.687398071,5607287.698302678
2023-04-12,Electronics,4035559.536551804,2373223.845266142,5546532.795431897
2023-04-13,Electronics,4300464.754122889,2807470.737210903,5817470.527881889
2023-04-14,Electronics,4070725.8652677163,2581841.46249902,5574686.796909882
2023-04-15,Electronics,6867325.016451534,5367316.518531198,8380237.810016843
2023-04-16,Electronics,6996118.624148069,5419941.674852475,8493691.833203927
2023-04-17,Electronics,4003565.939906417,2537737.129138211,5593787.75910195
2023-04-18,Electronics,3997726.3897047606,2447705.12902783,5477057.471301161
2023-04-19,Electronics,3986739.870583921,2546302.8205231386,5644459.001237369
2023-04-20,Electronics,4223890.214025001,2688376.8665991933,5875320.134184695
2023-04-21,Electronics,3968700.437370591,2471273.596221805,5421719.510646473
2023-04-22,Electronics,6742554.419651788,5279996.0016571805,8293694.053230026
2023-04-23,Electronics,6852954.812759864,5353539.937593284,8492328.920839937
2023-04-24,Electronics,3847109.9748867513,2315866.006287652,5424453.262176952
2023-04-25,Electronics,3832715.8470281535,2299220.654710876,5385135.975516839
2023-04-26,Electronics,3818711.0412124707,2250409.2134575183,5351443.298360036
2023-04-27,Electronics,4058522.120931472,2387452.019856171,5515685.431580558
2023-04-28,Electronics,3811773.3893409004,2254813.897217777,5174091.086787427
2023-04-29,Electronics,6599139.618916833,5150074.46081064,8151206.911654949
2023-04-30,Electronics,6728582.4127677195,5122027.053200297,8355452.164641115
2023-05-01,Electronics,3746833.8407334876,2173252.4530363367,5402206.950938066
2023-05-02,Electronics,3760002.3276987644,2238487.9079479594,5231393.960955853
2023-05-03,Electronics,3776641.889845811,2184006.9224820225,5428594.203036788
2023-05-04,Electronics,4049217.218625037,2570819.1580002443,5586137.475021752
2023-05-05,Electronics,3836463.4192750137,2254605.8299880554,5327956.749342714
2023-05-06,Electronics,6657501.511670588,5088969.701254809,8115696.199856249
2023-05-07,Electronics,6820080.259706563,5313826.015005234,8271659.213440858
2023-05-08,Electronics,3869977.975027783,2376118.6291499524,5360579.3953463305
2023-05-09,Electronics,3911447.652178104,2232368.247338371,5480339.777904482
2023-05-10,Electronics,3952608.8791672927,2507659.46276759,5496550.076720705
2023-05-11,Electronics,4245134.276306494,2720988.1038709753,5731690.0860547535
2023-05-12,Electronics,4047253.7164614457,2365328.0838202555,5638759.644554168
2023-05-13,Electronics,6877120.286067377,5312607.533152304,8307075.269828762
2023-05-14,Electronics,7043038.823390523,5543991.382061145,8538976.445039846
2023-05-15,Electronics,4090761.2813980556,2445904.0492480444,5618480.277721835
2023-05-16,Electronics,4123741.4348369082,2640870.3935128707,5733991.116826654
2023-05-17,Electronics,4150815.6708765295,2661210.035686706,5681337.253408482
2023-05-18,Electronics,4424073.942695172,2910760.669971375,6063053.155135494
2023-05-19,Electronics,4202469.759132211,2720285.237141444,5765528.715513532
2023-05-20,Electronics,7004397.255883611,5514337.376950399,8561989.578693414
2023-05-21,Electronics,7139867.702088419,5383887.249170893,8693312.676195182
2023-05-22,Electronics,4155661.5391637566,2609948.522808546,5769520.033576011
2023-05-23,Electronics,4155358.8053355883,2630631.717914084,5785717.444090595
2023-05-24,Electronics,4149279.0522092483,2605810.7509587663,5763030.029805657
2023-05-25,Electronics,4390512.138151779,2809615.8391864398,5903048.759001628
2023-05-26,Electronics,4139115.166459922,2699545.9734794735,5611067.700505647
2023-05-27,Electronics,6913888.318161681,5366673.499486913,8493541.633509433
2023-05-28,Electronics,7026493.852149786,5537260.269158132,8544588.686365742
2023-05-29,Electronics,4024466.411550585,2585793.809178122,5529076.864558955
2023-05-30,Electronics,4011027.779369012,2522406.782932646,5527675.66562228
2023-05-31,Electronics,3997301.304541548,2392863.6988862357,5353023.270474719
2023-06-01,Electronics,4236524.207037991,2661335.6414529136,5762797.763193022
2023-06-02,Electronics,3988858.7496501384,2369310.84992721,5577477.109530613
2023-06-03,Electronics,6772398.872434048,5291270.328251976,8253843.553920779
2023-06-04,Electronics,6899267.469763539,5363675.752582957,8559938.402012626
2023-06-05,Electronics,3916523.356753445,2427382.234374936,5433353.786581794
2023-06-06,Electronics,3925800.136976369,2309264.725289504,5461658.706689064
2023-06-07,Electronics,3937835.038078254,2425304.931468695,5453345.982303413
2023-06-08,Electronics,4204901.469952584,2775583.7664199295,5740473.583578416
2023-06-09,Electronics,3986270.766996416,2407561.1313994536,5500161.97275863
2023-06-10,Electronics,6798482.394973352,5297341.852516021,8342113.828528609
2023-06-11,Electronics,6953447.581294303,5392956.245103709,8472781.972629074
2023-06-12,Electronics,3997275.508993379,2347815.59097931,5482006.723725846
2023-06-13,Electronics,4029752.5807072893,2562625.542989603,5545081.706675226
2023-06-14,Electronics,4061194.9451813176,2531535.5923610455,5491374.723284033
2023-06-15,Electronics,4343103.527445304,2857737.1598720183,5891346.98708698
2023-06-16,Electronics,4134271.172802291,2472687.065934634,5725458.110538801
2023-06-17,Electronics,6950304.142933079,5371619.402207291,8488363.75348601
2023-06-18,Electronics,7103712.83097462,5479760.061568152,8649569.56235828
2023-06-19,Electronics,4140631.9180314485,2504842.9752661707,5614403.735007726
2023-06-20,Electronics,4160109.119950947,2560658.2651006184,5736752.560312253
2023-06-21,Electronics,4173245.877265171,2653114.748994389,5689970.7254729625
2023-06-22,Electronics,4432036.146301238,2895363.5315592005,5951643.489258566
2023-06-23,Electronics,4196077.906320481,2585210.1292906334,5744086.085662258
2023-06-24,Electronics,6981304.062438758,5393060.104093513,8517229.732704815
2023-06-25,Electronics,7102018.777007676,5525165.299176353,8643442.847452702
2023-06-26,Electronics,4105471.960358348,2567177.0009154137,5615840.182434477
2023-06-27,Electronics,4090920.916545876,2650372.8985746447,5644800.630628671
2023-06-28,Electronics,4071026.8985204087,2500122.697090954,5645758.398774782
2023-06-29,Electronics,4298850.713434407,2925076.826729176,5955391.837580361
2023-06-30,Electronics,4035147.9106947877,2467385.965211604,5417729.259070708
2023-07-01,Electronics,6796295.394402989,5297108.68370844,8288839.12640654
2023-07-02,Electronics,6898267.163763081,5322810.865734145,8305140.955457334
2023-07-03,Electronics,3889064.6913119974,2385533.2298453976,5383425.8441034835
2023-07-04,Electronics,3867560.807904822,2208265.56255157,5381406.999867685
2023-07-05,Electronics,3847169.0288062906,2282990.143282227,5432685.533036823
2023-07-06,Electronics,4081019.980224677,2688329.7088924707,5674165.239377364
2023-07-07,Electronics,3829870.682469328,2213264.945263062,5266757.219359441
2023-07-08,Electronics,6609262.7837953735,5045739.380676428,8122011.625171394
2023-07-09,Electronics,6735478.031111295,5251550.120353032,8262516.914218172
2023-07-10,Electronics,3755868.028641881,2160805.2779330723,5215370.130080792
2023-07-11,Electronics,3767525.6725154673,2252879.7490521935,5327226.624955957
2023-07-12,Electronics,3783272.9125146004,2260011.6733794934,5231859.071290397
2023-07-13,Electronics,4055062.614547012,2555825.3919773363,5612932.760409436
2023-07-14,Electronics,3842544.0148421787,2258524.346329181,5372117.24721865
2023-07-15,Electronics,6659490.773051947,5089328.544870553,8189923.179667624
2023-07-16,Electronics,6821769.15515036,5304645.719566802,8302400.255411789
2023-07-17,Electronics,3875593.909006322,2392868.181456719,5404938.382377397
2023-07-18,Electronics,3916046.710570112,2422912.8386878674,5351103.981129783
2023-07-19,Electronics,3955393.8506433344,2469253.4507447565,5537720.561419437
2023-07-20,Electronics,4244716.5997478,2702881.5933827637,5754956.759227687
2023-07-21,Electronics,4043127.213116001,2561393.9370063264,5512838.801990833
2023-07-22,Electronics,6863452.557376307,5319436.970357406,8311147.605162255
2023-07-23,Electronics,7022192.461890015,5400466.999881335,8485458.018980667
2023-07-24,Electronics,4065671.444720095,2447793.3817630406,5636845.4887176715
2023-07-25,Electronics,4088367.024652539,2462479.7293595034,5708885.549288044
2023-07-26,Electronics,4103514.37323308,2617633.561961975,5603529.7777780965
2023-07-27,Electronics,4362917.674506276,2817898.6181406956,5917303.800923957
2023-07-28,Electronics,4126766.0540138306,2630787.845017336,5707646.464303423
2023-07-29,Electronics,6908520.582186108,5292321.761900014,8545064.968278399
2023-07-30,Electronics,7026810.650835465,5495481.61941499,8553210.794120453
2023-07-31,Electronics,4029431.1090306332,2386685.991193784,5570352.855751768
2023-08-01,Electronics,4011433.326522611,2454699.86290063,5534138.2889589155
2023-08-02,Electronics,3987974.571043689,2362773.999211262,5441208.927202002
2023-08-03,Electronics,4212274.420854909,2587469.6621203297,5823732.67701984
2023-08-04,Electronics,3946002.225121879,2435003.317003216,5403944.876842743
2023-08-05,Electronics,6703347.682485846,5142480.167301713,8213487.919682724
2023-08-06,Electronics,6804844.828350604,5214290.143124325,8333129.396596682
2023-08-07,Electronics,3799214.066483717,2365487.5167163373,5241193.0355241345
2023-08-08,Electronics,3781225.59560333,2283835.6452091327,5308376.864423506
2023-08-09,Electronics,3766813.1692842287,2226393.608683358,5331746.960815579
2023-08-10,Electronics,4009204.8565922515,2507461.9828817844,5508204.3448314
2023-08-11,Electronics,3769920.280001578,2258243.7788528088,5303004.702313566
2023-08-12,Electronics,6562070.971936093,4938627.801417283,8075425.018889482
2023-08-13,Electronics,6706164.888744232,5325159.4797065575,8265946.359120435
2023-08-14,Electronics,3749851.481549292,2157289.6755812466,5195897.566635448
2023-08-15,Electronics,3785619.1973913084,2198834.369905049,5202916.468092427
2023-08-16,Electronics,3828237.08808953,2373066.601466805,5508033.835366586
2023-08-17,Electronics,4129123.24121645,2579323.4189997492,5655658.948944626
2023-08-18,Electronics,3948013.0411769203,2463774.220434389,5504255.815251354
2023-08-19,Electronics,6795546.562370328,5243726.138799143,8358045.585152115
2023-08-20,Electronics,6991105.050778668,5411504.253870302,8560064.338873038
2023-08-21,Electronics,4080502.9634860097,2617870.76411286,5614710.774129821
2023-08-22,Electronics,4153554.457734495,2631041.725128875,5716030.47362947
2023-08-23,Electronics,4223867.478635046,2745778.336196072,5870502.3102933895
2023-08-24,Electronics,4541463.2189571075,3104640.2736396957,6001918.05803422
2023-08-25,Electronics,4365116.815847886,2729724.9986452684,5937159.41257209
2023-08-26,Electronics,7204220.911628444,5686335.8831868945,8655754.216541342
2023-08-27,Electronics,7378630.972437697,5741381.765926697,8889964.0020627
2023-08-28,Electronics,4434269.284549793,2994656.418948994,5937137.625987063
2023-08-29,Electronics,4460514.276167144,2959087.7110773833,5965741.053305167
2023-08-30,Electronics,4472290.861733582,2847527.3042138773,6041769.239004933
2023-08-31,Electronics,4720876.039268753,3174301.028293103,6177228.998881802
2023-09-01,Electronics,4466840.134154205,2911835.157185942,5954438.05232448
2023-09-02,Electronics,7221109.558798515,5569149.554069978,8711876.636326848
2023-09-03,Electronics,7306741.010158966,5704798.075233342,8922116.787551848
2023-09-04,Electronics,4272356.719352019,2752914.3236832907,5870385.821798975
2023-09-05,Electronics,4209277.441506265,2654667.5405939785,5790145.369819815
2023-09-06,Electronics,4135833.7233956,2747024.7264662744,5699354.449461508
2023-09-07,Electronics,4306288.388951929,2817995.0018782886,5826943.796809334
2023-09-08,Electronics,3984317.256129432,2389189.511927612,5528745.175882486
2023-09-09,Electronics,6683220.11919773,5129811.74595183,8215948.541538098
2023-09-10,Electronics,6729584.607599953,5210664.263283916,8240611.6003131615
2023-09-11,Electronics,3674526.6067211647,2188136.541091327,5147812.082522376
2023-09-12,Electronics,3610554.9807966948,2047203.6182836222,4999410.124350574
2023-09-13,Electronics,3558106.6270410265,2102126.445734261,5149843.46506324
2023-09-14,Electronics,3772603.755003701,2329224.7260603304,5228243.035983394
2023-09-15,Electronics,3518506.8465764504,1909163.7028820019,5034685.097446786
2023-09-16,Electronics,6308720.907363823,4770945.919438568,7836696.462068349
2023-09-17,Electronics,6470209.311345897,4874145.77487962,8036113.978179276
2023-09-18,Electronics,3553111.611527793,2004337.8605370596,5187167.773737523
2023-09-19,Electronics,3647422.3732775063,2227850.6059161397,5304154.069163689
2023-09-20,Electronics,3771840.504532818,2270707.326640346,5319980.128260312
2023-09-21,Electronics,4179057.6287912573,2676252.3933299524,5757712.749647368
2023-09-22,Electronics,4130482.897949615,2503138.8243819512,5595792.502734725
2023-09-23,Electronics,7134944.802756317,5570082.289166437,8760627.55220344
2023-09-24,Electronics,7516353.28442466,5845115.721510534,8975837.441747518
2023-09-25,Electronics,4820788.5286871195,3200871.319123689,6464270.624999846
2023-09-26,Electronics,5133080.236497902,3580976.476833127,6641439.172679061
2023-09-27,Electronics,5468047.850898608,3915156.0834740503,6945602.828216329
2023-09-28,Electronics,6074084.749828706,4579583.925155572,7676790.158382033
2023-09-29,Electronics,6208605.830406555,4656111.8802435575,7741411.868475159
2023-09-30,Electronics,9376080.43571152,7777093.817411209,10932943.037355071
2023-10-01,Electronics,9897761.748942552,8351455.509742455,11352131.870239427
2023-10-02,Electronics,7316748.342470393,5715571.748408898,8960058.690925933
2023-10-03,Electronics,7714448.096564622,6121365.842635904,9273151.514746489
2023-10-04,Electronics,8104176.174067699,6579776.618240335,9519705.001064463
2023-10-05,Electronics,8732985.194603886,7303769.528700989,10254905.31808232
2023-10-06,Electronics,8857770.150942769,7302729.956705072,10405568.44143364
2023-10-07,Electronics,11982552.95977925,10616333.511918811,13441491.606226336
2023-10-08,Electronics,12430187.518870723,10816059.097675635,13943941.024717914
2023-10-09,Electronics,9745292.534921436,8238300.328613732,11265204.79188665
2023-10-10,Electronics,10010491.315104365,8460302.879003739,11578898.855302641
2023-10-11,Electronics,10242254.184062604,8802484.921415105,11735397.22763178
2023-10-12,Electronics,10690859.722185362,9128881.042546412,12294067.614024917
2023-10-13,Electronics,10617043.468123022,9111569.797969492,12077666.361158637
2023-10-14,Electronics,13528424.889935095,11991004.52682666,15055713.890149318
2023-10-15,Electronics,13753086.121853089,12142132.93976716,15280388.678673113
2023-10-16,Electronics,10840284.01571131,9224493.282989403,12468096.61666575
2023-10-17,Electronics,10876386.140806507,9421108.988466715,12393568.902842047
2023-10-18,Electronics,10882892.52111527,9376998.157760235,12324932.570359016
2023-10-19,Electronics,11114479.137493236,9627701.607255606,12557047.258234162
2023-10-20,Electronics,10836159.296970928,9433647.667947836,12242517.507765476
2023-10-21,Electronics,13558841.500617784,12041502.142560126,15166936.295522314
2023-10-22,Electronics,13614785.274772385,12025555.110759903,15089874.390083991
2023-10-23,Electronics,10556120.137743076,9079515.178406844,12134085.300386447
2023-10-24,Electronics,10470523.009418802,8930021.04998358,12063054.848126447
2023-10-25,Electronics,10381476.810406316,8816161.876701953,11989154.905025678
2023-10-26,Electronics,10544475.022565767,9026781.417923855,12093768.89162563
2023-10-27,Electronics,10224785.161828633,8662932.852187894,11793420.104343338
2023-10-28,Electronics,12932240.181132829,11384231.985878505,14425185.030503206
2023-10-29,Electronics,12998680.755652234,11466811.181647684,14531432.184506163
2023-10-30,Electronics,9974400.57413838,8390916.227547113,11452519.623185445
2023-10-31,Electronics,9943684.84116072,8389064.435174288,11468401.813697897
2023-11-01,Electronics,9927420.479286004,8460625.63699182,11501915.508570453
2023-11-02,Electronics,10177582.336445644,8630634.830063814,11737508.78731806
2023-11-03,Electronics,9955707.54619998,8406918.75288406,11411933.337628542
2023-11-04,Electronics,12767022.319750585,11194006.750530694,14283951.4142483
2023-11-05,Electronics,12939957.173677377,11387968.75327073,14451901.737682557
2023-11-06,Electronics,10020596.123130629,8557596.378660565,11621853.196032314
2023-11-07,Electronics,10088134.489934187,8633451.191395788,11611607.329456275
2023-11-08,Electronics,10159882.239483451,8550979.773911975,11597052.601639263
2023-11-09,Electronics,10484054.800878773,9047763.720972942,11968246.391924707
2023-11-10,Electronics,10318962.152352126,8727930.90914203,11932463.308147505
2023-11-11,Electronics,13166455.654384332,11601429.273299463,14699681.929342836
2023-11-12,Electronics,13353482.13334099,11736521.043950304,14843592.30061573
2023-11-13,Electronics,10424485.091422575,8915283.849389462,11988170.535084665
2023-11-14,Electronics,10456713.541949382,8962082.114952153,11925754.697739098
2023-11-15,Electronics,10467535.642667724,8981889.13963661,11953741.846170088
2023-11-16,Electronics,10705446.316964053,9106443.359544361,12239369.472110014
2023-11-17,Electronics,10429843.546856938,9009822.312953422,12101405.936022809
2023-11-18,Electronics,13143712.260383178,11563970.384604027,14648926.468923442
2023-11-19,Electronics,13177071.560494151,11640704.84188609,14785487.868950468
2023-11-20,Electronics,10077228.72899832,8600701.216289055,11572781.999001218
2023-11-21,Electronics,9923847.315353006,8542365.874391213,11454307.226862555
2023-11-22,Electronics,9738408.184841441,8231377.51900297,11302739.215667339
2023-11-23,Electronics,9773353.377417153,8294594.176733394,11346315.086415594
2023-11-24,Electronics,9292387.699957963,7792350.431470183,10884258.345946921
2023-11-25,Electronics,11802295.078829188,10351810.064616358,13299250.091783684
2023-11-26,Electronics,11638186.64732285,10024515.365613602,13169320.55188167
2023-11-27,Electronics,8351610.964117466,6826454.052075952,9880440.061998323
2023-11-28,Electronics,8025333.734375449,6504435.741947132,9549098.569649214
2023-11-29,Electronics,7684911.329054455,6105802.099557141,9222237.611179646
2023-11-30,Electronics,7586006.852800266,6090143.527189445,9099556.542443369
2023-12-01,Electronics,6995213.046527315,5509448.371648886,8401863.386750344
2023-12-02,Electronics,9421063.795351699,7985091.198234875,10867779.836389158
2023-12-03,Electronics,9201132.865908816,7689036.673807095,10705076.419505974
2023-12-04,Electronics,5888071.654679341,4209242.712902737,7292190.683367443
2023-12-05,Electronics,5564184.166706287,4077190.2971216487,7125246.171288408
2023-12-06,Electronics,5255206.62494757,3761322.6968337325,6837627.749293911
2023-12-07,Electronics,5215896.800820086,3694319.924671023,6753985.616186668
2023-12-08,Electronics,4711483.985585754,3135086.73050466,6315777.26616062
2023-12-09,Electronics,7247983.29101872,5733306.836977628,8660203.644521577
2023-12-10,Electronics,7161251.708232357,5711029.387340617,8671684.858298587
2023-12-11,Electronics,4001056.304892078,2533580.5324128554,5564940.15927666
2023-12-12,Electronics,3845540.973951714,2301899.2559212237,5463970.131715433
2023-12-13,Electronics,3717380.2935103425,2135232.268174831,5370278.534344495
2023-12-14,Electronics,3867483.7184303547,2389144.54721929,5352854.648868262
2023-12-15,Electronics,3557334.944095926,1903018.2040745656,5173993.118291708
2023-12-16,Electronics,6288917.579230223,4813129.909443216,7843483.741351111
2023-12-17,Electronics,6394769.482179646,4844866.443570737,7881769.882318002
2023-12-18,Electronics,3420975.1399376243,1804373.5955116295,4809189.619286554
2023-12-19,Electronics,3442289.454673984,1940878.5948026406,4928782.3729947135
2023-12-20,Electronics,3478497.164945268,1957364.7506303876,5030680.114672933
2023-12-21,Electronics,3778085.4399812697,2243480.4731160766,5394274.105026171
2023-12-22,Electronics,3600467.056871032,2103238.4495273246,5072418.135014971
2023-12-23,Electronics,6446080.25808423,4950357.548325586,8011137.590865811
2023-12-24,Electronics,6646332.799243599,5110248.455690978,8129821.674580007
2023-12-25,Electronics,3746745.2008505766,2141587.0713368445,5354062.417954018
2023-12-26,Electronics,3822082.5074626105,2277756.073175911,5388620.936503983
2023-12-27,Electronics,3892541.3560463306,2398233.224864148,5449051.976916833
2023-12-28,Electronics,4207513.487126933,2711284.949097208,5653706.980841196
2023-12-29,Electronics,4027725.3919313364,2558302.5299355723,5417686.996385483
2023-12-30,Electronics,6855338.276629812,5285753.799966033,8386867.252925179
2023-12-31,Electronics,7023699.6945449,5431101.396784937,8597628.052882079
2024-01-01,Electronics,4080562.976755741,2513601.9329234157,5549688.320243538
2024-01-02,Electronics,4103161.5889863246,2587430.4716176703,5585327.547983974
2024-01-03,Electronics,4114169.3830747525,2716173.2643909883,5738634.745423176
2024-01-04,Electronics,4365512.7312390525,2927359.3418394257,5869333.766568663
2024-01-05,Electronics,4120397.4161029,2594518.019743355,5686952.0662232805
2024-01-06,Electronics,6883393.0554933185,5424731.679630617,8483894.662750347
2024-01-07,Electronics,6989990.377704504,5433015.292447629,8543689.273220165
2024-01-08,Electronics,3989938.4271915522,2411434.621760161,5634392.8867328
2024-01-09,Electronics,3962195.117363664,2407526.8884767694,5439295.483243929
2024-01-10,Electronics,3930787.8321846803,2403303.8073574505,5497713.239128839
2024-01-11,Electronics,4148698.0264082802,2562335.760908999,5666589.784526559
2024-01-12,Electronics,3879793.642271178,2378636.199469481,5558459.316479613
2024-01-13,Electronics,6629160.130561883,5134122.084290607,8196849.861724407
2024-01-14,Electronics,6731983.1504384065,5164215.928592793,8370175.151965874
2024-01-15,Electronics,3737536.5117802727,2301921.1704996577,5392290.7156256065
2024-01-16,Electronics,3724548.2722535,2318189.8140535085,5277294.939707935
2024-01-17,Electronics,3715921.2286960636,2331192.025865787,5215636.824562282
2024-01-18,Electronics,3963481.056031921,2461710.047460891,5571498.162251594
2024-01-19,Electronics,3729691.543511693,2236302.9201781377,5378206.08631526
2024-01-20,Electronics,6518364.91671613,5030787.771380119,8007458.034342703
2024-01-21,Electronics,6662757.726665798,5197560.292009972,8290009.046935354
2024-01-22,Electronics,3710515.2261866843,2113127.3997949623,5173590.8198930025
2024-01-23,Electronics,3739173.73741592,2161568.315997151,5288851.833308572
2024-01-24,Electronics,3769955.4657754526,2249170.5079550385,5349256.093637168
2024-01-25,Electronics,4053334.0485392134,2576229.830156255,5526058.388367096
2024-01-26,Electronics,3850527.29481711,2345361.617596931,5369645.791233687
2024-01-27,Electronics,6664570.796909328,5105683.890167916,8229967.103522934
2024-01-28,Electronics,6827601.02403539,5349798.858164672,8371029.959324703
2024-01-29,Electronics,3886721.1812332813,2356296.8379002507,5433386.2847873205
2024-01-30,Electronics,3919597.1840560483,2449236.5094932653,5530382.838094307
2024-01-31,Electronics,3947277.8831355977,2436195.045188649,5474182.788323777
2024-02-01,Electronics,4220524.484278053,2750909.4392236667,5793749.652251533
2024-02-02,Electronics,4001024.360967741,2430810.3958594482,5611581.697624425
2024-02-03,Electronics,6792770.418844302,5208945.561233229,8215777.214882551
2024-02-04,Electronics,6928803.400936251,5337119.683036841,8376858.781320382
2024-02-05,Electronics,3956676.074858352,2396258.2705289843,5396651.810595969
2024-02-06,Electronics,3956066.423462242,2442235.7807595297,5588453.246682902
2024-02-07,Electronics,3948978.9566236543,2357703.209953855,5521053.423087873
2024-02-08,Electronics,4187566.534136835,2593731.2788021024,5667470.530717102
2024-02-09,Electronics,3934600.1292836065,2315016.1939699305,5385407.858722587
2024-02-10,Electronics,6696635.923736433,5221449.191314822,8318145.706025623
2024-02-11,Electronics,6805460.206709373,5390308.419024307,8257980.00528152
2024-02-12,Electronics,3809655.7920446303,2260202.0931955464,5261426.619317294
2024-02-13,Electronics,3792153.11448653,2301268.8410248403,5300596.753920899
2024-02-14,Electronics,3774438.3789802184,2285863.0405588243,5190173.247613718
2024-02-15,Electronics,4009207.578445272,2371647.70968071,5530374.025159325
2024-02-16,Electronics,3759156.8638066533,2209195.830995997,5233494.97739107
2024-02-17,Electronics,6532209.990829684,4986222.119071472,8041484.647354787
2024-02-18,Electronics,6657667.588302165,5127567.55825464,8223029.969709439
2024-02-19,Electronics,3683464.71714482,2147229.2078205966,5170193.058732902
2024-02-20,Electronics,3694257.790971761,2225454.3184411013,5190973.207903958
2024-02-21,Electronics,3709499.3415947626,2239147.6125139566,5224072.724343981
2024-02-22,Electronics,3980973.016133326,2398947.85533491,5457258.835295116
2024-02-23,Electronics,3769950.9119313825,2116101.2188647664,5316413.22482912
2024-02-24,Electronics,6584523.879674496,5102507.484896255,8103268.161839469
2024-02-25,Electronics,6750492.519382924,5172620.574229456,8230349.865766093
2024-02-26,Electronics,3814346.9772891463,2138331.373765278,5319196.63863902
2024-02-27,Electronics,3861913.613477719,2254875.2043470247,5419663.079120784
2024-02-28,Electronics,3910312.455611715,2375102.4716644,5541350.017144475
2024-02-29,Electronics,4210380.971025131,2651532.063350687,5719665.212121486
2024-03-01,Electronics,4022244.8970004907,2423763.7950390484,5601849.368170989
2024-03-02,Electronics,6854667.317962196,5340684.959970659,8415936.32087524
2024-03-03,Electronics,7030579.61582736,5553312.123979518,8568467.12567901
2024-03-04,Electronics,4095850.6123350034,2587817.0006534345,5617981.966360823
2024-03-05,Electronics,4138845.667727738,2646859.3364277333,5675031.102246619
2024-03-06,Electronics,4175515.345042868,2646680.830028073,5737997.646020896
2024-03-07,Electronics,4457145.56592438,2967176.6955504706,5942884.221962738
2024-03-08,Electronics,4243997.035365222,2799083.7163299997,5756425.107585906
2024-03-09,Electronics,7047272.851395981,5512065.323474252,8626908.42658336
2024-03-10,Electronics,7188086.923985887,5656504.949327299,8673658.314472424
2024-03-11,Electronics,4213115.505629489,2639925.9953168747,5739436.85629488
2024-03-12,Electronics,4214751.549894908,2646125.2064723293,5818715.113574601
2024-03-13,Electronics,4208720.042732425,2599501.795027554,5735049.140948494
2024-03-14,Electronics,4447653.685259705,2808268.73392808,6047096.748710602
2024-03-15,Electronics,4192681.1736701676,2698226.1076475577,5683999.157689825
2024-03-16,Electronics,6957853.492235228,5469248.350783822,8421850.855050068
2024-03-17,Electronics,7062675.988755723,5581286.406189457,8568981.94695222
2024-03-18,Electronics,4054591.621729346,2381000.7498998228,5533350.908780496
2024-03-19,Electronics,4029733.6159725497,2579157.421170958,5669055.266980584
2024-03-20,Electronics,4003078.188357443,2437896.884070472,5528834.813985528
2024-03-21,Electronics,4227863.786453681,2645802.089708069,5765759.895120029
2024-03-22,Electronics,3965152.9401205946,2499569.7625116804,5508130.67775381
2024-03-23,Electronics,6730747.823412057,5263576.461365442,8214264.440794712
2024-03-24,Electronics,6841321.445020313,5320277.348710216,8447024.742011292
2024-03-25,Electronics,3843771.8013569806,2300667.0156369084,5434728.040695141
2024-03-26,Electronics,3836614.498448366,2306038.390012236,5437506.670705745
2024-03-27,Electronics,3832715.700398617,2351291.722218274,5232293.087073791
2024-03-28,Electronics,4084633.7787680062,2557324.3043098142,5511845.775833133
2024-03-29,Electronics,3852083.073213347,2411123.44060394,5414337.940975957
2024-03-30,Electronics,6651574.578713483,5219088.653900295,8200946.26015876
2024-03-31,Electronics,6795857.9114226485,5276910.239932919,8346541.326867244
2024-04-01,Electronics,3830407.637078964,2279589.9951372775,5325804.755505777
2024-04-02,Electronics,3855781.4143279996,2370467.3805296533,5378850.599362813
2024-04-03,Electronics,3882269.656821302,2422998.488745956,5449830.280222743
2024-04-04,Electronics,4161568.372066846,2606713.7055877186,5723691.949738102
2024-04-05,Electronics,3952178.489186172,2404124.9728301116,5454731.601119476
2024-04-06,Electronics,6771792.8276491435,5258129.385847452,8273497.234567869
2024-04-07,Electronics,6929557.839832919,5455335.639429659,8492819.559076412
2024-04-08,Electronics,3970336.953458544,2407957.383820334,5448976.785927902
2024-04-09,Electronics,3997788.7003175025,2508365.772855299,5444221.132677494
2024-04-10,Electronics,4020612.0359928403,2600591.893196792,5564748.430889379
2024-04-11,Electronics,4290845.285219589,2681796.253548795,5857813.18195284
2024-04-12,Electronics,4066981.5928984364,2563528.8244490717,5645311.923536216
2024-04-13,Electronics,6869164.051862144,5362855.998047244,8393441.43249599
2024-04-14,Electronics,7004192.437034372,5526736.815264085,8451945.004198872
2024-04-15,Electronics,4017523.3829120197,2507371.305083094,5554300.189087362
2024-04-16,Electronics,4017030.1701777508,2456090.2675351086,5520491.867426412
2024-04-17,Electronics,4010808.4307451327,2420192.3312316276,5519623.460163958
2024-04-18,Electronics,4252070.085855595,2767280.0804900727,5807353.67304959
2024-04-19,Electronics,3999948.9334222344,2506593.575635439,5544046.80997776
2024-04-20,Electronics,6777483.878147376,5274228.345767773,8351637.629779809
2024-04-21,Electronics,6889357.144600658,5440382.9323496455,8418029.845244689
2024-04-22,Electronics,3881624.7268995675,2285217.526962138,5276128.728353866
2024-04-23,Electronics,3866160.378100132,2343552.2113095317,5333709.0025700675
2024-04-24,Electronics,3850023.4313508538,2454218.896157228,5374678.644570937
2024-04-25,Electronics,4086968.567420428,2564319.4164730264,5716385.804226027
2024-04-26,Electronics,3835958.4969142387,2344448.5452949707,5403704.910922617
2024-04-27,Electronics,6621972.696236468,5112055.277656196,8278120.728657097
2024-04-28,Electronics,6746478.027068491,5186657.267753268,8309079.069756859
2024-04-29,Electronics,3754952.748960575,2421492.0550955106,5359707.205669041
2024-04-30,Electronics,3762067.3783885655,2237897.0442639817,5250843.577646675
2024-05-01,Electronics,3772610.5853509754,2216897.2986919936,5241991.431377998
2024-05-02,Electronics,4039681.456492951,2602523.3254050803,5557928.718321948
2024-05-03,Electronics,3820940.0360072306,2295977.7604145193,5318287.303450399
2024-05-04,Electronics,6642285.731041527,5137493.703794563,8274640.717961913
2024-05-05,Electronics,6801075.428263929,5296075.648545574,8516454.854805572
2024-05-06,Electronics,3841493.0096916268,2365028.123474944,5363728.84584831
2024-05-07,Electronics,3880478.0704561844,2317480.662373508,5487020.645312577
2024-05-08,Electronics,3920220.195797355,2444980.33915895,5361732.469158463
2024-05-09,Electronics,4213054.774033506,2648689.184065063,5725667.908249613
2024-05-10,Electronics,4015451.3371813116,2434147.4495111536,5540117.353419255
2024-05-11,Electronics,6854558.052365509,5379283.94526058,8346081.54577995
2024-05-12,Electronics,7024156.827366978,5408755.125060068,8591588.40234055
2024-05-13,Electronics,4067861.232771215,2467572.6853385097,5505120.407756474
2024-05-14,Electronics,4105769.937572539,2630461.7692457368,5622050.467385207
2024-05-15,Electronics,4138500.9177298113,2597704.1298816893,5728026.209592863
2024-05-16,Electronics,4418757.967514866,2874013.727388541,6030719.940876743
2024-05-17,Electronics,4203020.630392856,2646135.3835650072,5783182.200395107
2024-05-18,Electronics,7020916.361286476,5579602.202951478,8699944.794880485
2024-05-19,Electronics,7163873.22304579,5609998.956257561,8637192.772647234
2024-05-20,Electronics,4176107.2207185435,2687934.4543243735,5755118.126687895
2024-05-21,Electronics,4181962.455853036,2726327.482253068,5674395.66721549
2024-05-22,Electronics,4181450.775255909,2681180.2878610217,5679822.453799962
2024-05-23,Electronics,4428457.835603695,2869369.2375496593,6025546.274571345
2024-05-24,Electronics,4180108.2548768576,2583152.8084183284,5742018.199781725
2024-05-25,Electronics,6968945.747693651,5524321.818353163,8572220.15070942
2024-05-26,Electronics,7084266.917529183,5520211.213060321,8649998.740896322
2024-05-27,Electronics,4070892.548882749,2539249.9283439615,5618675.305348039
2024-05-28,Electronics,4057196.1410858193,2433679.633298022,5645386.444660791
2024-05-29,Electronics,4042151.0634291787,2516779.0173645094,5591599.503487706
2024-05-30,Electronics,4280192.855629219,2630714.9531234717,5865496.573875338
2024-05-31,Electronics,4028278.9240635065,2506547.4110817965,5497631.223745775
2024-06-01,Electronics,6820902.914415068,5283137.310148136,8446288.647649761
2024-06-02,Electronics,6944139.89475623,5307415.585967859,8490181.201509345
2024-06-03,Electronics,3942237.750627648,2448311.2475750227,5448269.073924889
2024-06-04,Electronics,3946370.75325145,2456781.164559665,5506936.047114111
2024-06-05,Electronics,3953234.754796098,2371405.0327091883,5562649.241584245
2024-06-06,Electronics,4216605.668899973,2596293.0634161546,5705285.238122354
2024-06-07,Electronics,3992133.062478819,2483539.2269547405,5515256.962298242
2024-06-08,Electronics,6815226.038152083,5313558.588557158,8370689.013950684
2024-06-09,Electronics,6967843.798836332,5428336.81683525,8552759.106718052
2024-06-10,Electronics,3992936.7506741397,2360374.711140418,5467999.837912244
2024-06-11,Electronics,4023949.3552568927,2519576.987519243,5688366.196848348
2024-06-12,Electronics,4054981.4561075605,2545957.4212538437,5456795.720379075
2024-06-13,Electronics,4339054.260638489,2912437.5782712824,5809792.807445134
2024-06-14,Electronics,4130641.9807941727,2711635.8528819503,5680109.668644927
2024-06-15,Electronics,6966426.044535576,5500742.777018439,8548687.56188099
2024-06-16,Electronics,7124820.5574061405,5486348.888090155,8691717.069961231
2024-06-17,Electronics,4148245.670991047,2465249.6298583876,5708477.455029657
2024-06-18,Electronics,4173355.824083173,2706562.0490963273,5790154.458612085
2024-06-19,Electronics,4192737.49925014,2674332.195755156,5802235.828583019
2024-06-20,Electronics,4459848.246868408,2813576.2507161023,5914214.921101271
2024-06-21,Electronics,4229248.127480924,2684713.2022094917,5644644.15333142
2024-06-22,Electronics,7040181.490579916,5567634.508271519,8576704.463078778
2024-06-23,Electronics,7168795.241644177,5605935.641916179,8739342.499710942
2024-06-24,Electronics,4158202.593127279,2731909.227208813,5645577.981478295
2024-06-25,Electronics,4149396.164980263,2637770.544088878,5602136.8479319345
2024-06-26,Electronics,4134444.3450674685,2711227.539269536,5689228.131709268
2024-06-27,Electronics,4368069.624667258,2765598.5960078994,5944182.517051429
2024-06-28,Electronics,4105551.1508324016,2616008.0370974205,5668337.3062287085
2024-06-29,Electronics,6889111.473880489,5322025.35267582,8360257.268140429
2024-06-30,Electronics,6992811.856433269,5548438.707685327,8529763.534194432
2024-07-01,Electronics,3960398.0936751044,2482292.6589904744,5490468.293771458
2024-07-02,Electronics,3936897.908250918,2367746.369680247,5509122.544806909
2024-07-03,Electronics,3913323.2127231746,2390335.9504959616,5547495.8326198775
2024-07-04,Electronics,4144902.7600467973,2706935.3574651773,5648163.151915304
2024-07-05,Electronics,3886678.113867059,2289448.704499031,5487894.894732075
2024-07-06,Electronics,6682724.3397830725,5162085.629243779,8263698.736109903
2024-07-07,Electronics,6803757.142053819,5275798.864046686,8272371.252079633
2024-07-08,Electronics,3792800.299692609,2304424.689930104,5258761.877407165
2024-07-09,Electronics,3797510.449394653,2212177.4863789664,5301925.318331354
2024-07-10,Electronics,3806430.5517426413,2278880.280881483,5386403.114120696
2024-07-11,Electronics,4073922.940900006,2609067.6775210286,5682327.245328902
2024-07-12,Electronics,3853504.1125947363,2281928.2263872167,5371367.255488736
2024-07-13,Electronics,6689942.611969937,5136630.219346272,8170716.149411745
2024-07-14,Electronics,6849617.69058271,5232993.041442373,8363904.704423225
2024-07-15,Electronics,3874043.171759754,2372027.3518607235,5416751.736352229
2024-07-16,Electronics,3912948.3747822014,2320299.846871896,5393001.962205512
2024-07-17,Electronics,3952104.4793703984,2394457.1906442554,5556057.099730514
2024-07-18,Electronics,4244971.806223066,2742103.8350702096,5807697.34882125
2024-07-19,Electronics,4043778.8428080725,2453674.302317539,5755670.924198087
2024-07-20,Electronics,6894494.030187188,5286427.181711686,8435552.547806513
2024-07-21,Electronics,7059923.907811975,5527858.0854636375,8634770.70258598
2024-07-22,Electronics,4081072.8707964965,2500942.5530776056,5589142.623709008
2024-07-23,Electronics,4110951.727017349,2603243.7621533973,5583793.323928417
2024-07-24,Electronics,4133941.252224832,2626298.1431444087,5758600.119398587
2024-07-25,Electronics,4404111.805056192,3023889.004386475,5930863.736984543
2024-07-26,Electronics,4173999.737592611,2670267.1331048696,5802581.762596908
2024-07-27,Electronics,6992402.670116241,5371865.78791004,8507587.289715031
2024-07-28,Electronics,7120164.68799038,5595953.870991298,8566956.106039291
2024-07-29,Electronics,4099319.156543418,2538362.181664972,5688518.943956077
2024-07-30,Electronics,4087573.3397120433,2509352.0441193404,5533298.914861426
2024-07-31,Electronics,4069160.4905264457,2659407.0904762405,5610446.116342517
2024-08-01,Electronics,4299787.650808544,2740416.726453739,5897571.222575498
2024-08-02,Electronics,4033071.279918107,2461846.5325117917,5586513.251654214
2024-08-03,Electronics,6821125.151787635,5340272.4373965245,8287556.598344406
2024-08-04,Electronics,6923010.154540958,5431921.243442733,8502089.77833618
2024-08-05,Electronics,3881647.0042192163,2382920.3112370223,5525910.908354628
2024-08-06,Electronics,3858973.660852879,2267986.5767769716,5358201.216623503
2024-08-07,Electronics,3838292.894165029,2343395.1010516454,5298459.42671883
2024-08-08,Electronics,4075865.4121778216,2593715.808739037,5544155.51488667
2024-08-09,Electronics,3825031.7448194916,2230999.101215216,5417925.869278261
2024-08-10,Electronics,6639629.069143567,4958535.4714484,8278286.980046493
2024-08-11,Electronics,6775150.265953149,5316005.246136533,8421505.771891221
2024-08-12,Electronics,3773478.3470960804,2176068.36878476,5337735.9117451105
2024-08-13,Electronics,3798774.2068035365,2176062.844539748,5330995.6323066745
2024-08-14,Electronics,3831381.281634906,2147029.956920797,5284708.672499445
2024-08-15,Electronics,4126127.923119141,2718740.3469857136,5618146.655878281
2024-08-16,Electronics,3934199.8363276212,2458744.406433173,5485027.5394114535
2024-08-17,Electronics,6809448.572392124,5283298.197825609,8274391.565932915
2024-08-18,Electronics,7002319.069995962,5456103.917489744,8468183.315559573
2024-08-19,Electronics,4052459.6380331116,2690882.781523945,5558333.521329582
2024-08-20,Electronics,4125386.7332307384,2569013.604820309,5797886.484003924
2024-08-21,Electronics,4197984.676465853,2676008.589895504,5759807.15392681
2024-08-22,Electronics,4523545.148284282,3041317.1249623876,6091733.862008149
2024-08-23,Electronics,4351406.894285926,2902261.7084342353,5914937.481387531
2024-08-24,Electronics,7236160.655058647,5654446.460335877,8846567.607002357
2024-08-25,Electronics,7424337.583903275,5915995.060345169,8991653.186417053
2024-08-26,Electronics,4454874.715568432,2862812.9312145007,5915546.600034982
2024-08-27,Electronics,4496524.524082681,2963835.2235755995,5921710.838285285
2024-08-28,Electronics,4524905.919254495,3111246.1777949873,6047154.058103986
2024-08-29,Electronics,4794226.556691641,3156591.943116319,6378292.106037426
2024-08-30,Electronics,4554626.295988064,2985522.484936258,5994270.129878035
2024-08-31,Electronics,7364207.470376295,5808608.553966993,8834919.410466898
2024-09-01,Electronics,7468407.375562793,5923957.627931467,8945022.551973008
2024-09-02,Electronics,4408238.792424031,2823424.296688906,5909941.978130735
2024-09-03,Electronics,4358362.494056396,2782355.879708972,5890540.598180682
2024-09-04,Electronics,4295608.607114073,2875835.9567449405,5786398.021041526
2024-09-05,Electronics,4477304.072312384,2965922.4242998306,6033685.42882715
2024-09-06,Electronics,4156247.732778953,2562179.4914899734,5728407.754181125
2024-09-07,Electronics,6895501.540712457,5359817.812041617,8486914.596472727
2024-09-08,Electronics,6940392.436969176,5416721.482457935,8529114.400251564
2024-09-09,Electronics,3834484.7361482773,2254971.57245008,5354246.60844549
2024-09-10,Electronics,3758285.3568831543,2249661.2328594103,5475053.359157326
2024-09-11,Electronics,3689219.426399178,2246508.073323586,5154815.524656033
2024-09-12,Electronics,3886561.6397619443,2319721.404348571,5427054.054783221
2024-09-13,Electronics,3604056.958440656,2042952.7605559796,5171769.579199007
2024-09-14,Electronics,6407501.909343092,4918758.6371208085,8060867.25540056
2024-09-15,Electronics,6539419.704676792,4920000.304140431,8083990.747813488
2024-09-16,Electronics,3542822.135210253,2034663.13255629,5073721.632217718
2024-09-17,Electronics,3600617.6683904403,2146406.009382561,5075272.095249314
2024-09-18,Electronics,3687122.2745905323,2107510.241026641,5168739.457643183
2024-09-19,Electronics,4059684.504051427,2548516.0861197184,5563378.490122705
2024-09-20,Electronics,3969048.1852681283,2565593.464684926,5497465.66388686
2024-09-21,Electronics,6979824.288589458,5370405.182301992,8726556.2893075
2024-09-22,Electronics,7327941.201199831,5774308.929814595,8834136.290081106
2024-09-23,Electronics,4552296.7647374105,3081653.541914101,5968390.033839481
2024-09-24,Electronics,4834965.870280474,3357812.2744088583,6500082.124029806
2024-09-25,Electronics,5144336.4680883745,3612257.5369177773,6677687.070971266
2024-09-26,Electronics,5733509.137870277,4175033.1056696526,7290011.738079158
2024-09-27,Electronics,5848471.071498018,4309819.183882685,7382828.1150823375
2024-09-28,Electronics,9051514.267720843,7497593.953883977,10537360.157480353
2024-09-29,Electronics,9571501.522104688,8010239.847166418,11156202.822722856
2024-09-30,Electronics,6943432.661903739,5459573.428324525,8552724.949808624
2024-10-01,Electronics,7349458.309238684,5810317.95036414,8965786.778626839
2024-10-02,Electronics,7753629.94969905,6138457.915667364,9205588.451983448
2024-10-03,Electronics,8407045.130096603,6899684.543761842,9958842.355066512
2024-10-04,Electronics,8553786.651762914,7063321.245848883,10162242.799392262
2024-10-05,Electronics,11757224.813433593,10277427.172347425,13342299.353518827
2024-10-06,Electronics,12243022.069681898,10657228.438171266,13758645.150208658
2024-10-07,Electronics,9546523.50100685,8066554.7226012135,11027736.237472722
2024-10-08,Electronics,9854476.089807194,8179150.180414462,11417170.440220702
2024-10-09,Electronics,10131284.019231083,8623479.050359933,11724113.412083616
2024-10-10,Electronics,10630785.258234065,9089433.392755402,12083836.545434227
2024-10-11,Electronics,10599839.249137849,9030014.762530062,12132454.81498623
2024-10-12,Electronics,13607397.027872365,12026203.01679073,14998612.046472596
2024-10-13,Electronics,13880131.959762374,12311778.463384181,15463470.889668552
2024-10-14,Electronics,10957548.395363225,9343465.076104112,12470683.320819128
2024-10-15,Electronics,11034309.762502437,9534623.738250682,12494140.205143662
2024-10-16,Electronics,11077914.334842876,9576015.637133688,12534765.371115703
2024-10-17,Electronics,11347032.664505769,9792425.914261859,12805873.971234025
2024-10-18,Electronics,11092689.36836717,9728252.437754244,12592945.147344127
2024-10-19,Electronics,13890064.382244669,12424777.641206585,15388777.841822913
2024-10-20,Electronics,13966731.733235542,12422678.89307503,15458159.460069219
2024-10-21,Electronics,10865487.605250219,9370521.826843552,12373747.402617572
2024-10-22,Electronics,10787307.792550994,9289526.55774437,12282335.889526267
2024-10-23,Electronics,10700483.352238383,9159303.77895004,12188320.316102799
2024-10-24,Electronics,10865576.215861967,9282378.543911286,12420933.04019051
2024-10-25,Electronics,10534268.895238116,8957524.981999049,11946832.180454608
2024-10-26,Electronics,13283985.309334341,11724350.000835076,14808387.641881172
2024-10-27,Electronics,13338838.41583686,11747703.136111844,14764054.42228207
2024-10-28,Electronics,10240288.259690493,8766988.186906861,11771634.460240826
2024-10-29,Electronics,10190846.286993835,8654504.441465043,11693202.048274536
2024-10-30,Electronics,10154792.286372907,8560643.079784239,11619347.640054341
2024-10-31,Electronics,10389870.290555308,8766964.792602424,11955957.441702789
2024-11-01,Electronics,10143925.88934039,8565527.79761187,11800958.555878472
2024-11-02,Electronics,12992460.758047597,11442116.86143544,14569572.311112441
2024-11-03,Electronics,13152394.771799445,11684805.072667958,14765528.113055767
2024-11-04,Electronics,10160648.376733424,8680743.873965563,11673855.253074346
2024-11-05,Electronics,10218674.408446232,8661292.84013332,11640064.269347543
2024-11-06,Electronics,10284821.192608327,8692975.187111815,11795011.190568484
2024-11-07,Electronics,10612816.095131207,9102993.088217886,12117100.641899709
2024-11-08,Electronics,10446219.151877811,8839129.218862759,11989177.496563794
2024-11-09,Electronics,13358920.605334539,11801260.070388382,14892517.552172197
2024-11-10,Electronics,13561707.228264224,12214497.970089383,15214370.353655387
2024-11-11,Electronics,10588739.43487496,9071590.660776742,12201345.441936115
2024-11-12,Electronics,10642862.570127621,9064683.653444437,12118164.415897865
2024-11-13,Electronics,10679550.96810675,9120362.33736836,12192512.409378173
2024-11-14,Electronics,10952098.536709676,9451179.914156865,12644173.974265803
2024-11-15,Electronics,10703794.829303546,9193287.847646987,12280173.057169585
2024-11-16,Electronics,13511260.948185394,12016623.906428635,15049099.119637636
2024-11-17,Electronics,13583707.43822708,12069709.490162915,15099722.19401618
2024-11-18,Electronics,10457188.468885764,8948920.269948868,12051576.489437042
2024-11-19,Electronics,10340572.984310323,8728357.489313403,11817349.183663867
2024-11-20,Electronics,10190951.293663485,8579649.386938784,11758457.618272698
2024-11-21,Electronics,10265418.528079864,8738102.562310757,11828158.017736759
2024-11-22,Electronics,9810866.20611051,8335450.973937321,11427735.434217522
2024-11-23,Electronics,12410059.514028084,10848372.632304607,13971049.455209568
2024-11-24,Electronics,12273502.203201659,10733939.610284004,13817895.808677351
2024-11-25,Electronics,8941397.822567534,7357653.395868579,10401172.82654002
2024-11-26,Electronics,8630226.979457645,7102338.991671082,10174797.126083683
2024-11-27,Electronics,8299580.265069175,6754032.214942254,9871190.477970699
2024-11-28,Electronics,8210516.749968028,6625857.024551224,9765240.15123182
2024-11-29,Electronics,7612971.890905876,6086532.27281815,9264984.700106759
2024-11-30,Electronics,10094595.53854712,8632265.329455601,11722355.28568786
2024-12-01,Electronics,9865261.025171475,8269677.368034771,11422606.653246617
2024-12-02,Electronics,6466787.336922612,4907710.100280731,7901314.675658916
2024-12-03,Electronics,6120191.510823217,4602545.264771961,7619365.547125265
2024-12-04,Electronics,5784030.1038534045,4264807.694935195,7282175.076501839
2024-12-05,Electronics,5719425.833227739,4148182.8866117764,7245482.145554719
2024-12-06,Electronics,5175193.276813707,3600823.8824291397,6726173.373514321
2024-12-07,Electronics,7739544.658227716,6140608.797240743,9287727.809199119
2024-12-08,Electronics,7617352.904194057,6042462.316028969,9162568.389956424
2024-12-09,Electronics,4347744.355079313,2715954.5383630907,5919819.572816802
2024-12-10,Electronics,4152132.8428947963,2622924.4104606006,5688936.103516473
2024-12-11,Electronics,3984170.4359699385,2353970.591171331,5432889.612411901
2024-12-12,Electronics,4101534.5725932172,2517643.1707410873,5652612.370207281
2024-12-13,Electronics,3748853.2040823326,2206381.1212669546,5276092.085415385
2024-12-14,Electronics,6512347.30634684,5016977.304237749,8172352.7967596
2024-12-15,Electronics,6589902.521165564,5007296.932900918,8127956.713796206
2024-12-16,Electronics,3516571.4559149877,2081217.6164542087,5129202.861752796
2024-12-17,Electronics,3513412.1358484225,1986792.054069234,5142794.839950254
2024-12-18,Electronics,3529054.0170301143,1996504.1601820656,5179378.752632596
2024-12-19,Electronics,3818235.0171009116,2289699.315420925,5416227.814897618
2024-12-20,Electronics,3622499.473415114,2197315.67176719,5221627.92667878
2024-12-21,Electronics,6527735.704764512,4899821.739335086,7975076.315474347
2024-12-22,Electronics,6727000.886766694,5105984.603789758,8303208.158936825
2024-12-23,Electronics,3753865.6419588397,2269712.674157887,5198795.693179438
2024-12-24,Electronics,3831979.640663258,2336164.011385494,5373939.806327219
2024-12-25,Electronics,3908167.9894854557,2435060.40376576,5368086.933908154
2024-12-26,Electronics,4237628.03103554,2676558.010013692,5815633.6933927685
2024-12-27,Electronics,4062307.288144497,2464479.272377531,5622094.209536262
2024-12-28,Electronics,6971243.110952418,5372961.894578865,8450661.253560932
2024-12-29,Electronics,7156050.210847594,5650820.075431822,8652979.76621179
2024-12-30,Electronics,4152021.7691164883,2548334.458841014,5710696.988882981
2024-12-31,Electronics,4188343.458075783,2728470.086212504,5805422.385679227
2025-01-01,Electronics,4212650.524385354,2611064.699569185,5691138.980673113
2025-01-02,Electronics,4482825.441924399,2946783.7773576495,5979474.726099743
2025-01-03,Electronics,4243009.0773479035,2685671.001431966,5856490.930221053
2025-01-04,Electronics,7086708.83111314,5616573.121423481,8507537.124810698
2025-01-05,Electronics,7204929.046585014,5625936.532696849,8771862.114791684
2025-01-06,Electronics,4135022.8983262745,2645732.902204335,5834930.307420806
2025-01-07,Electronics,4111562.9765180782,2495084.958517531,5683645.596534603
2025-01-08,Electronics,4082380.5399948163,2581472.0446340297,5628121.740358029
2025-01-09,Electronics,4306997.913594583,2833125.3589710393,5918050.81450714
2025-01-10,Electronics,4030317.9337452846,2464010.5557802254,5633649.925810685
2025-01-11,Electronics,6848555.268591819,5338543.158896706,8297732.882804722
2025-01-12,Electronics,6950072.229301763,5429336.229427597,8502266.201890362
2025-01-13,Electronics,3872049.8347145254,2407761.766764922,5443561.033354112
2025-01-14,Electronics,3852087.124147411,2365197.168163434,5318182.617225045
2025-01-15,Electronics,3835796.347311457,2266434.7391781295,5433629.209433586
2025-01-16,Electronics,4081943.305864879,2611060.1703184023,5608369.708399919
2025-01-17,Electronics,3833885.6027717977,2267025.051063599,5330485.0447102245
2025-01-18,Electronics,6688393.000321275,5180610.104833929,8147703.300116041
2025-01-19,Electronics,6829248.014877922,5292341.082440988,8492296.042374367
2025-01-20,Electronics,3791787.473556475,2201267.13411867,5340100.429758219
2025-01-21,Electronics,3815272.4861543956,2315525.129825375,5413069.929475926
2025-01-22,Electronics,3842071.099217829,2333670.6143147415,5322219.198737336
2025-01-23,Electronics,4129527.01355837,2535217.7013199567,5622791.799940308
2025-01-24,Electronics,3919155.6226976244,2366420.6001572823,5342050.750717058
2025-01-25,Electronics,6808350.941813085,5379098.588881572,8469197.224284392
2025-01-26,Electronics,6976737.400670444,5451428.916155997,8436188.1073427
2025-01-27,Electronics,3958557.8470174526,2420019.85961375,5415169.694490434
2025-01-28,Electronics,3995780.62946984,2460218.2827152265,5507765.422425927
2025-01-29,Electronics,4028827.8877686607,2467606.862252884,5506109.32863708
2025-01-30,Electronics,4315123.986988962,2692829.029261266,5902759.211700569
2025-01-31,Electronics,4095995.480633953,2538084.1725507397,5612901.0421108175
2025-02-01,Electronics,6971207.294501566,5497067.9687121,8469544.812680803
2025-02-02,Electronics,7118006.775718556,5532491.987649606,8701478.948644053
2025-02-03,Electronics,4071299.417303067,2543936.4820991717,5584845.001177495
2025-02-04,Electronics,4077436.3458486805,2636414.3462357554,5635061.979321805
2025-02-05,Electronics,4076435.272344314,2572232.0966992853,5690810.5938609755
2025-02-06,Electronics,4327160.9656789275,2792760.32484686,5929626.125973091
2025-02-07,Electronics,4071888.141656202,2547985.2024890617,5508433.930181511
2025-02-08,Electronics,6913633.735044013,5274147.135881631,8426144.813691579
2025-02-09,Electronics,7027868.76532429,5537885.979551412,8648169.018584022
2025-02-10,Electronics,3950466.6837928607,2367421.518404038,5496205.562141391
2025-02-11,Electronics,3932165.82568443,2452808.738336805,5469592.816515366
2025-02-12,Electronics,3912287.2548082806,2418435.099333866,5413009.663446374
2025-02-13,Electronics,4150560.9011277272,2640571.2634455645,5680804.166984027
2025-02-14,Electronics,3889373.823951865,2373756.379852416,5436455.443788395
2025-02-15,Electronics,6733929.012214766,5184951.067980803,8385078.310005312
2025-02-16,Electronics,6856662.431509401,5383299.866420141,8407851.683870653
2025-02-17,Electronics,3793007.0160002527,2350526.3227601354,5211982.787021632
2025-02-18,Electronics,3796577.3400394768,2273544.394038983,5221947.239136721
2025-02-19,Electronics,3804434.3067003363,2238137.5555533767,5357769.141125612
2025-02-20,Electronics,4075607.9928788994,2544673.294445725,5821051.439168698
2025-02-21,Electronics,3851081.8077570293,2278242.3449163097,5426546.228296777
2025-02-22,Electronics,6736826.239875827,5214656.223915486,8374384.046226328
2025-02-23,Electronics,6900965.905441329,5385541.347561658,8450152.817231687
2025-02-24,Electronics,3877399.039327056,2302396.6245325757,5373650.410512249
2025-02-25,Electronics,3921738.077323371,2477100.202201648,5499030.381410774
2025-02-26,Electronics,3968147.7240559096,2417947.625004743,5392439.227922426
2025-02-27,Electronics,4274583.125900451,2632421.5126532065,5848171.824410841
2025-02-28,Electronics,4080520.124693622,2558604.905556672,5516722.306158995
2025-03-01,Electronics,6992865.493363787,5483060.633696996,8602794.534792878
2025-03-02,Electronics,7175866.902827442,5634414.422745528,8647349.884451363
2025-03-03,Electronics,4162572.5072520818,2725473.191774646,5632982.29463061
2025-03-04,Electronics,4211504.26807481,2733139.629830679,5658659.673058797
2025-03-05,Electronics,4255039.26371359,2816723.25041059,5743963.219722388
2025-03-06,Electronics,4551327.088282144,3109144.0608483492,6025923.97697881
2025-03-07,Electronics,4339725.316028125,2908986.091356491,5930581.354920512
2025-03-08,Electronics,7229541.8783350075,5663974.87194103,8791888.094701657
2025-03-09,Electronics,7382641.5562752625,5992363.232877442,8762842.320171902
2025-03-10,Electronics,4332698.689773882,2853097.2683139895,5843386.921935608
2025-03-11,Electronics,4342557.170113994,2941623.400888339,5868740.891782429
2025-03-12,Electronics,4344111.249481194,2776348.2561413557,5869079.712457859
2025-03-13,Electronics,4596862.105482823,3034990.2224241556,6157947.667212961
2025-03-14,Electronics,4341023.363062075,2710882.122376612,5914925.738386155
2025-03-15,Electronics,7189066.429292197,5605904.225755138,8716400.302758185
2025-03-16,Electronics,7301001.166260462,5766382.425432787,8894703.487731533
2025-03-17,Electronics,4211406.8658184465,2660909.4415613743,5649433.908894027
2025-03-18,Electronics,4187471.9505905183,2675086.9412637395,5634845.170148291
2025-03-19,Electronics,4160375.382629275,2774060.494016634,5672473.237938858
2025-03-20,Electronics,4390491.461913891,2881446.847350889,5916457.332918682
2025-03-21,Electronics,4118182.1036466532,2688724.289551449,5598507.284676127
2025-03-22,Electronics,6958168.884043783,5520796.85213638,8531508.975795092
2025-03-23,Electronics,7067517.911069337,5528583.823632201,8526741.35294191
2025-03-24,Electronics,3980484.3657920016,2402299.827421744,5547508.411628218
2025-03-25,Electronics,3967271.3562068073,2446053.6281605368,5492689.6460383665
2025-03-26,Electronics,3956954.2515187534,2447671.74648913,5525231.081933847
2025-03-27,Electronics,4209377.579007824,2683500.889102959,5733744.798318387
2025-03-28,Electronics,3963678.0757690854,2372503.9514634227,5557652.89758588
2025-03-29,Electronics,6835526.239193062,5311990.144418638,8476044.8251531
2025-03-30,Electronics,6977855.630688765,5394803.357952813,8410093.074011773
2025-03-31,Electronics,3923557.414582576,2336995.7217593864,5527749.359442527
2025-04-01,Electronics,3944989.8723364156,2385360.961474654,5635506.633433093
2025-04-02,Electronics,3968471.287844201,2431032.755852139,5467723.246034414
2025-04-03,Electronics,4252887.916226331,2703396.382729786,5784017.871850178
2025-04-04,Electronics,4035959.5750441533,2649227.2364454144,5570350.320396112
2025-04-05,Electronics,6934354.92759103,5427230.571750299,8451541.414332436
2025-04-06,Electronics,7097161.820490044,5565372.772853167,8685614.03985052
2025-04-07,Electronics,4056420.942987869,2482719.1484569507,5471711.094849739
2025-04-08,Electronics,4087368.0294404225,2487313.9612126066,5647532.425179112
2025-04-09,Electronics,4114470.8315853397,2456140.8585133934,5685888.053782059
2025-04-10,Electronics,4396718.008370021,2896379.5861531845,5927066.191896132
2025-04-11,Electronics,4171592.3973710453,2565943.7248267736,5660934.754807279
2025-04-12,Electronics,7058021.586205773,5532826.12620642,8615577.89518162
2025-04-13,Electronics,7202548.483702439,5773917.38966236,8841681.969730055
2025-04-14,Electronics,4137662.242972542,2637106.929603741,5574802.181221897
2025-04-15,Electronics,4142731.5653972407,2524402.049899801,5650881.841367719
2025-04-16,Electronics,4141545.756275078,2559137.9041295615,5615352.551072234
2025-04-17,Electronics,4394247.372657783,2871764.0205421,5883095.096639804
2025-04-18,Electronics,4138980.0164716495,2645670.5119426996,5528549.073191634
2025-04-19,Electronics,6997646.0731705185,5498950.379933905,8477638.384274516
2025-04-20,Electronics,7114755.304493808,5728460.185923221,8729262.117459778
2025-04-21,Electronics,4023537.4136798833,2543002.368651657,5712403.445100055
2025-04-22,Electronics,4007557.892055941,2509380.1407634234,5536710.24593998
2025-04-23,Electronics,3989761.909356951,2481767.496169529,5442223.209483622
2025-04-24,Electronics,4231056.797579432,2731512.6785365045,5794944.323286938
2025-04-25,Electronics,3969647.5558848497,2361973.733060249,5453706.930926886
2025-04-26,Electronics,6829621.619855245,5273223.733722744,8366471.154009895
2025-04-27,Electronics,6952501.364358088,5418048.790712661,8542074.261655804
2025-04-28,Electronics,3871169.387624323,2265053.24036604,5355922.540494634
2025-04-29,Electronics,3872202.1664179447,2352882.093847027,5375089.062453159
2025-04-30,Electronics,3876455.1069433126,2291427.198563612,5440740.776128739
2025-05-01,Electronics,4144335.027037371,2651664.279527002,5672052.927590274
2025-05-02,Electronics,3912864.0917947125,2379841.804272784,5396462.200269662
2025-05-03,Electronics,6807131.594071948,5209016.002842129,8402270.667125354
2025-05-04,Electronics,6964588.340066027,5468939.341786657,8491168.333115118
2025-05-05,Electronics,3916819.4122227086,2403709.96257388,5489840.982972407
2025-05-06,Electronics,3952626.0792059675,2418623.8680377062,5358753.596424156
2025-05-07,Electronics,3990177.1761318403,2494956.47337949,5551058.971723507
2025-05-08,Electronics,4288990.680751509,2817172.4491831395,5838631.906985554
2025-05-09,Electronics,4084738.4996933676,2444392.0815578294,5618075.236641386
2025-05-10,Electronics,7003570.613590694,5439211.032583761,8467156.033025343
2025-05-11,Electronics,7179149.465206354,5542481.255849503,8742575.891327824
2025-05-12,Electronics,4142261.150326462,2602220.605306309,5646745.053517914
2025-05-13,Electronics,4184629.6502674674,2629446.6723758928,5748550.720428459
2025-05-14,Electronics,4222612.23592131,2706849.4109727875,5627612.451419303
2025-05-15,Electronics,4515862.1690053325,2995139.167842278,5994999.886287618
2025-05-16,Electronics,4299841.5963306865,2770180.8536089933,5775712.8964135265
2025-05-17,Electronics,7202981.584720743,5716734.3500259705,8662496.985437272
2025-05-18,Electronics,7356417.465190243,5856671.917993585,8825245.521613782
2025-05-19,Electronics,4291398.07636942,2679831.794396207,5903887.078321809
2025-05-20,Electronics,4303791.901206891,2885697.102001867,5797074.476509881
2025-05-21,Electronics,4309287.322575087,2814100.451427712,5869043.169765162
2025-05-22,Electronics,4568699.7735104,3083661.897601456,6137523.932114609
2025-05-23,Electronics,4318159.733074924,2729793.1658779522,5837189.171047493
2025-05-24,Electronics,7189080.372007617,5750757.060058834,8788142.215875572
2025-05-25,Electronics,7310571.211172225,5810700.4799928395,8793430.670026613
2025-05-26,Electronics,4214629.144726967,2585432.2660777997,5683661.71461203
2025-05-27,Electronics,4201327.108832016,2560464.077417223,5707877.754999619
2025-05-28,Electronics,4185517.029451727,2688932.560134558,5746897.579613003
2025-05-29,Electronics,4428786.559851042,2890056.7051800257,5964570.531159978
2025-05-30,Electronics,4167334.4658802235,2539011.09537686,5779455.660761706
2025-05-31,Electronics,7034764.944671894,5544576.1615945725,8598160.815158138
2025-06-01,Electronics,7157204.841870011,5593255.100782387,8646809.24340071
2025-06-02,Electronics,4066307.091415793,2521146.0458380473,5634985.509756854
2025-06-03,Electronics,4065156.980529338,2548500.6013624393,5606643.435872491
2025-06-04,Electronics,4066516.1733643454,2559383.6987673906,5578134.601273032
2025-06-05,Electronics,4331469.520803203,2818562.0509951347,5958127.985237641
2025-06-06,Electronics,4095029.132258249,2530749.700763953,5567305.8712661695
2025-06-07,Electronics,6991796.156773257,5456537.413579153,8472205.16836037
2025-06-08,Electronics,7143820.5315994285,5559551.4867883595,8680825.152828777
2025-06-09,Electronics,4081452.7377554006,2534079.144444616,5714414.766672793
2025-06-10,Electronics,4109999.322927521,2645542.3285422516,5631864.330181163
2025-06-11,Electronics,4139534.3907891945,2586789.9661914418,5670784.594158848
2025-06-12,Electronics,4430256.729628382,2826846.197313282,5990774.412808343
2025-06-13,Electronics,4215835.994381468,2583068.6846936657,5805589.109142498
2025-06-14,Electronics,7131948.085055637,5524132.230941391,8647912.358330892
2025-06-15,Electronics,7296876.0370668555,5815771.818700661,8818305.750884518
2025-06-16,Electronics,4240201.180896848,2771305.063352309,5754919.994767098
2025-06-17,Electronics,4270191.732149811,2710537.0268861703,5742276.447639875
2025-06-18,Electronics,4295158.75233642,2753240.0344716315,5803738.691649999
2025-06-19,Electronics,4575494.494996301,2975124.0332221617,6089935.549295653
2025-06-20,Electronics,4344726.384637994,2924220.0259544756,5833223.786998433
2025-06-21,Electronics,7240887.534569518,5737344.496920401,8742962.618394671
2025-06-22,Electronics,7379817.383128642,5816582.219847982,9002600.621805863
2025-06-23,Electronics,4291649.233192167,2813069.1947674598,5871791.436407151
2025-06-24,Electronics,4288888.626614215,2925800.68647812,5870389.605179326
2025-06-25,Electronics,4279271.624913205,2747715.4796155947,5843673.661031983
2025-06-26,Electronics,4524444.716056268,2924428.398896779,5974738.127479208
2025-06-27,Electronics,4258690.7234459855,2732797.5804405347,5760820.74663522
2025-06-28,Electronics,7123103.571357599,5667308.151764728,8685141.146663073
2025-06-29,Electronics,7231563.786981261,5728799.547015089,8726663.520875935
2025-06-30,Electronics,4115004.4050835636,2590620.059693643,5710570.895264715
2025-07-01,Electronics,4090168.6207363163,2684384.11663654,5704104.812954809
2025-07-02,Electronics,4063967.8018664843,2460080.932340096,5645398.148900475
2025-07-03,Electronics,4298808.447997351,2683640.74767783,5735856.344903098
2025-07-04,Electronics,4029003.505653391,2534101.40948588,5496866.4852901455
2025-07-05,Electronics,6897772.4931735685,5283548.605015828,8437535.542468905
2025-07-06,Electronics,7015920.019822673,5346441.704589366,8628106.04018125
2025-07-07,Electronics,3913914.4199980428,2409390.5014711027,5445120.180439115
2025-07-08,Electronics,3911364.2292551077,2400649.834878594,5362237.288421744
2025-07-09,Electronics,3912919.4453392117,2452490.9173131734,5414642.105476432
2023-01-01,Grocery,117262.23809797956,97894.4888300433,134791.53092923012
2023-01-02,Grocery,75652.63885969526,58420.27465743448,93582.34731583216
2023-01-03,Grocery,74454.33169502312,56109.98549667926,93036.17315251568
2023-01-04,Grocery,74077.90520726884,55455.85255515273,91282.91997375952
2023-01-05,Grocery,73673.69555605702,54733.01452064251,92090.77066951945
2023-01-06,Grocery,76504.50706777503,60182.241804076504,95321.22552967131
2023-01-07,Grocery,119566.3475041696,101431.7505590679,138448.11841994763
2023-01-08,Grocery,118242.29426369371,99691.13856823232,135412.52368654057
2023-01-09,Grocery,76686.3772251242,57797.83421219273,95277.29304854308
2023-01-10,Grocery,75491.29924938225,56973.471845162094,94626.49279621756
2023-01-11,Grocery,75080.01187186282,56688.5008756276,93524.86606802275
2023-01-12,Grocery,74604.9220950944,56927.306924751014,94128.19510948457
2023-01-13,Grocery,77330.5647138848,59470.38698703033,96485.87288398537
2023-01-14,Grocery,120245.67060742252,100409.46790743772,139218.0179506895
2023-01-15,Grocery,118761.90249557911,100755.98162202942,135935.98623093078
2023-01-16,Grocery,77036.70705008009,56615.85925843412,96574.71323222735
2023-01-17,Grocery,75644.4702061243,57352.04104230929,93234.9185664713
2023-01-18,Grocery,75024.884245953,55809.31764992436,95293.53963447362
2023-01-19,Grocery,74336.00673769705,56565.296829981526,92817.42941921523
2023-01-20,Grocery,76846.81720290093,57589.51776745672,95191.27317589201
2023-01-21,Grocery,119540.57541040018,101048.01546080317,137330.2513404497
2023-01-22,Grocery,117858.40855005378,98828.12764423504,137229.6093768189
2023-01-23,Grocery,75961.13920803621,56309.67775794859,95736.55843323907
2023-01-24,Grocery,74403.906012173,57167.23262340505,93636.3147386508
2023-01-25,Grocery,73641.37511286883,55858.924103270525,91782.64541106456
2023-01-26,Grocery,72834.72475003835,54384.14590178307,90884.18636900453
2023-01-27,Grocery,75254.17768974604,57259.492422596064,93798.56561755974
2023-01-28,Grocery,117873.7559418977,101234.50231440231,136309.8855742169
2023-01-29,Grocery,116159.83747202187,98785.60867545423,134133.00991061924
2023-01-30,Grocery,74272.08631646977,56075.43233327733,91921.83516713229
2023-01-31,Grocery,72741.66933427409,54214.9495284227,91091.09387128177
2023-02-01,Grocery,72033.44361075044,54053.88302147092,90055.03595156116
2023-02-02,Grocery,71306.99530826905,51937.39309850601,89588.92009354434
2023-02-03,Grocery,73829.27016696004,55411.68664247587,93275.33176579974
2023-02-04,Grocery,116560.83736622178,97974.11444948701,134666.5145254257
2023-02-05,Grocery,114989.51602324516,97006.2243476857,134283.32328854632
2023-02-06,Grocery,73270.49283990046,54482.10443405745,90558.7276178034
2023-02-07,Grocery,71908.2034261265,53225.941057421835,90060.30048011424
2023-02-08,Grocery,71375.54576053981,54392.06706075189,90344.9461805966
2023-02-09,Grocery,70829.00425564473,53427.35283394694,88772.62090156724
2023-02-10,Grocery,73531.38968128871,55407.551743146774,93279.78429489593
2023-02-11,Grocery,116429.60421648942,98517.6006874325,135169.6687607768
2023-02-12,Grocery,115033.3112567935,97263.86257629996,133812.06645059437
2023-02-13,Grocery,73494.19689104143,55073.7784698623,92428.99739192538
2023-02-14,Grocery,72291.45665625246,52618.05716942856,89620.72348230079
2023-02-15,Grocery,71907.9626456955,53245.606435133544,90270.01657939477
2023-02-16,Grocery,71499.38964254611,54438.40744419548,91884.04567172055
2023-02-17,Grocery,74326.97335780245,55895.30005074436,91521.82346040524
2023-02-18,Grocery,117326.68056252548,98389.59175106036,135375.0656277634
2023-02-19,Grocery,116032.82413301265,96865.60725133705,133277.39873379524
2023-02-20,Grocery,74596.37136617188,55272.996081760146,92444.97926239515
2023-02-21,Grocery,73473.9431999558,56316.36163605933,92511.35307296962
2023-02-22,Grocery,73160.84880694954,54633.45988524157,91317.25278523282
2023-02-23,Grocery,72814.1369522832,52927.09165712467,90548.5740575799
2023-02-24,Grocery,75695.3072237534,56519.27855469527,94749.83300882028
2023-02-25,Grocery,118730.83325347508,100478.84044028155,136015.94123543712
2023-02-26,Grocery,117480.68573227516,98708.10196043395,134735.3824920767
2023-02-27,Grocery,76095.66594850027,57495.902330281984,92865.09864275034
2023-02-28,Grocery,75009.91195118184,56596.278149746955,94271.29552250459
2023-03-01,Grocery,74730.81112141468,57037.718100254206,92442.88314172438
2023-03-02,Grocery,74416.0027780229,56541.91593371078,93557.86609849778
2023-03-03,Grocery,77326.08292242808,58598.26432511232,96714.6710372262
2023-03-04,Grocery,120376.53417769803,102580.5601728778,137494.04247203888
2023-03-05,Grocery,119151.22165846734,100368.3718390169,136457.57188844032
2023-03-06,Grocery,77798.82583133028,60440.43280320154,96286.60041048046
2023-03-07,Grocery,76728.93646128518,58599.29366836982,95643.08375086075
2023-03-08,Grocery,76458.92820704229,58277.432905914015,94558.94731967819
2023-03-09,Grocery,76145.00105963091,57407.69970151948,94612.33643793936
2023-03-10,Grocery,79044.96397754442,59965.114965849156,96856.18352948662
2023-03-11,Grocery,122061.65304457692,103041.44150097357,141957.95001536806
2023-03-12,Grocery,120801.47528576083,103011.64089838929,138624.75695593533
2023-03-13,Grocery,79410.00715557848,61334.50188453637,98156.18763500928
2023-03-14,Grocery,78271.73170895768,59543.105840429314,96468.3253572626
2023-03-15,Grocery,77913.92001185806,59904.85917886477,97656.97957598773
2023-03-16,Grocery,77491.7381546363,60077.59509740361,96078.56220613427
2023-03-17,Grocery,80261.12346166348,61735.29484457485,99344.84623408828
2023-03-18,Grocery,123113.68892869895,105529.95406243335,140007.63289354398
2023-03-19,Grocery,121680.29729500625,103033.79982869195,140286.40293064475
2023-03-20,Grocery,80105.7920463577,63058.85036443625,98923.1259947781
2023-03-21,Grocery,78752.33003027303,60363.38346732052,97379.52760434299
2023-03-22,Grocery,78160.20741067494,60404.33161188316,97523.97061962872
2023-03-23,Grocery,77486.96005816087,59648.75843848771,94550.92677770217
2023-03-24,Grocery,79990.24904693155,61858.90700799028,99761.21216360129
2023-03-25,Grocery,122554.16028505156,103543.78921300414,140948.21127289036
2023-03-26,Grocery,120837.71215963108,103762.64445026049,139021.00449793227
2023-03-27,Grocery,78988.61957422608,60251.37463094974,95494.58329637816
2023-03-28,Grocery,77350.12223024678,58255.77625983614,95809.89754732003
2023-03-29,Grocery,76478.6575432725,58407.22175435939,96243.73386580756
2023-03-30,Grocery,75536.86200174982,56652.91476028949,95057.73942121517
2023-03-31,Grocery,77786.38098472987,59883.741363843554,95461.8309387182
2023-04-01,Grocery,120105.48828325798,101621.58161562454,138137.95029933893
2023-04-02,Grocery,118182.46381615498,100555.11206038225,134920.585219913
2023-04-03,Grocery,76168.34096463831,57352.477080847355,94215.60512980823
2023-04-04,Grocery,74387.19557187572,55057.378800965475,92626.53016672705
2023-04-05,Grocery,73410.64689818381,55929.18174595875,90804.9237993481
2023-04-06,Grocery,72404.7578111906,54285.343994368304,90304.73650262515
2023-04-07,Grocery,74632.78355639326,56002.86224817986,94494.14774710157
2023-04-08,Grocery,116964.14257993898,97597.90841044555,135276.49770858767
2023-04-09,Grocery,115112.7117822202,96973.5094589144,133379.64625980752
2023-04-10,Grocery,73228.61974536478,56285.405289356415,91118.61819270923
2023-04-11,Grocery,71612.07280514938,53917.95291258319,90236.38620964221
2023-04-12,Grocery,70844.77248936494,53199.733892828626,88959.70224348534
2023-04-13,Grocery,70090.81310788853,52242.574710507615,88736.98206791052
2023-04-14,Grocery,72609.47597893202,55228.09036706716,91333.79790033231
2023-04-15,Grocery,115255.66361767115,98674.91062048201,134188.06983319626
2023-04-16,Grocery,113763.22766702199,95219.62187561272,133174.05735914933
2023-04-17,Grocery,72275.92367662319,53812.63116784456,91239.25132180116
2023-04-18,Grocery,71064.88788138416,52723.089876174956,89726.58297839967
2023-04-19,Grocery,70717.08023885627,55003.132601404526,87949.82850857095
2023-04-20,Grocery,70390.28164980702,51348.77812474516,87513.4034032825
2023-04-21,Grocery,73336.02677838653,55091.830598920555,91312.82937153974
2023-04-22,Grocery,116391.58366887088,97829.30951509585,134681.45999084163
2023-04-23,Grocery,115308.38360143885,96195.04883089627,134216.5181183547
2023-04-24,Grocery,74222.19244257579,56596.36972183063,91955.03055931194
2023-04-25,Grocery,73374.27778795034,55079.792388741516,92183.11428218868
2023-04-26,Grocery,73356.90110264956,54972.84867207309,90685.51126125308
2023-04-27,Grocery,73322.42152426898,56506.78663809601,92063.84193732396
2023-04-28,Grocery,76516.3575698478,58973.75731031333,94788.62358074565
2023-04-29,Grocery,119760.88608927779,102067.4747390209,138003.88085742615
2023-04-30,Grocery,118828.33216168334,100489.12804353796,136007.18176572426
2023-05-01,Grocery,77850.50026051688,59496.91175832377,96479.46145213603
2023-05-02,Grocery,77043.46130854862,60007.01520745904,95822.14908240165
2023-05-03,Grocery,77010.011237812,59550.94188615604,95996.93596333751
2023-05-04,Grocery,76902.78812914317,59078.345631416916,94910.82743354676
2023-05-05,Grocery,79967.36084278653,60991.38475428726,98359.97452672977
2023-05-06,Grocery,123017.13862146455,102974.36962656124,140883.37942138498
2023-05-07,Grocery,121851.80770187917,103284.23228624831,140168.52199538396
2023-05-08,Grocery,80605.7064722857,61305.974133151365,98610.64466504104
2023-05-09,Grocery,79476.11627030236,61083.660034669985,97961.64082420699
2023-05-10,Grocery,79082.57197176992,61460.20948046723,97353.070306126
2023-05-11,Grocery,78583.88190800411,59881.292488726314,98197.36826623582
2023-05-12,Grocery,81231.1386461308,62921.89623963687,99113.84345152338
2023-05-13,Grocery,123833.9420693645,104066.70199466516,142237.19560160855
2023-05-14,Grocery,122223.69478646695,103008.8237027474,141913.578245632
2023-05-15,Grocery,80540.9440852611,61763.59463850939,98137.6199100917
2023-05-16,Grocery,78967.1112625821,58592.49358467566,97573.84994896561
2023-05-17,Grocery,78140.60204246771,60052.15730850023,98027.09190862131
2023-05-18,Grocery,77227.69089875878,58766.43557815953,95484.55515568475
2023-05-19,Grocery,79485.42999966146,60860.83516508455,98353.34028330658
2023-05-20,Grocery,121719.17648742079,102776.31997088497,141586.29437354975
2023-05-21,Grocery,119790.75222091028,101694.22652475169,137831.60937866016
2023-05-22,Grocery,77844.77266644637,60272.68314048524,95726.12385754741
2023-05-23,Grocery,76043.84916261696,57029.79493245085,93793.79873414681
2023-05-24,Grocery,75041.5472740935,56424.11853138193,92600.90272714655
2023-05-25,Grocery,74007.1964207555,55699.0358567911,92717.82712496424
2023-05-26,Grocery,76198.76976840697,58580.97541844596,93085.89995283418
2023-05-27,Grocery,118411.79917045688,99203.18142438025,136649.47630502752
2023-05-28,Grocery,116532.49206494896,97579.95839855022,135154.04952802102
2023-05-29,Grocery,74703.14801095577,56176.11754397221,92930.56059026018
2023-05-30,Grocery,73060.94092627091,54839.068871176714,91000.58525043601
2023-05-31,Grocery,72267.83703386717,54582.174895099706,91259.95994740386
2023-06-01,Grocery,71489.44434918389,51714.73437530859,89766.22522126742
2023-06-02,Grocery,73977.97914814753,57088.48745332465,91795.2214063383
2023-06-03,Grocery,116512.68344896738,97857.42886297886,134414.08547279343
2023-06-04,Grocery,114998.01135155333,95923.66531987407,134544.55021957686
2023-06-05,Grocery,73568.24109107748,56375.28536329347,92333.88818968291
2023-06-06,Grocery,72329.93892611204,53934.12822607643,90125.89306470829
2023-06-07,Grocery,71948.9304454682,53787.60162422807,90649.66821175652
2023-06-08,Grocery,71583.27414668967,52978.66758900408,88926.27856120275
2023-06-09,Grocery,74476.38767045579,56485.23159548834,90755.76541553534
2023-06-10,Grocery,117389.02859996178,99089.73987268939,135845.56834046895
2023-06-11,Grocery,116242.59738861426,97809.92797214245,134493.45975579874
2023-06-12,Grocery,75162.9774467459,56420.40791449595,94111.15374688043
2023-06-13,Grocery,74226.69774384517,55798.52445339656,91138.35807417882
2023-06-14,Grocery,74104.95847494122,55377.09026714878,91976.34400630242
2023-06-15,Grocery,73950.71337121446,55348.00681305422,92862.60650876237
2023-06-16,Grocery,77001.92387110993,58455.07706242757,95016.54746692376
2023-06-17,Grocery,120005.05514406832,101968.17755381567,137504.64719696715
2023-06-18,Grocery,118903.43170707728,100076.8873182864,135418.35142158918
2023-06-19,Grocery,77820.22665218035,58835.15473093496,94401.82406414887
2023-06-20,Grocery,76808.23005044613,56588.57447258062,94697.44151824116
2023-06-21,Grocery,76550.8233958606,57201.747234624636,94913.10445312485
2023-06-22,Grocery,76203.05402852244,57165.27224029465,94581.8613768761
2023-06-23,Grocery,79004.89137210936,61985.086702692584,97102.0069789156
2023-06-24,Grocery,121696.1051572614,102733.56498515747,139837.34943864646
2023-06-25,Grocery,120249.53580550065,102286.49944770882,139860.0663112011
2023-06-26,Grocery,78793.09242489976,60670.69600100542,96147.45374880845
2023-06-27,Grocery,77362.98673759567,59613.393942605464,95075.61323922296
2023-06-28,Grocery,76661.51876502078,57738.37296536167,94688.00051092992
2023-06-29,Grocery,75852.01123509115,57719.68401989306,93704.77929547914
2023-06-30,Grocery,78181.9438243592,59909.9008807931,96176.64625517499
2023-07-01,Grocery,120389.10016018867,103341.18614990062,138453.81712161304
2023-07-02,Grocery,118479.65264734715,98850.08220221307,136314.09360078556
2023-07-03,Grocery,76589.08426709032,58938.08264648158,96007.91352591557
2023-07-04,Grocery,74738.82045578418,54173.87567901523,91906.945652145
2023-07-05,Grocery,73650.77758862989,55645.75995135742,90745.13373884448
2023-07-06,Grocery,72496.12946504874,53946.4269888831,90058.29015472064
2023-07-07,Grocery,74528.31321509335,57533.770613792076,92125.0351663662
2023-07-08,Grocery,116480.46088629219,96971.32640160744,135155.31033039492
2023-07-09,Grocery,114388.33686194023,95642.83265113048,132954.48360338356
2023-07-10,Grocery,72390.24368059132,54089.22840777457,91032.89272149571
2023-07-11,Grocery,70487.13338609754,52600.479041926454,88466.29453113384
2023-07-12,Grocery,69414.02023945363,51261.21915469336,86532.84434277401
2023-07-13,Grocery,68342.69920689968,50570.63058644432,87440.48648271825
2023-07-14,Grocery,70524.7595911286,51417.86891089832,87389.05065836341
2023-07-15,Grocery,112680.45104233277,94222.697256222,131158.45420363612
2023-07-16,Grocery,110866.63400608656,92358.75250910579,130573.66768865824
2023-07-17,Grocery,69215.83790323763,52591.24359444394,87406.99383185529
2023-07-18,Grocery,67700.02425800881,48731.16556524039,85670.1879226159
2023-07-19,Grocery,67059.03650677897,49778.50289433292,84715.75537017937
2023-07-20,Grocery,66457.44036703752,49428.23305543252,85900.35402138998
2023-07-21,Grocery,69137.70816781378,51093.63799039992,87582.65583684227
2023-07-22,Grocery,111800.67178280193,92986.87818070324,130581.93250184406
2023-07-23,Grocery,110518.62472189771,93085.05120301702,128288.74065971901
2023-07-24,Grocery,69413.65408525261,51283.908688430056,87838.73823547775
2023-07-25,Grocery,68425.15682193231,50888.43915159337,87477.61663605277
2023-07-26,Grocery,68295.40540291273,49646.86172024452,86104.38574260635
2023-07-27,Grocery,68180.56421371341,51285.44862232402,87216.21578902937
2023-07-28,Grocery,71314.07258227012,53093.1137446743,90165.91772272253
2023-07-29,Grocery,114378.68553912897,96996.07108869216,131804.31187533843
2023-07-30,Grocery,113464.70102086467,96618.00353969022,132684.06469175845
2023-07-31,Grocery,72687.51191498761,55137.795031506954,90032.5562552756
2023-08-01,Grocery,71958.79552258039,52066.907016923855,89190.00240978824
2023-08-02,Grocery,72029.0905798747,54327.17142511306,90570.22297880477
2023-08-03,Grocery,72052.86214346513,52478.84107258543,92086.1858816948
2023-08-04,Grocery,75261.93658310096,58214.79466546047,92313.67984521671
2023-08-05,Grocery,118328.9665018205,98434.96866179249,136782.17792324588
2023-08-06,Grocery,117370.60529296688,99257.88407920198,137010.80734608354
2023-08-07,Grocery,76504.09436413224,57957.68594563533,94395.12239487797
2023-08-08,Grocery,75621.93560212453,55937.900322158406,93772.82294942204
2023-08-09,Grocery,75491.28653253488,56667.686185135244,93254.85048445333
2023-08-10,Grocery,75272.88850042777,58570.84697396134,95102.11603466178
2023-08-11,Grocery,78204.37404411775,60100.24931753161,96385.03913576624
2023-08-12,Grocery,120954.99038408411,102189.48081815845,140007.49959414345
2023-08-13,Grocery,119673.57142975411,100277.1010482188,136097.88729739847
2023-08-14,Grocery,78484.03264444761,60916.627340241415,97600.00008763386
2023-08-15,Grocery,77263.42062357074,58916.061232133674,95092.48895931966
2023-08-16,Grocery,76798.04722082311,58583.14031868252,95461.67895070788
2023-08-17,Grocery,76256.23036807818,59132.898572970415,94913.62382296854
2023-08-18,Grocery,78881.45288173821,59957.30819917651,98019.82390497882
2023-08-19,Grocery,121338.35348959293,102306.00143753257,138586.92164678665
2023-08-20,Grocery,119805.53551151417,101283.98947436338,137913.31073932134
2023-08-21,Grocery,78410.03789260764,60022.932123010185,96509.95352726035
2023-08-22,Grocery,77008.85815587967,58275.351214597504,94976.1280552557
2023-08-23,Grocery,76401.94721786589,57632.976551541185,94076.99539429623
2023-08-24,Grocery,75758.90711501917,57015.90569510068,94799.35392765676
2023-08-25,Grocery,78322.16455132476,58492.73179794558,96201.78397890383
2023-08-26,Grocery,120744.40781085745,101846.02551240563,139057.52189451279
2023-08-27,Grocery,119226.42109541396,101433.75866325806,136783.04619547338
2023-08-28,Grocery,77890.72663676014,60561.40972224169,95831.5178235108
2023-08-29,Grocery,76566.77718759632,58651.214046414236,94039.38700098595
2023-08-30,Grocery,76061.00299184798,57690.02636057224,94851.12149460144
2023-08-31,Grocery,75537.65033340723,56937.446770719216,93979.35567090753
2023-09-01,Grocery,78232.13952116534,59708.07436820967,94263.61638879233
2023-09-02,Grocery,120780.10018367472,101328.50214498574,139449.2752631086
2023-09-03,Grocery,119400.3595880318,100530.19083391376,136973.71241949248
2023-09-04,Grocery,78207.8632376797,59602.60620781901,96229.93317337564
2023-09-05,Grocery,77002.61461566755,57898.200071172156,94140.5543251185
2023-09-06,Grocery,76596.81911828295,57537.767884465815,94975.93079372388
2023-09-07,Grocery,76149.88063839049,58008.30953316533,93916.45028703628
2023-09-08,Grocery,78891.92783453008,59161.435476985986,97206.38013937224
2023-09-09,Grocery,121444.40032913661,103807.88024914444,140166.2582223359
2023-09-10,Grocery,120048.11212754811,101521.549936113,138854.36301990997
2023-09-11,Grocery,78815.34568662393,61636.31151014501,96737.71392847433
2023-09-12,Grocery,77522.4054948599,59954.517835503924,97096.71147782163
2023-09-13,Grocery,76993.70334393087,58489.2830624823,94414.86355980663
2023-09-14,Grocery,76390.74021943999,57744.43642433957,95040.01787384687
2023-09-15,Grocery,78945.61273451806,61379.18451529153,97607.03620484828
2023-09-16,Grocery,121272.95312422316,101453.68395560553,139145.33633309123
2023-09-17,Grocery,119642.8664800248,100555.0271597508,137652.18009034696
2023-09-18,Grocery,78171.99808538139,60127.51109552313,97464.2554393989
2023-09-19,Grocery,76619.5069813687,59188.445009763884,95972.9890077215
2023-09-20,Grocery,75827.91019860534,56342.122171299154,94351.6935243746
2023-09-21,Grocery,74965.88392413266,56421.577957211135,93939.18651199667
2023-09-22,Grocery,77271.60487050067,58787.53200071875,95406.4834469699
2023-09-23,Grocery,119355.92359316003,101605.09229510734,138005.62245488382
2023-09-24,Grocery,117520.08333847886,99663.39576759603,135131.5250598173
2023-09-25,Grocery,75885.6982121783,58111.4823113421,93986.78317895367
2023-09-26,Grocery,74194.11859691015,55671.753315435286,92513.6475603249
2023-09-27,Grocery,73304.03784279065,54363.312930624095,92005.82909087639
2023-09-28,Grocery,72388.15092697396,55109.01162035261,90643.78784612242
2023-09-29,Grocery,74686.40146872189,56481.087492389925,94139.06086880477
2023-09-30,Grocery,116800.49068039472,98261.26303698545,135806.98487933745
2023-10-01,Grocery,115056.5063392104,96982.50905922476,134133.22506578127
2023-10-02,Grocery,73573.97155589542,53925.47991856616,91995.44560869203
2023-10-03,Grocery,72068.7782243106,53318.242874699165,90338.81870025254
2023-10-04,Grocery,71407.74969361903,52193.965484349865,89045.6799734298
2023-10-05,Grocery,70759.36541709599,51234.04242920469,88785.65777972982
2023-10-06,Grocery,73357.12698952763,56486.91401352508,92873.27737224006
2023-10-07,Grocery,115785.61768785026,97206.92065978702,134201.36636367667
2023-10-08,Grocery,114388.25235924505,97437.17941508781,133654.64705932158
2023-10-09,Grocery,73275.59709378204,55853.218540092304,92072.21862393306
2023-10-10,Grocery,72132.05662416345,54172.371968001105,90779.20514945105
2023-10-11,Grocery,71827.55823766811,53420.67919907596,89853.8684311844
2023-10-12,Grocery,71522.48322470329,52921.339962191785,89070.14504543925
2023-10-13,Grocery,74441.2643456455,55652.16980258853,92078.6256631876
2023-10-14,Grocery,117150.0768563969,98971.9817835184,135551.33089427504
2023-10-15,Grocery,116009.75638625893,98990.80101421571,134287.32615718554
2023-10-16,Grocery,75123.40133084811,57528.736737531355,93622.53829918522
2023-10-17,Grocery,74146.79022197437,54418.80632836338,92513.02786807476
2023-10-18,Grocery,73957.12750209495,55147.31162374405,91460.71530677547
2023-10-19,Grocery,73712.08830897407,55025.72528931164,93147.97554541552
2023-10-20,Grocery,76633.52202570606,57665.70294398838,96147.37599954111
2023-10-21,Grocery,119277.77923290685,101297.08639075127,138956.98969215242
2023-10-22,Grocery,118030.11828635493,99309.05185815124,135219.11287247774
2023-10-23,Grocery,76993.75527640815,58885.99316583651,95620.98902008802
2023-10-24,Grocery,75806.8672495019,56572.54282200002,94525.56525720954
2023-10-25,Grocery,75362.40681178009,56900.53250375468,94450.85987170237
2023-10-26,Grocery,74824.41445243763,56041.31478255383,93158.20365645461
2023-10-27,Grocery,77421.13259678063,59377.07217035363,95457.13416641057
2023-10-28,Grocery,119707.90207357632,101976.67752381365,138225.91061916834
2023-10-29,Grocery,118098.04857308402,98998.94065458149,136791.19652178918
2023-10-30,Grocery,76702.8175588397,58701.34424210696,94971.39593202934
2023-10-31,Grocery,75151.6139536007,57365.999735744415,93966.77658154364
2023-11-01,Grocery,74355.30285213716,55405.2764052899,93637.70448192512
2023-11-02,Grocery,73486.97425811217,54939.824986527645,92622.30363086748
2023-11-03,Grocery,75782.53487438815,57444.76165134017,93480.7374273161
2023-11-04,Grocery,117796.812998514,99680.65812601015,137107.01596693115
2023-11-05,Grocery,115968.78699250828,97894.97357209028,132994.63735168535
2023-11-06,Grocery,74414.5844952298,56084.89120887939,92791.70299905472
2023-11-07,Grocery,72750.31506224666,54184.38560541206,90757.59440969636
2023-11-08,Grocery,71898.96396734224,52249.28912989404,88784.91260152067
2023-11-09,Grocery,71035.74821355651,53907.471703798605,89675.9938116926
2023-11-10,Grocery,73396.35332934518,54021.88692423388,92014.40513009285
2023-11-11,Grocery,115526.43817756108,96842.59675739457,132571.51772502475
2023-11-12,Grocery,113881.41632302855,94623.35075832772,132590.56851062764
2023-11-13,Grocery,72572.74453279807,54515.66697766516,91406.30188433063
2023-11-14,Grocery,71193.58178489718,52624.69088362616,88374.43350981406
2023-11-15,Grocery,70669.5121381263,52688.57073941893,89009.13961633049
2023-11-16,Grocery,70169.73679561746,52042.112755650094,89210.27030005293
2023-11-17,Grocery,72920.22215228458,55295.28157589726,91640.40129066032
2023-11-18,Grocery,115451.41238234229,98179.66033228283,132808.7558544367
2023-11-19,Grocery,114225.27775341255,95069.68030118941,132922.6544284055
2023-11-20,Grocery,73341.3769889922,56335.10897466439,92527.97119568511
2023-11-21,Grocery,72370.74607550654,56174.18493001444,91118.4546895967
2023-11-22,Grocery,72236.39474886647,53107.25440829402,90335.41809942278
2023-11-23,Grocery,72097.92598411912,54614.52488041045,91469.08735735179
2023-11-24,Grocery,75173.86250658713,56301.65124749385,92097.91199362736
2023-11-25,Grocery,117982.8754259988,101000.54058294013,137615.27751649197
2023-11-26,Grocery,116991.07286452653,98065.19311863853,134478.00218002804
2023-11-27,Grocery,76292.41200801745,58622.61090649501,96120.47025479181
2023-11-28,Grocery,75444.2117571999,55643.665733539565,93598.26260820682
2023-11-29,Grocery,75371.83884406481,56784.56790645883,94210.16672933797
2023-11-30,Grocery,75233.89463513946,56658.22534439233,93063.66270311513
2023-12-01,Grocery,78248.80175018113,59952.1634703622,97334.38204021164
2023-12-02,Grocery,120932.38274962515,102684.92375402711,139139.00943347346
2023-12-03,Grocery,119764.1429579927,101072.5148556435,138174.13797693574
2023-12-04,Grocery,78841.80627943989,60707.77438460964,96810.51858928322
2023-12-05,Grocery,77718.22476540081,60519.252133470465,94852.70229229348
2023-12-06,Grocery,77330.03211632441,58485.243465319705,94615.81647394893
2023-12-07,Grocery,76843.18576133529,57317.94069620156,95143.80916881372
2023-12-08,Grocery,79483.61697945048,61135.39368066702,97169.17682551015
2023-12-09,Grocery,121770.9832569401,104605.79932618598,139724.8946410565
2023-12-10,Grocery,120203.79338504665,103584.28978593004,140217.60424446216
2023-12-11,Grocery,78887.94315860422,61052.96209769802,96995.86217666925
2023-12-12,Grocery,77374.92885481387,59717.38057271264,95437.75940829677
2023-12-13,Grocery,76615.27058954393,58353.26152622516,95251.33844822132
2023-12-14,Grocery,75781.77716748853,58531.37441166682,94549.51736196609
2023-12-15,Grocery,78106.99994919413,61250.5273771673,96219.01731103123
2023-12-16,Grocery,120113.85776558897,103763.43109303182,138177.78237708198
2023-12-17,Grocery,118312.92281144987,99402.13439039818,135702.5092116902
2023-12-18,Grocery,76812.32925499359,58645.96445013303,95693.77263766977
2023-12-19,Grocery,75161.395490637,57603.32087245688,94014.77405941646
2023-12-20,Grocery,74314.01713878725,56297.59206525666,91781.37096173684
2023-12-21,Grocery,73444.25565282165,56925.58542797581,91635.42110284288
2023-12-22,Grocery,75783.62622247096,59256.17626134434,93301.05411727418
2023-12-23,Grocery,117851.32878314728,99786.57283346241,136872.54134164835
2023-12-24,Grocery,116158.57159824591,97325.12410338814,135988.30627154742
2023-12-25,Grocery,74809.14829966541,56534.2268724721,93917.30372937831
2023-12-26,Grocery,73343.7342042152,55067.60354190794,91016.67477998551
2023-12-27,Grocery,72712.2349474932,53206.732366071825,91887.12172635221
2023-12-28,Grocery,72082.40797940905,54625.96678129191,91244.27366261459
2023-12-29,Grocery,74678.86994655625,54373.0941092325,92597.93862840165
2023-12-30,Grocery,117012.17409525777,99540.2845459314,136034.44354710003
2023-12-31,Grocery,115590.27426130688,97218.96447025427,133622.3015112195
2024-01-01,Grocery,74509.8451623237,56776.232831337205,92816.74654748326
2024-01-02,Grocery,73301.29828038359,54286.56075943909,92244.01521287528
2024-01-03,Grocery,72910.10166932482,54542.479026205,90560.4322778604
2024-01-04,Grocery,72498.4200597037,55042.3732620767,90819.69036107112
2024-01-05,Grocery,75285.79853737196,59030.03870748714,95189.92379174924
2024-01-06,Grocery,117777.0159030154,99628.91763317872,134876.93804936315
2024-01-07,Grocery,116480.59370568882,98372.95877250945,133852.76937490632
2024-01-08,Grocery,75491.2619631578,56270.10153018835,95207.95675633798
2024-01-09,Grocery,74333.98422826223,55334.67115934257,91432.14963006416
2024-01-10,Grocery,73955.70455518007,55683.11575235126,92690.96806417644
2024-01-11,Grocery,73519.27064268186,55654.451385830114,89929.69325941538
2024-01-12,Grocery,76245.76638697289,58797.27370115868,95036.50609607573
2024-01-13,Grocery,118642.31901787284,100771.38829142567,137785.1832641118
2024-01-14,Grocery,117221.24861315082,99900.1732744877,134900.56810869963
2024-01-15,Grocery,76079.7807608158,57945.57313097731,94424.87673887324
2024-01-16,Grocery,74748.34313880048,56516.77776373367,93782.02534807094
2024-01-17,Grocery,74178.63740048712,57059.07718794159,92411.35945803096
2024-01-18,Grocery,73538.66847003705,55733.360718247925,92279.86844615458
2024-01-19,Grocery,76054.8459016271,58398.96196290453,94796.68759281283
2024-01-20,Grocery,118239.73376504627,101098.77362514033,136733.50562478314
2024-01-21,Grocery,116610.64652940999,98453.42960176348,134280.79664934674
2024-01-22,Grocery,75269.80432923374,56401.389399149615,93938.23855146772
2024-01-23,Grocery,73752.48027774658,55417.29876384004,92555.4031316571
2024-01-24,Grocery,73014.43777189153,52982.95276942336,91523.63636496245
2024-01-25,Grocery,72227.30210645922,54015.34225704595,91073.21403235254
2024-01-26,Grocery,74620.49810501786,56261.72176663169,92238.21363386343
2024-01-27,Grocery,116709.02862700341,98986.36904174805,135665.6955493472
2024-01-28,Grocery,115011.61828841253,96788.93486170366,131162.89953224294
2024-01-29,Grocery,73631.42522269179,56181.453577554166,92990.90672866962
2024-01-30,Grocery,72104.16200269289,53194.46447966153,91160.4357726574
2024-01-31,Grocery,71385.02662482252,52511.28661908971,90014.62167836822
2024-02-01,Grocery,70644.54641314936,53258.6695965835,88346.43807122915
2024-02-02,Grocery,73110.47998339678,55312.45637979552,90367.31449080013
2024-02-03,Grocery,115295.74703285613,96423.0146855224,133415.32117563352
2024-02-04,Grocery,113716.62469125673,95735.3212714807,132044.4609662243
2024-02-05,Grocery,72472.66237469843,53100.88038049667,93111.68584730434
2024-02-06,Grocery,71097.01492815746,52619.59984785185,89757.62433029983
2024-02-07,Grocery,70541.31734950094,53194.15439579153,88947.19567580702
2024-02-08,Grocery,69972.71193455115,52038.77173603645,89241.02459208149
2024-02-09,Grocery,72615.70241088764,54813.49745373033,89890.3992985037
2024-02-10,Grocery,114981.02404707202,96535.31463016276,131325.91640729771
2024-02-11,Grocery,113579.46600846229,95750.25892411964,132388.71980401315
2024-02-12,Grocery,72508.23777493989,53530.58139228657,91730.76892949837
2024-02-13,Grocery,71300.26230462472,52601.82209967656,87621.96828793625
2024-02-14,Grocery,70904.14606093775,53511.64381864501,89234.16115438678
2024-02-15,Grocery,70485.43623626868,51785.71050856872,89037.79921890622
2024-02-16,Grocery,73267.57342184265,55950.348703788724,91448.73058967071
2024-02-17,Grocery,115761.54410756845,97737.69855737832,134657.0869879278
2024-02-18,Grocery,114475.58072932796,96461.03069631848,132915.11617318616
2024-02-19,Grocery,73507.06230880257,56081.006313271755,91541.13813629744
2024-02-20,Grocery,72391.44194738657,53591.58462614614,90124.1712446242
2024-02-21,Grocery,72076.96777417815,54915.89982548036,89940.61658025958
2024-02-22,Grocery,71730.08313256371,52973.835467049845,90190.80871656588
2024-02-23,Grocery,74575.3992590163,57072.6325755178,93167.92022237774
2024-02-24,Grocery,117126.06249400013,98066.43879191279,135782.5606292378
2024-02-25,Grocery,115889.27708955084,97394.10091804326,134406.47024886418
2024-02-26,Grocery,74963.69937248802,57653.54315245828,92234.44518166443
2024-02-27,Grocery,73887.97414307276,55347.7067984,91845.52823520525
2024-02-28,Grocery,73610.19694823015,54116.67913765953,91716.24908554295
2024-02-29,Grocery,73297.46354935915,53681.036593429126,91343.28902909193
2024-03-01,Grocery,76175.5118711714,58152.745247563646,94521.59807135581
2024-03-02,Grocery,118758.65955451224,100892.50248981293,136190.1546643969
2024-03-03,Grocery,117550.59662987194,99098.89539453339,137264.38253023216
2024-03-04,Grocery,76648.6258373564,59500.61109551267,97048.75165086392
2024-03-05,Grocery,75594.98597341395,58787.028168039884,93750.79528344465
2024-03-06,Grocery,75334.65161533537,58477.51026950283,92005.259049969
2024-03-07,Grocery,75033.27244045924,56552.61191464294,93538.36829152047
2024-03-08,Grocery,77914.63803423612,60479.14471899712,97345.89888027044
2024-03-09,Grocery,120494.96650696125,102305.5210779212,139442.01231730127
2024-03-10,Grocery,119268.99846617707,100883.44512286318,136968.13644478246
2024-03-11,Grocery,78332.4446507922,59558.032494212166,96935.19275340847
2024-03-12,Grocery,77232.3566306723,59457.09088659717,96064.37828776802
2024-03-13,Grocery,76908.6166710847,57752.98571523588,95135.61106877158
2024-03-14,Grocery,76525.19676771591,58660.46917303543,94173.20052607218
2024-03-15,Grocery,79304.81328104527,61075.49758844888,96691.98698633234
2024-03-16,Grocery,121765.75462536786,102883.87378846781,139114.4564665941
2024-03-17,Grocery,120395.09306165502,101422.43771595888,139095.79035209853
2024-03-18,Grocery,79288.71989071305,60506.30847568981,96017.30487932617
2024-03-19,Grocery,78000.73467445042,59287.124245963125,96391.9011816428
2024-03-20,Grocery,77468.58165454402,59871.999229706176,96740.629105357
2024-03-21,Grocery,76857.5712180985,58798.85162244323,95396.06856198508
2024-03-22,Grocery,79392.65481668092,62355.03878149261,99178.73871354507
2024-03-23,Grocery,121597.71171426092,103281.62551092815,139297.5651898652
2024-03-24,Grocery,119955.79019715726,100529.2202338708,137699.10025601313
2024-03-25,Grocery,78566.6358500246,58967.2667786424,98148.47870564162
2024-03-26,Grocery,76995.00124331114,58459.422529722,94857.51149644371
2024-03-27,Grocery,76179.32986729228,57255.50529015407,94625.61738697541
2024-03-28,Grocery,75289.45594054533,57532.39737349035,93259.09899881356
2024-03-29,Grocery,77555.36738767776,59089.298931176985,96319.38033782599
2024-03-30,Grocery,119508.92458403952,101532.52915417743,139005.76466157948
2024-03-31,Grocery,117630.96115179619,98435.92651049708,133906.3244072185
2024-04-01,Grocery,76026.3165818823,57654.65540281353,94750.93153103547
2024-04-02,Grocery,74271.07777003205,56029.77110573471,92016.32720276952
2024-04-03,Grocery,73304.59853018618,54263.41288250159,91401.72396338411
2024-04-04,Grocery,72300.44504832677,54046.780159491456,92421.49780289078
2024-04-05,Grocery,74492.19793974138,55656.52350091851,92133.17817803349
2024-04-06,Grocery,116417.54968127182,97001.62721921453,134368.95734332642
2024-04-07,Grocery,114552.20826632228,94983.50006509067,132963.93065489718
2024-04-08,Grocery,73002.65642424772,53678.08120170053,91610.71528150931
2024-04-09,Grocery,71352.3036327502,53696.0360405962,89227.90498771297
2024-04-10,Grocery,70536.84674789733,51446.00503460896,88356.66299054615
2024-04-11,Grocery,69728.63609013587,51701.190091370925,89802.99184272753
2024-04-12,Grocery,72159.55100690218,53954.608629388786,91340.05869161358
2024-04-13,Grocery,114367.61990890442,94574.99371323497,131843.31205697023
2024-04-14,Grocery,112817.82301738851,95392.56063430053,131091.65632511303
2024-04-15,Grocery,71612.69172843211,53811.35640268416,89795.9639608328
2024-04-16,Grocery,70337.48585030853,52097.852364772756,89244.67364706361
2024-04-17,Grocery,69919.00876498705,51099.239394158714,87943.59176243428
2024-04-18,Grocery,69523.50374100276,51928.73655552482,87552.77146005139
2024-04-19,Grocery,72376.70638845985,53421.70822594616,90955.76117558134
2024-04-20,Grocery,115013.08224514658,97286.59240346489,133545.6497720601
2024-04-21,Grocery,113883.6130876665,95722.64905005749,129878.54646678886
2024-04-22,Grocery,73084.30865641081,54715.52624027156,91720.55857778939
2024-04-23,Grocery,72200.88010306514,54534.853758664634,91404.82170357258
2024-04-24,Grocery,72149.81497083395,53741.47669797206,89625.89091526713
2024-04-25,Grocery,72091.07007356288,54691.92656827248,91386.3955817372
2024-04-26,Grocery,75244.97275866245,56913.53528609605,93161.13628223779
2024-04-27,Grocery,118145.02247978907,98268.84499233826,135490.035952184
2024-04-28,Grocery,117228.33189155487,98682.36590251069,136111.37254506708
2024-04-29,Grocery,76586.89154900539,58787.027491489855,95068.43424838854
2024-04-30,Grocery,75812.81026491681,58374.77031466826,93418.70564207266
2024-05-01,Grocery,75816.23219453836,57792.80614737133,94469.9117272172
2024-05-02,Grocery,75755.84552016399,57310.42366102991,93938.11294025356
2024-05-03,Grocery,78852.1656105043,60943.2024974484,96544.50548000124
2024-05-04,Grocery,121644.01987231067,103051.98211153278,138752.6965003107
2024-05-05,Grocery,120559.70932873711,102687.02898856782,139508.2119956367
2024-05-06,Grocery,79694.34568555205,61032.58491685307,97992.50065398359
2024-05-07,Grocery,78653.52211921957,59871.49613887061,96994.14649553022
2024-05-08,Grocery,78346.78102127259,60031.87010036719,96897.1064562062
2024-05-09,Grocery,77937.76353795858,60980.75832352128,96538.57303296868
2024-05-10,Grocery,80653.11297091981,61462.38030742118,99383.82524661686
2024-05-11,Grocery,123042.53718944134,104143.42797581338,143246.17931777923
2024-05-12,Grocery,121530.59203289301,103404.73953411846,139433.06019658572
2024-05-13,Grocery,80220.00083075142,61849.2505226477,98225.67700641109
2024-05-14,Grocery,78733.67596723154,61801.22220924727,96614.33664596803
2024-05-15,Grocery,77983.66919300632,59549.69814406722,95382.52038369351
2024-05-16,Grocery,77140.90658738861,59154.685311430876,95216.70816312853
2024-05-17,Grocery,79439.67028728695,61159.379620042266,96867.57336449799
2024-05-18,Grocery,121441.21069748254,102896.57044817512,140181.2833485042
2024-05-19,Grocery,119566.13849084785,102800.0719630079,137671.9835989396
2024-05-20,Grocery,77924.70763420785,59623.8772422164,95663.44346979095
2024-05-21,Grocery,76154.22044849997,58994.65049684881,94728.6749393985
2024-05-22,Grocery,75166.54826958057,55349.652360582506,93537.83882756374
2024-05-23,Grocery,74136.40073913848,56012.98059998143,91854.66025105368
2024-05-24,Grocery,76301.69832629408,57469.40305929275,93967.25498131919
2024-05-25,Grocery,118233.26617368542,99708.75342397086,136556.6696005493
2024-05-26,Grocery,116336.50426566164,96622.80307655603,134618.51365333132
2024-05-27,Grocery,74720.1149688979,57253.52733707395,94775.19353603305
2024-05-28,Grocery,73039.09175996344,53573.47499912171,90873.02384783598
2024-05-29,Grocery,72195.12730915096,53878.70583752357,90679.32769637808
2024-05-30,Grocery,71359.96372019082,53544.88506856648,89663.43756266113
2024-05-31,Grocery,73768.50403527505,54970.89117317436,92412.25822398183
2024-06-01,Grocery,115994.81498167843,97058.2834739522,133544.38524060798
2024-06-02,Grocery,114421.09503456496,94667.48854723891,132572.88487131923
2024-06-03,Grocery,73150.87761837845,55728.985420235294,91000.39747628386
2024-06-04,Grocery,71849.52261478816,53219.09675252769,89633.40176437308
2024-06-05,Grocery,71403.2509968186,52368.15644476446,89671.62412285597
2024-06-06,Grocery,70976.14490971822,53838.37102671206,88767.87594384662
2024-06-07,Grocery,73796.0847263026,55267.75200902041,91264.33152454658
2024-06-08,Grocery,116437.13669293464,96943.68062988868,134147.60781727696
2024-06-09,Grocery,115255.8829077965,97294.89661731652,134430.43751244905
2024-06-10,Grocery,74349.15097927707,57866.58442026024,94315.4990372338
2024-06-11,Grocery,73392.04480912397,53428.27213896832,92044.47727561026
2024-06-12,Grocery,73255.62710155541,54963.571128990385,92283.90015812784
2024-06-13,Grocery,73097.57478740234,55360.8608723286,90658.23122187401
2024-06-14,Grocery,76140.93089966563,57083.45998034283,93687.80291088417
2024-06-15,Grocery,118963.03745551233,99798.03677124808,136649.9509364594
2024-06-16,Grocery,117898.61822406996,99641.05407953594,136224.4960033343
2024-06-17,Grocery,77042.35657149451,59523.60505885517,95137.313921215
2024-06-18,Grocery,76084.89057571176,56320.85202055068,94317.6869106171
2024-06-19,Grocery,75888.11849707097,57989.798428657865,94160.04327644182
2024-06-20,Grocery,75609.95710431597,58269.72311848268,93018.1286523294
2024-06-21,Grocery,78475.71930652534,59315.22750021379,95615.21951360092
2024-06-22,Grocery,121073.49564023169,102007.47025907642,140259.75267619005
2024-06-23,Grocery,119723.07511725207,101951.88375642773,137177.91975679703
2024-06-24,Grocery,78524.80334866933,59944.31618483439,97039.74227510362
2024-06-25,Grocery,77192.88397089727,59330.49484068443,94312.18116017737
2024-06-26,Grocery,76586.95886051918,56883.81456071834,94358.29082554331
2024-06-27,Grocery,75872.01512174743,56819.543913700334,94616.22104422741
2024-06-28,Grocery,78281.9533992868,59958.38058477182,96365.35768615032
2024-06-29,Grocery,120421.4011731567,101533.26182643513,138860.2909956599
2024-06-30,Grocery,118600.01105296063,101980.09276614906,136659.40449503658
2024-07-01,Grocery,76927.84045136617,60279.88810139734,95406.43529671956
2024-07-02,Grocery,75145.75503459947,56589.15884240308,93741.03574310995
2024-07-03,Grocery,74113.2113778934,57304.79338583573,92446.70300230011
2024-07-04,Grocery,73003.25892516122,55183.5113348873,92577.84583657872
2024-07-05,Grocery,75058.26540676395,56300.88745604721,93360.41878683229
2024-07-06,Grocery,116898.14961240892,98001.99726073635,133725.6772096295
2024-07-07,Grocery,114820.06677267696,97124.5924949168,132781.814124887
2024-07-08,Grocery,72940.34169326852,53689.05578885993,91203.475749337
2024-07-09,Grocery,71022.02824096769,52706.14736994541,89309.30151896286
2024-07-10,Grocery,69918.96992703373,51920.25941191707,88416.74247266306
2024-07-11,Grocery,68805.9926982691,50845.43115497202,86535.26722987002
2024-07-12,Grocery,70926.90214346333,52503.3885079507,88716.39056183212
2024-07-13,Grocery,112909.26719373881,94900.43511725368,131227.855660981
2024-07-14,Grocery,111029.63843993217,93359.81036454537,128706.95823941003
2024-07-15,Grocery,69402.1922286657,50685.599341442714,86718.35036701456
2024-07-16,Grocery,67803.61222592821,50844.27324627473,86560.61823231031
2024-07-17,Grocery,67073.59887505394,47680.888190336365,84925.11661313052
2024-07-18,Grocery,66380.42580063936,48881.23773774886,84849.23676669544
2024-07-19,Grocery,68961.37935379142,51060.94113951551,87859.13993055021
2024-07-20,Grocery,111444.25814981725,93182.253226832,129844.03694869694
2024-07-21,Grocery,110078.27944187306,91079.91273915122,128926.04277238483
2024-07-22,Grocery,68969.57684132007,50936.277190114815,87756.06274929564
2024-07-23,Grocery,67903.52999803376,47718.60444771275,85987.52961555675
2024-07-24,Grocery,67701.82968043203,49333.73523332544,85098.83431603035
2024-07-25,Grocery,67523.48288981983,49065.47128824851,85799.74746562504
2024-07-26,Grocery,70597.75564192764,51378.07587719126,88461.49146088766
2024-07-27,Grocery,113552.4234878943,95019.71383654884,132010.48499951712
2024-07-28,Grocery,112610.37433027657,93852.92988656566,132259.6053408277
2024-07-29,Grocery,71871.94075238692,51558.50616366238,91774.298326769
2024-07-30,Grocery,71134.63156252197,51400.64236319563,88590.15603139187
2024-07-31,Grocery,71206.67974024078,51511.58603219131,89764.07436044363
2024-08-01,Grocery,71243.39835812771,53170.75065805035,89610.93896426432
2024-08-02,Grocery,74472.50552013681,55509.85294384429,91810.21220388215
2024-08-03,Grocery,117528.98414352983,99115.55943757905,135794.73191623203
2024-08-04,Grocery,116617.22191150767,97492.05763495028,135156.49008309186
2024-08-05,Grocery,75840.00482425076,56378.38269310539,94614.1850905506
2024-08-06,Grocery,75015.46703111322,59043.467403660296,92900.63800676417
2024-08-07,Grocery,74946.93206055141,54993.92537414856,92722.93547295335
2024-08-08,Grocery,74794.4282820457,56584.73904847898,94312.12212809036
2024-08-09,Grocery,77792.20760878263,58670.16594960603,95901.62487199275
2024-08-10,Grocery,120590.03338415765,101888.98788042365,139813.5743379196
2024-08-11,Grocery,119380.68780321626,101486.57858406017,137315.12796586187
2024-08-12,Grocery,78275.47284445596,60473.233972958486,95534.09789342979
2024-08-13,Grocery,77118.24392473692,58386.12249394234,94511.32134571124
2024-08-14,Grocery,76711.43245514187,58343.42022118651,94627.8873997682
2024-08-15,Grocery,76222.6347567762,57587.157340470636,95330.22420966603
2024-08-16,Grocery,78894.26592349845,61275.721857658646,97185.2856259898
2024-08-17,Grocery,121391.24659615236,102861.76213253153,139872.71843212383
2024-08-18,Grocery,119893.87866132511,101063.24473609896,138160.97208445863
2024-08-19,Grocery,78519.88477137694,60022.53859442521,95901.06039677009
2024-08-20,Grocery,77135.58645464362,58747.85972008757,94391.80860376613
2024-08-21,Grocery,76538.19689799592,58810.07477168594,94529.99169873589
2024-08-22,Grocery,75897.59837907966,58688.582099346764,95790.75791732805
2024-08-23,Grocery,78458.26976002198,60279.80250829642,97231.15207451695
2024-08-24,Grocery,120893.53063837867,102379.80510454475,137880.82820263444
2024-08-25,Grocery,119363.95999851324,100440.80673516182,138338.75672849992
2024-08-26,Grocery,77986.1608618975,60739.46311956135,95938.6846441277
2024-08-27,Grocery,76641.27663424762,58661.35740609407,95634.33227424498
2024-08-28,Grocery,76113.75028774388,57725.50218119574,94148.08055003661
2024-08-29,Grocery,75568.48393616875,56127.64828193438,93166.12664470858
2024-08-30,Grocery,78245.22613709931,59279.30422501755,96806.6957829499
2024-08-31,Grocery,120819.54739909821,103203.31427506816,139902.42761740362
2024-09-01,Grocery,119426.95910270403,101608.2815294083,136401.86192623447
2024-09-02,Grocery,78178.53986585519,59778.91946040728,97094.45433786562
2024-09-03,Grocery,76966.90241662666,58657.10895006185,95590.87440593357
2024-09-04,Grocery,76561.50419658852,58503.45520798559,94375.77184203583
2024-09-05,Grocery,76121.24456419025,57615.2593073682,94756.90413502484
2024-09-06,Grocery,78881.33630078957,60627.72700850673,98103.90122141883
2024-09-07,Grocery,121521.00504294629,103239.74008899505,139862.42905461378
2024-09-08,Grocery,120153.26926239488,102096.94404334371,138618.95850389887
2024-09-09,Grocery,78887.35828846107,60088.1822180877,97412.7469028138
2024-09-10,Grocery,77632.03045889417,59704.65521368238,96552.27865625767
2024-09-11,Grocery,77147.30914827758,58963.369750260026,96460.96415898694
2024-09-12,Grocery,76592.36807514256,58953.49483637954,94702.0081711567
2024-09-13,Grocery,79204.71771445844,60938.14597690676,97825.98378312968
2024-09-14,Grocery,121674.4439326589,102809.24534291845,140284.99329278656
2024-09-15,Grocery,120099.45362955617,102024.73751330175,137323.14446117825
2024-09-16,Grocery,78594.48344174435,61084.570112721376,97119.76737021108
2024-09-17,Grocery,77091.56782072737,58784.63721388114,96019.15845815509
2024-09-18,Grocery,76348.00407458303,57355.11396257958,95700.01425297958
2024-09-19,Grocery,75529.33949860373,57071.70216304936,93413.13704834442
2024-09-20,Grocery,77880.7014883639,60326.562584046405,96689.54996921954
2024-09-21,Grocery,120107.4238495296,101878.04334459189,139327.03630602348
2024-09-22,Grocery,118295.63036052871,99902.83265340289,136549.14942761336
2024-09-23,Grocery,76567.73371371793,58407.98938477202,94835.93133292325
2024-09-24,Grocery,74879.98319492374,56654.59439102946,92846.1089568564
2024-09-25,Grocery,73986.62058353398,55759.71704418731,90975.4086389994
2024-09-26,Grocery,73057.96433630197,55572.83796806179,91470.48123364389
2024-09-27,Grocery,75343.91237416575,57371.19397288125,94283.80113435147
2024-09-28,Grocery,117561.01825153906,97392.251937094,135909.0130287707
2024-09-29,Grocery,115778.50664132816,97449.44294940846,134344.95658374234
2024-09-30,Grocery,74120.3860546992,54929.76810693495,92375.4377454228
2024-10-01,Grocery,72560.22624948024,54682.60601669149,91638.34762948223
2024-10-02,Grocery,71841.67784542659,51529.58470359648,89611.8964256189
2024-10-03,Grocery,71131.84487152894,54028.17549394619,89174.68676380318
2024-10-04,Grocery,73677.165064497,55765.115506103815,91915.40510118759
2024-10-05,Grocery,116197.14902618529,95933.02697233859,133248.12258351647
2024-10-06,Grocery,114736.04344512505,96302.04258923676,132402.05499277305
2024-10-07,Grocery,73411.77072553706,54939.44820897986,92092.59786279252
2024-10-08,Grocery,72208.14066302052,54824.30089976799,90872.168100935
2024-10-09,Grocery,71851.92448849781,52327.444440135034,89954.06139793535
2024-10-10,Grocery,71501.68767853042,53098.733879291765,88719.80507517688
2024-10-11,Grocery,74396.19610334835,56594.43895487455,93246.89188938843
2024-10-12,Grocery,117254.93899418207,100781.76030477269,136030.47325723962
2024-10-13,Grocery,116095.52987932898,97578.68037714297,132932.3842029464
2024-10-14,Grocery,75029.52968109182,56457.50695952532,93875.99239190762
2024-10-15,Grocery,74052.11415946283,55722.29704555722,92115.47897093181
2024-10-16,Grocery,73875.68799229196,55926.10742707977,91545.81038686432
2024-10-17,Grocery,73654.12772389728,55292.133104691704,91108.07079037339
2024-10-18,Grocery,76623.62896979583,58754.23632793279,95034.15777857267
2024-10-19,Grocery,119509.89570185954,100728.8952089278,136122.91661865797
2024-10-20,Grocery,118311.13153615872,100352.78283559477,136667.17159737356
2024-10-21,Grocery,77140.57267882045,59509.72445950634,95201.50227390602
2024-10-22,Grocery,76013.41557317993,59359.70896381751,95256.13443679403
2024-10-23,Grocery,75636.7584010727,58779.76914024098,94601.96006287281
2024-10-24,Grocery,75169.0298668524,55591.483630312156,94210.66881390978
2024-10-25,Grocery,77853.04714676352,59135.812919293174,97634.58419510459
2024-10-26,Grocery,120429.64102698067,101876.80481296623,137297.7352345596
2024-10-27,Grocery,118886.01284503241,99660.94057631084,135743.05634295678
2024-10-28,Grocery,77344.76405350021,58584.97430172841,95422.38405798575
2024-10-29,Grocery,75847.88781578402,58354.765850403586,94421.23626399259
2024-10-30,Grocery,75102.86378099404,56291.76571599892,93435.88815982053
2024-10-31,Grocery,74277.12506211665,55410.76127829675,91750.13663881207
2024-11-01,Grocery,76623.20972258147,58656.20754772266,94326.56764868526
2024-11-02,Grocery,118898.73804124567,100432.89314907324,137895.9328239097
2024-11-03,Grocery,117080.0871200818,98691.16368530298,134811.95764871108
2024-11-04,Grocery,75297.90601634052,57053.87181208487,93741.05191220656
2024-11-05,Grocery,73618.19770788283,55566.00618244706,92218.74142862453
2024-11-06,Grocery,72744.63039654847,54230.414630437794,92375.79827049491
2024-11-07,Grocery,71848.14112544373,52903.5026838852,89483.88160084543
2024-11-08,Grocery,74184.31215314232,56716.47741464695,93463.35407694204
2024-11-09,Grocery,116519.86125785804,99102.38449202006,133699.9162229252
2024-11-10,Grocery,114811.820489878,96489.67918989339,133166.05970846786
2024-11-11,Grocery,73189.74419431374,53379.00488105801,92097.54484210236
2024-11-12,Grocery,71734.10434021021,52714.63968624918,90826.72371650503
2024-11-13,Grocery,71135.05138646434,54023.11985020168,88768.465490721
2024-11-14,Grocery,70557.39175175125,53349.727258843566,90748.76931485039
2024-11-15,Grocery,73250.42450300996,54270.33432495934,91044.44851680256
2024-11-16,Grocery,115981.17242346382,97472.08608804432,134354.74458893252
2024-11-17,Grocery,114679.27922306569,97832.57549987217,134474.99133815992
2024-11-18,Grocery,73466.10598731581,55965.04286311331,92339.64641192996
2024-11-19,Grocery,72430.61176003942,53785.32089987246,92419.70785220874
2024-11-20,Grocery,72244.70794796178,53615.42477207312,89778.4147484755
2024-11-21,Grocery,72063.72216587287,54142.77412331485,89631.87631063194
2024-11-22,Grocery,75128.77357131905,57762.813903386355,95062.88014000391
2024-11-23,Grocery,118206.78697962018,99946.38557741423,135397.9801457779
2024-11-24,Grocery,117201.11382969139,99094.59826066474,135088.52850032222
2024-11-25,Grocery,76227.48537509442,58673.27441683971,95367.08006375468
2024-11-26,Grocery,75387.31079737237,56551.39711006114,92626.20214978167
2024-11-27,Grocery,75339.52324150137,56256.8694570359,92980.8629421886
2024-11-28,Grocery,75236.39665535538,57161.58194773632,94356.64690051982
2024-11-29,Grocery,78318.2984134761,58494.468042059736,94162.09070822275
2024-11-30,Grocery,121360.30133554645,101631.0774284363,137937.02908302925
2024-12-01,Grocery,120248.32424543491,102811.85616502386,139849.99146683718
2024-12-02,Grocery,79101.72394993457,60991.53099923561,97329.24259105683
2024-12-03,Grocery,78043.78467463228,60030.21195714682,97614.5345118167
2024-12-04,Grocery,77729.8269883866,59685.13975246525,96431.2492581705
2024-12-05,Grocery,77318.15209827448,58936.207414019045,96764.91909494088
2024-12-06,Grocery,80056.95504988176,61434.844364388686,99146.73950783786
2024-12-07,Grocery,122737.3321149786,105205.73984998857,143189.6175270538
2024-12-08,Grocery,121234.7575402523,103462.23518401218,138945.8125107308
2024-12-09,Grocery,79678.1544675478,61621.30315869205,97872.66172494962
2024-12-10,Grocery,78217.44319711186,59536.72291591352,96284.58190657829
2024-12-11,Grocery,77507.81091448759,59622.29447884521,95828.31264001697
2024-12-12,Grocery,76715.71403206789,58291.25568553155,95302.60846492737
2024-12-13,Grocery,79097.91663951027,62060.50473694074,96029.68704736278
2024-12-14,Grocery,121460.89254890656,102609.17470837734,138734.9805161713
2024-12-15,Grocery,119667.67177621783,99789.79832512999,138097.39971830824
2024-12-16,Grocery,77853.4569781737,60841.562726114644,95615.01214304351
2024-12-17,Grocery,76190.32809097286,58460.71899250551,95585.53716884006
2024-12-18,Grocery,75327.7985611524,56757.10564179133,94103.13006198803
2024-12-19,Grocery,74434.02607895805,56823.81142848187,93381.68302698126
2024-12-20,Grocery,76767.14717038577,59821.54873505512,95154.91612295323
2024-12-21,Grocery,119141.26076382496,100688.84282706487,136933.2770771353
2024-12-22,Grocery,117398.84231723192,98212.87925387805,135678.43290571126
2024-12-23,Grocery,75673.10958419298,58576.323374656036,95076.07071032414
2024-12-24,Grocery,74150.08811195807,56424.04980117138,92390.77780104766
2024-12-25,Grocery,73465.65395330745,56437.10369058266,92178.69669171916
2024-12-26,Grocery,72782.14326673676,53810.15845590951,91396.38135335821
2024-12-27,Grocery,75352.159347748,55966.07014605894,93364.52967454099
2024-12-28,Grocery,117991.29558651871,100052.17222471972,136162.25952791414
2024-12-29,Grocery,116516.25297364284,97703.45470080752,134148.62865679894
2024-12-30,Grocery,75054.06570249624,56345.1341721694,92870.02925907249
2024-12-31,Grocery,73801.61042354784,55320.437014640534,92228.560678281
2025-01-01,Grocery,73379.18908147691,55629.58042521727,92191.10470400477
2025-01-02,Grocery,72942.5609221525,55186.563503939666,91858.91892956368
2025-01-03,Grocery,75739.2153329187,57844.21351420934,94500.18225215827
2025-01-04,Grocery,118587.79811347941,99733.47043738297,138218.3563197854
2025-01-05,Grocery,117281.8683056544,98825.28649707673,134680.83228518962
2025-01-06,Grocery,75945.89377599812,57850.48663910604,94740.12085049713
2025-01-07,Grocery,74792.09137691284,57070.79033282358,93843.64615365135
2025-01-08,Grocery,74430.41742365426,55835.898369085335,92541.89322060448
2025-01-09,Grocery,74015.87379626608,55743.73633395549,91088.65249526348
2025-01-10,Grocery,76797.08660271783,58344.57701203323,93965.20752894707
2025-01-11,Grocery,119602.26848563801,101448.64482722302,137591.08472961516
2025-01-12,Grocery,118208.44469389568,99922.71988652379,136641.83564637197
2025-01-13,Grocery,76744.05023840963,59212.85099032755,95400.73684647553
2025-01-14,Grocery,75442.9385664552,57965.82243784919,93686.89888972405
2025-01-15,Grocery,74910.62740240892,57441.74411935737,93830.00919125731
2025-01-16,Grocery,74306.74052913873,56289.667825688215,91983.14109717497
2025-01-17,Grocery,76885.77102609872,58949.44153047349,95476.38760333096
2025-01-18,Grocery,119489.4783071351,103167.71256334259,136895.70770861054
2025-01-19,Grocery,117881.50426473866,100048.23191163552,135177.5834450012
2025-01-20,Grocery,76196.51651195498,58095.41797791648,93279.88070085668
2025-01-21,Grocery,74691.3546543767,55982.141621547904,93611.33209921047
2025-01-22,Grocery,73967.52535365666,55115.599877076726,93638.99314509914
2025-01-23,Grocery,73188.79795616826,55085.659168661594,90917.31401482677
2025-01-24,Grocery,75614.19367526569,56818.26730804052,94268.07175608171
2025-01-25,Grocery,118096.88021654339,99619.17614740013,135520.7659769263
2025-01-26,Grocery,116384.26008253774,98081.09863637514,135917.82273930302
2025-01-27,Grocery,74613.75849364851,55785.02129173437,92393.43496072602
2025-01-28,Grocery,73061.21924119782,55838.12390737433,92809.5965209963
2025-01-29,Grocery,72319.77093796148,53310.25551906232,90124.88313603656
2025-01-30,Grocery,71552.70484106948,52755.32198353841,89843.89597564415
2025-01-31,Grocery,74018.82101069641,54877.95545896364,93079.21240172039
2025-02-01,Grocery,116577.95056497517,98105.12639967192,135423.42735837185
2025-02-02,Grocery,114956.6416285123,95998.84917161179,132913.6339228856
2025-02-03,Grocery,73290.70951025904,53912.068483341376,91991.1600382425
2025-02-04,Grocery,71870.98875128367,53610.44683916719,90225.60973608626
2025-02-05,Grocery,71278.66354630068,53103.7236244693,90332.97761677844
2025-02-06,Grocery,70673.50488667385,51485.91651915958,89416.8418074451
2025-02-07,Grocery,73311.63324295117,56870.38059767464,91990.57801747919
2025-02-08,Grocery,116057.70923080006,97020.2469890829,134278.71858615178
2025-02-09,Grocery,114616.23859992746,96071.72940537547,132716.76282582738
2025-02-10,Grocery,73120.88662240248,55202.24345973396,91003.18113471138
2025-02-11,Grocery,71877.5693542301,55185.27701463887,91257.93069316928
2025-02-12,Grocery,71456.21334641041,53309.93998451674,91560.05728232802
2025-02-13,Grocery,71014.30086142545,52354.649900161676,89057.95431774245
2025-02-14,Grocery,73806.98343530386,56490.82805683913,92432.71061786017
2025-02-15,Grocery,116705.8632629762,99892.55057302579,135655.76366209888
2025-02-16,Grocery,115395.83013508661,97757.25322533335,133781.97210244127
2025-02-17,Grocery,74011.04641067151,55922.47289217648,92171.43607345138
2025-02-18,Grocery,72875.2803345853,54916.36697845192,91519.81001724735
2025-02-19,Grocery,72549.99739013446,55053.8551865435,90515.75762509707
2025-02-20,Grocery,72193.11845091119,54013.32449904892,89901.83066232238
2025-02-21,Grocery,75061.39446149557,56877.05465507479,94098.86883555568
2025-02-22,Grocery,118035.69681240477,100249.53786967743,136215.16186899718
2025-02-23,Grocery,116783.31489408738,97636.80958063496,136394.69159902463
2025-02-24,Grocery,75440.55274121641,58246.2928126291,93562.89443117742
2025-02-25,Grocery,74350.25952113818,56418.89885059935,91158.56000455486
2025-02-26,Grocery,74066.22284105988,57147.64418175791,91776.83230661205
2025-02-27,Grocery,73747.12603620344,54168.83853519167,92172.99247995275
2025-02-28,Grocery,76651.1862649888,56962.52159791235,94251.04835525957
2025-03-01,Grocery,119667.9719823166,100241.9825965856,136909.94228100654
2025-03-02,Grocery,118446.19427633772,100340.27543416858,136185.60927873218
2025-03-03,Grocery,77122.96220604422,58806.96132782038,95507.91406623901
2025-03-04,Grocery,76058.56973017215,57809.46570784072,94002.50042107292
2025-03-05,Grocery,75797.26052791621,58810.468804398784,94069.9435549498
2025-03-06,Grocery,75496.4620109248,56169.69981080892,94433.48919716365
2025-03-07,Grocery,78413.76997239336,60313.26846807071,96675.03937032295
2025-03-08,Grocery,121445.3792127852,102364.36358872036,138255.8680816645
2025-03-09,Grocery,120219.454923062,101472.43949308933,137674.15022760417
2025-03-10,Grocery,78872.13048387926,60724.25152528797,96605.32530380043
2025-03-11,Grocery,77779.62948898491,59504.04572521354,94985.56196874463
2025-03-12,Grocery,77475.47315321061,57945.2868638763,96668.75145603754
2025-03-13,Grocery,77115.05230879123,59785.711347751574,95629.28121607812
2025-03-14,Grocery,79955.00810452722,61879.53169426333,97339.23863245388
2025-03-15,Grocery,122898.3119142988,105295.97711039394,140794.0204091513
2025-03-16,Grocery,121553.23831412711,103508.62855802373,140403.8208824814
2025-03-17,Grocery,80056.11150630964,62019.76613967176,98017.29320798007
2025-03-18,Grocery,78800.75286556117,59642.15769635733,95607.99448254344
2025-03-19,Grocery,78312.10570951023,60757.09942873576,97831.5221180844
2025-03-20,Grocery,77746.10494232431,59937.349249760606,95699.47672772223
2025-03-21,Grocery,80361.39931185338,61035.156463674495,98642.35677210712
2025-03-22,Grocery,123071.01331561216,104435.12175519529,142474.4990164462
2025-03-23,Grocery,121466.84341117475,103256.83045882711,138109.7566417615
2025-03-24,Grocery,79689.06566572553,59887.83883970198,98457.69320313924
2025-03-25,Grocery,78152.81466639112,58606.28724278078,98125.85901147609
2025-03-26,Grocery,77378.1272236542,58617.78244296883,96268.17940161446
2025-03-27,Grocery,76525.0095595858,58142.193564767025,93969.5958595414
2025-03-28,Grocery,78857.40201086152,61082.09191393356,95511.49019627603
2025-03-29,Grocery,121301.32745211205,103341.33578162482,140319.4645899925
2025-03-30,Grocery,119434.82145121826,101071.31085022609,137708.78356339404
2025-03-31,Grocery,77403.92045016054,58356.187488637,94759.1746664765
2025-04-01,Grocery,75646.50213073049,57173.07943666635,93190.54990147913
2025-04-02,Grocery,74678.49084699403,56357.88354905882,93374.76780889381
2025-04-03,Grocery,73664.0794560714,55335.16215276784,92034.91114298666
2025-04-04,Grocery,75871.90911117081,56059.043437373824,93495.32039348439
2025-04-05,Grocery,118239.6932437002,99295.96484149565,135944.9469204915
2025-04-06,Grocery,116329.58754764192,97436.28172589408,134958.66399230322
2025-04-07,Grocery,74290.78144814102,57079.100761916496,91746.08677386015
2025-04-08,Grocery,72580.5391695547,54746.8156195856,91907.25540773202
2025-04-09,Grocery,71706.72184118231,53217.026119782844,88769.54038692614
2025-04-10,Grocery,70833.23345708373,51467.017216281005,87835.67486783162
2025-04-11,Grocery,73228.49826737978,56128.321216439814,92333.57702568852
2025-04-12,Grocery,115836.65403559929,97174.57022827507,134297.586068477
2025-04-13,Grocery,114198.46469253107,95137.49714469885,132395.43308046294
2025-04-14,Grocery,72460.62477547613,54131.82980023985,89713.3788906157
2025-04-15,Grocery,71094.11527766782,52481.39298935119,88194.0315185169
2025-04-16,Grocery,70593.1583802864,51628.45363550027,88033.31882460225
2025-04-17,Grocery,70116.00280033473,51522.84355768048,88176.6646417334
2025-04-18,Grocery,72925.81081713445,54500.25613706422,90836.38947839604
2025-04-19,Grocery,115968.52717135329,97568.18866108765,134719.09529217472
2025-04-20,Grocery,114759.43278539609,95448.50847757727,132777.29754072474
2025-04-21,Grocery,73439.25048403564,54724.21786315961,92086.91979946644
2025-04-22,Grocery,72489.89198314666,54671.8567052179,90597.42225968254
2025-04-23,Grocery,72389.90805081159,53355.24342258526,90154.79713517382
2025-04-24,Grocery,72290.6612000686,53883.16647783621,90325.42724815557
2025-04-25,Grocery,75449.65450032905,56402.75472451253,94239.89938458266
2025-04-26,Grocery,118815.09184106835,99873.18247254303,137198.6305700719
2025-04-27,Grocery,117878.07174846507,101094.62348523599,135282.06569788387
2025-04-28,Grocery,76775.47680638733,57832.689824354464,95148.76501319768
2025-04-29,Grocery,76003.07801624005,58234.13699741401,93794.6637339883
2025-04-30,Grocery,76027.43117705233,58411.533457301186,94413.32880182477
2025-05-01,Grocery,75997.3733239313,57835.684299253364,94782.14221782052
2025-05-02,Grocery,79169.7166546524,61033.62320342191,97631.56168936852
2025-05-03,Grocery,122500.41198161073,103544.8308040014,142026.60685935506
2025-05-04,Grocery,121462.28472511825,102862.49888619172,139795.47142691066
2025-05-05,Grocery,80194.60229614879,62163.75967430944,98058.30246653614
2025-05-06,Grocery,79213.4243180107,60774.57166917966,97446.26575704051
2025-05-07,Grocery,78979.83006708142,61194.36854323825,97105.96500188873
2025-05-08,Grocery,78646.6220059351,59751.49714409423,96948.74416479778
2025-05-09,Grocery,81476.2688317042,62048.65496519648,99338.7187056816
2025-05-10,Grocery,124438.55888335538,106789.5963319207,144318.97406727207
2025-05-11,Grocery,122993.76985423829,104783.19135299028,141961.9909922011
2025-05-12,Grocery,81288.81235853324,61389.5362462297,99096.56559633647
2025-05-13,Grocery,79864.73266004707,61374.545431174636,99252.2150343726
2025-05-14,Grocery,79181.18782148461,60810.47147481786,98775.04465383064
2025-05-15,Grocery,78398.28435805952,60376.23563534815,96541.64706302663
2025-05-16,Grocery,80786.71097435571,61950.44815047716,98298.32824257034
2025-05-17,Grocery,123331.83596775256,104049.13562301663,141457.70322720683
2025-05-18,Grocery,121482.27887408191,104229.62737533836,139968.97572562762
2025-05-19,Grocery,79392.61305804315,62638.12722282746,97119.78910846499
2025-05-20,Grocery,77628.01862886129,58967.05347616807,95904.82468038553
2025-05-21,Grocery,76645.01779338696,58186.17495028514,95408.92171684046
2025-05-22,Grocery,75608.47567415834,56990.289518728634,94613.7861726831
2025-05-23,Grocery,77793.96384767088,61323.83698414343,96853.79880392143
2025-05-24,Grocery,120198.35622269339,100889.71496903912,140199.53590356364
2025-05-25,Grocery,118253.86956791191,100991.46119446329,136293.33577067332
2025-05-26,Grocery,76117.40345847506,58425.64219505864,93858.17307398534
2025-05-27,Grocery,74372.43185044339,55910.288043849614,92607.19726442664
2025-05-28,Grocery,73466.09584356842,53566.476366986266,92404.11613519343
2025-05-29,Grocery,72561.47108377257,53448.67189614814,91376.08097640087
2025-05-30,Grocery,74932.27209591982,57140.165939951235,92497.04439895981
2025-05-31,Grocery,117580.06048476526,98569.03070744539,136272.37263340774
2025-06-01,Grocery,115913.8702542067,95716.74403619388,133653.81989652765
2025-06-02,Grocery,74086.3012586884,56249.867839120394,91022.90677878384
2025-06-03,Grocery,72692.76396576103,53459.998692233945,90644.67817747555
2025-06-04,Grocery,72165.04069925424,54016.071114425016,89002.2830812558
2025-06-05,Grocery,71658.92541912138,54069.32629112954,90744.64284072682
2025-06-06,Grocery,74441.36759808121,55054.80816876562,92981.0855245993
2025-06-07,Grocery,117514.38276470151,100205.88694328353,136053.776654173
2025-06-08,Grocery,116260.34231979803,99332.06835699668,136409.79317341582
2025-06-09,Grocery,74824.88842337346,57296.68138971447,92770.80423752277
2025-06-10,Grocery,73813.58679600366,55739.62702111922,91906.61011151467
2025-06-11,Grocery,73641.99708037896,56342.50977211334,91376.70294442259
2025-06-12,Grocery,73458.71048719445,55157.39561520404,90987.67056002578
2025-06-13,Grocery,76524.94284125765,56227.85448457747,93857.35544982419
2025-06-14,Grocery,119845.14074904559,102236.3691035247,137761.82259235965
2025-06-15,Grocery,118777.91262972022,101050.87032507906,136521.52372897553
2025-06-16,Grocery,77465.72523305449,59644.81854294722,96399.77678157772
2025-06-17,Grocery,76528.9084835222,59114.32570916983,94634.03900949907
2025-06-18,Grocery,76372.16337787917,58086.05528585044,96253.31275867457
2025-06-19,Grocery,76142.91123135794,57022.91917213842,92985.41536747548
2025-06-20,Grocery,79103.23612732158,59602.24237927581,96823.64284993781
2025-06-21,Grocery,122267.07490429244,103218.51256087395,140084.336851075
2025-06-22,Grocery,120976.6672776354,102481.1643911714,139570.25589539536
2025-06-23,Grocery,79378.9035188427,61614.20885656679,98214.2063343082
2025-06-24,Grocery,78116.54470012241,60071.67065397873,96004.65572339397
2025-06-25,Grocery,77591.02769023385,59550.49416689681,96314.62022552318
2025-06-26,Grocery,76955.98428032738,57846.97561685229,94413.21172928542
2025-06-27,Grocery,79481.39265696079,62065.01632135337,97097.37141002434
2025-06-28,Grocery,122197.21485223944,104392.96977507112,140939.6127398761
2025-06-29,Grocery,120435.23631718635,103827.44119056284,139708.83991507554
2025-06-30,Grocery,78351.94448335838,59670.836253221205,97545.75094837752
2025-07-01,Grocery,76616.85604183841,58333.60699458501,94446.19769057429
2025-07-02,Grocery,75631.52497368753,57009.29192101974,93214.81830658873
2025-07-03,Grocery,74558.15397526757,55202.62565970266,92708.51631695247
2025-07-04,Grocery,76675.89577663419,57798.38330857299,94719.40592350921
2025-07-05,Grocery,119030.89887850947,99803.38003147085,137377.78860260095
2025-07-06,Grocery,116943.5186465278,99001.15632460664,135211.30930892067
2025-07-07,Grocery,74577.73091000196,56770.57252350869,92250.15594915702
2025-07-08,Grocery,72626.59292682362,56280.9852487783,90324.0696671629
2025-07-09,Grocery,71487.50354582682,53171.51743512372,90476.64252841918
2023-01-01,Home & Kitchen,1234360.5917946151,1014064.4102400269,1461373.1532794726
2023-01-02,Home & Kitchen,782822.4075086477,559718.7972508738,1002707.656369637
2023-01-03,Home & Kitchen,774170.2256038376,559772.9051025277,1006914.9033391466
2023-01-04,Home & Kitchen,757211.0892642596,531846.6898475452,962807.8410956276
2023-01-05,Home & Kitchen,777016.3152693767,560824.6851758176,1005130.3401253012
2023-01-06,Home & Kitchen,768575.2394597883,546091.4644076609,985506.1529191765
2023-01-07,Home & Kitchen,1239539.1914383958,1015513.1361212068,1456779.5051856334
2023-01-08,Home & Kitchen,1268694.9691729362,1054780.0251592924,1492881.0042464829
2023-01-09,Home & Kitchen,819916.9179039319,604802.0383755717,1041927.6312695259
2023-01-10,Home & Kitchen,813226.1473923816,591741.7865855689,1045444.5550119884
2023-01-11,Home & Kitchen,797342.4935403396,569225.4970524524,1012227.3959202139
2023-01-12,Home & Kitchen,817296.4576472044,594531.1009921161,1043468.4272072415
2023-01-13,Home & Kitchen,808053.602406573,583439.9434529636,1043613.9622162005
2023-01-14,Home & Kitchen,1277293.5978796664,1044157.780417773,1485816.159070404
2023-01-15,Home & Kitchen,1303782.816386635,1082727.6575534416,1527518.4922396035
2023-01-16,Home & Kitchen,851442.537557935,611998.0615204914,1092768.87854405
2023-01-17,Home & Kitchen,840410.6090855439,614618.0066012028,1057789.4368083219
2023-01-18,Home & Kitchen,819474.3592281755,612798.6018458648,1029992.2229117893
2023-01-19,Home & Kitchen,833774.5083622021,600859.6392019487,1049318.3765557166
2023-01-20,Home & Kitchen,818396.3408424968,596737.3752560897,1037054.8731938235
2023-01-21,Home & Kitchen,1281180.1506275067,1067236.6286431435,1492385.1871392874
2023-01-22,Home & Kitchen,1300989.5850758923,1073079.2204318477,1535879.2545211483
2023-01-23,Home & Kitchen,841892.9936802657,621913.9090747117,1070867.9660209261
2023-01-24,Home & Kitchen,824225.0166835657,594328.697491936,1035444.5495184957
2023-01-25,Home & Kitchen,796898.4644670914,559892.706129487,1015232.8291670714
2023-01-26,Home & Kitchen,805198.799345764,588625.4433274334,1030454.0552925288
2023-01-27,Home & Kitchen,784341.2973460535,560159.1511598715,991973.4248265506
2023-01-28,Home & Kitchen,1242312.741079118,1016203.0556778483,1456791.695932762
2023-01-29,Home & Kitchen,1258035.993698295,1055205.3456111313,1491396.6274088824
2023-01-30,Home & Kitchen,795665.5892817737,568363.8720791551,1018806.2854615714
2023-01-31,Home & Kitchen,775650.9304058745,565042.7105360972,1008974.8213189598
2023-02-01,Home & Kitchen,746929.3495396598,531948.8182226124,972655.3621695237
2023-02-02,Home & Kitchen,754813.8470409096,524987.3134594909,978859.3967176713
2023-02-03,Home & Kitchen,734519.3241980391,514719.37573585234,948539.435169196
2023-02-04,Home & Kitchen,1194038.914538416,984920.5623133436,1405417.450107492
2023-02-05,Home & Kitchen,1212208.3957985735,986520.9209690506,1444813.4480859374
2023-02-06,Home & Kitchen,753119.748253867,533081.2520297704,995438.2054734764
2023-02-07,Home & Kitchen,737189.7054895664,509396.18845497724,955932.1317882336
2023-02-08,Home & Kitchen,713237.6600398517,502130.3071735257,943232.6056916065
2023-02-09,Home & Kitchen,726470.141153536,517587.0033388414,940542.9196747708
2023-02-10,Home & Kitchen,711979.3332431456,487235.60460600775,937698.7656719277
2023-02-11,Home & Kitchen,1177656.9079969474,955144.1067560521,1409375.179030085
2023-02-12,Home & Kitchen,1202160.7131804642,971624.5590874257,1427574.70140592
2023-02-13,Home & Kitchen,749448.2549241262,529411.3032435066,977609.4514053678
2023-02-14,Home & Kitchen,739852.0295927689,525969.777690043,961923.5496432964
2023-02-15,Home & Kitchen,722043.1432491827,495052.1306673542,944639.2993044009
2023-02-16,Home & Kitchen,741112.826102768,519064.7535327966,960364.3395031452
2023-02-17,Home & Kitchen,732042.9621400681,513391.82863863144,949319.925364105
2023-02-18,Home & Kitchen,1202656.5940810821,958560.4710352393,1413850.2689484053
2023-02-19,Home & Kitchen,1231485.5397394828,998709.9341426467,1453309.0462717474
2023-02-20,Home & Kitchen,782421.9741255047,556475.587037054,1022827.3871465251
2023-02-21,Home & Kitchen,775798.3023029295,559679.1500757361,1006773.995030525
2023-02-22,Home & Kitchen,760233.9062574584,520834.8369149422,974584.6116994848
2023-02-23,Home & Kitchen,780810.8413957806,585879.2141534635,1008386.2883857124
2023-02-24,Home & Kitchen,772513.3389620779,552512.0151845263,996142.8888193299
2023-02-25,Home & Kitchen,1243211.8497738268,1027085.4133471235,1466409.8755427715
2023-02-26,Home & Kitchen,1271428.4477182438,1051377.994170571,1502340.9477820448
2023-02-27,Home & Kitchen,821103.4528441944,593810.750229099,1045339.5388294125
2023-02-28,Home & Kitchen,812676.9519991293,613287.7205450648,1037439.1573499654
2023-03-01,Home & Kitchen,794816.0231273893,583900.4921631726,999003.8892354877
2023-03-02,Home & Kitchen,812682.2766686191,592322.87638656,1034663.0371503741
2023-03-03,Home & Kitchen,801338.3653173571,575858.5846896733,1017555.5769460513
2023-03-04,Home & Kitchen,1268764.0201633198,1060447.492526757,1490670.6349605985
2023-03-05,Home & Kitchen,1293518.1479699279,1060384.2576380095,1510339.1920509748
2023-03-06,Home & Kitchen,839619.8756105577,613566.3011451,1055388.9792473826
2023-03-07,Home & Kitchen,827631.578275206,611502.4458102884,1039802.1857702351
2023-03-08,Home & Kitchen,806266.9124955747,603706.075044934,1034979.6966876802
2023-03-09,Home & Kitchen,820750.9834448802,602143.6864070537,1057743.435932475
2023-03-10,Home & Kitchen,806195.057905157,581727.4616863143,1036626.818702182
2023-03-11,Home & Kitchen,1270646.1571441835,1050693.412196462,1496361.8133430595
2023-03-12,Home & Kitchen,1292647.7243202163,1068155.4165484062,1522086.4861650453
2023-03-13,Home & Kitchen,836237.2137060551,615943.570774747,1072867.7711598543
2023-03-14,Home & Kitchen,822032.926094776,602664.6493407746,1036912.6977782788
2023-03-15,Home & Kitchen,798725.2512478016,573822.2342568943,1032753.797036432
2023-03-16,Home & Kitchen,811531.8862581204,584246.162436591,1042045.099058958
2023-03-17,Home & Kitchen,795543.1252538199,587885.8057276416,1020092.1319878185
2023-03-18,Home & Kitchen,1258807.25788802,1032750.1568853029,1485817.239583607
2023-03-19,Home & Kitchen,1279791.8631289355,1053560.220511042,1519583.4099244769
2023-03-20,Home & Kitchen,822499.7461825885,570149.5031273671,1032029.4474694007
2023-03-21,Home & Kitchen,807561.0787414561,595430.1668633053,1027031.0083720133
2023-03-22,Home & Kitchen,783609.0017808119,556166.6931471438,1008871.80461375
2023-03-23,Home & Kitchen,795830.6689766742,581976.424547853,1007865.6834135719
2023-03-24,Home & Kitchen,779283.4939792816,551866.6284236619,1008143.1882480703
2023-03-25,Home & Kitchen,1242016.33395679,1023487.43091138,1464288.734925206
2023-03-26,Home & Kitchen,1262431.0013474268,1035885.6715371594,1479501.5155178912
2023-03-27,Home & Kitchen,804515.765279627,584381.6691291516,1010292.1684303608
2023-03-28,Home & Kitchen,788941.6739652215,577876.442766483,1000093.5827854922
2023-03-29,Home & Kitchen,764321.1039382649,541329.6799829783,978009.1820229689
2023-03-30,Home & Kitchen,775852.9625775289,563556.4239644065,1002721.0888988624
2023-03-31,Home & Kitchen,758608.041799534,535985.6294774985,983485.941024184
2023-04-01,Home & Kitchen,1220684.0140642673,994514.6502386903,1429126.6885118538
2023-04-02,Home & Kitchen,1240465.1366149131,1035312.9659111439,1454244.0870232272
2023-04-03,Home & Kitchen,781971.2992248484,554487.232535829,1008303.4413898608
2023-04-04,Home & Kitchen,765956.5983893083,559714.6754312381,1011071.970649398
2023-04-05,Home & Kitchen,741049.0498502799,524729.3639187698,946188.8209951768
2023-04-06,Home & Kitchen,752488.3704305587,531228.935946665,971222.2946489413
2023-04-07,Home & Kitchen,735379.1216697635,499475.72770252597,952732.2084114765
2023-04-08,Home & Kitchen,1197878.5040884933,959239.1417010948,1417768.423113217
2023-04-09,Home & Kitchen,1218353.5796261453,985509.9414954574,1435910.751116806
2023-04-10,Home & Kitchen,760845.5534008372,539903.8705395405,971730.540745778
2023-04-11,Home & Kitchen,746170.6612086775,515823.0986111459,960296.6407031034
2023-04-12,Home & Kitchen,722941.4803315081,521708.26087194466,952041.8508912071
2023-04-13,Home & Kitchen,736398.0866256431,507691.5261140326,953583.7207358843
2023-04-14,Home & Kitchen,721630.120886928,494287.47041119554,940112.5201327145
2023-04-15,Home & Kitchen,1186798.8159554834,962450.6911089066,1422717.3501036246
2023-04-16,Home & Kitchen,1210193.4289543794,978684.451574339,1429354.3422927733
2023-04-17,Home & Kitchen,755812.6524171355,540407.6463852633,967428.8341161301
2023-04-18,Home & Kitchen,744469.8541233729,515797.85257576586,960387.8748733188
2023-04-19,Home & Kitchen,724698.1050323155,507115.96419840475,928796.3032877531
2023-04-20,Home & Kitchen,741676.8406609183,527362.269575167,953688.8343457095
2023-04-21,Home & Kitchen,730424.9231534908,518833.27907812863,934566.1436673629
2023-04-22,Home & Kitchen,1199058.8492023204,977769.280905224,1421496.7585006615
2023-04-23,Home & Kitchen,1225750.15564083,1023909.7469032585,1447210.9859330303
2023-04-24,Home & Kitchen,774425.4733322875,538321.1312982388,999188.9498299866
2023-04-25,Home & Kitchen,765877.3379172633,544206.5897578603,980818.030852705
2023-04-26,Home & Kitchen,748553.81912648,521786.3265570079,961581.9340568429
2023-04-27,Home & Kitchen,767581.1962396528,550072.4853792301,995930.1909821761
2023-04-28,Home & Kitchen,757928.1376964092,529896.4371863836,970898.6376022781
2023-04-29,Home & Kitchen,1227699.8120347809,1016038.488080955,1449997.532090084
2023-04-30,Home & Kitchen,1254995.5958193354,1032275.5305672868,1456990.5471644467
2023-05-01,Home & Kitchen,803726.7171599976,597074.5207207344,1029834.615597533
2023-05-02,Home & Kitchen,794731.2355908488,590617.5487870335,1011216.2540539996
2023-05-03,Home & Kitchen,776446.5578440821,560045.1514103736,1003113.7671822842
2023-05-04,Home & Kitchen,794026.1464922511,576685.5839008823,1019945.5686151162
2023-05-05,Home & Kitchen,782472.6298939404,575859.8795399561,997284.1563222227
2023-05-06,Home & Kitchen,1249965.4846067321,1034581.3518021236,1491148.319840029
2023-05-07,Home & Kitchen,1274616.638459685,1065915.2729993442,1494903.040597004
2023-05-08,Home & Kitchen,820403.2920401001,605980.3100716058,1035680.4540973129
2023-05-09,Home & Kitchen,808284.7233625452,586602.6602977695,1035036.3569230698
2023-05-10,Home & Kitchen,786755.4834175224,574030.833553395,1013122.4361528198
2023-05-11,Home & Kitchen,801054.1356199019,592118.0121900041,1023166.3062531713
2023-05-12,Home & Kitchen,786263.5590468701,569909.415634252,999536.9016775909
2023-05-13,Home & Kitchen,1250670.7841264603,1037443.7115887861,1479501.4826633665
2023-05-14,Home & Kitchen,1272419.4358637265,1042864.4306341755,1497735.7107499165
2023-05-15,Home & Kitchen,815557.0753101731,602915.6892238958,1036053.6073978477
2023-05-16,Home & Kitchen,801153.5906066849,582580.7263159446,1007096.3529010382
2023-05-17,Home & Kitchen,777735.2628693831,551781.1896508612,997493.0146504899
2023-05-18,Home & Kitchen,790586.153902548,581019.6335395095,1015385.2018474431
2023-05-19,Home & Kitchen,774816.6316178731,549434.4153878618,979668.3251109433
2023-05-20,Home & Kitchen,1238756.7715496775,1010339.2798574279,1463033.908023951
2023-05-21,Home & Kitchen,1260507.3989322374,1051488.031448445,1500219.6557541948
2023-05-22,Home & Kitchen,804104.0031211035,589069.4666793689,1013204.3107601305
2023-05-23,Home & Kitchen,790639.005671265,550909.4285608602,1014409.6038237876
2023-05-24,Home & Kitchen,768579.1619519093,548235.8362515403,988330.5518043844
2023-05-25,Home & Kitchen,783162.16134658,560494.504629124,1009583.3295929478
2023-05-26,Home & Kitchen,769435.9681208698,545919.504495631,998659.9782332879
2023-05-27,Home & Kitchen,1235688.3343551224,1014218.4640548087,1467073.0473194367
2023-05-28,Home & Kitchen,1259898.8655352164,1030247.2046283141,1482755.2013516095
2023-05-29,Home & Kitchen,806021.7402204105,589286.1417019109,1033090.62195914
2023-05-30,Home & Kitchen,795113.8313802133,569501.4699318749,1014510.6627944823
2023-05-31,Home & Kitchen,775537.1042886011,546237.0751901274,999060.9744052086
2023-06-01,Home & Kitchen,792451.7265388313,570695.6627419877,1020616.2584541846
2023-06-02,Home & Kitchen,780827.1196080839,539345.7761547861,992845.2834380503
2023-06-03,Home & Kitchen,1248908.0497630378,1020527.1270494997,1465628.5637421526
2023-06-04,Home & Kitchen,1274567.7407905469,1037724.1422781243,1484617.19214584
2023-06-05,Home & Kitchen,821708.9781973443,611156.7466062977,1023035.9045386702
2023-06-06,Home & Kitchen,811397.230336006,593400.8135411334,1024491.8980359432
2023-06-07,Home & Kitchen,791946.7805293545,572413.222216575,1026636.7845958958
2023-06-08,Home & Kitchen,808508.7123625219,591648.3610568861,1024082.7478817808
2023-06-09,Home & Kitchen,796051.7119077672,577336.3811009149,1009784.4431012571
2023-06-10,Home & Kitchen,1262862.5076278544,1016060.9272179776,1490490.694198464
2023-06-11,Home & Kitchen,1286797.5963374958,1069830.972903898,1510451.216002886
2023-06-12,Home & Kitchen,831800.1640675964,625185.3625431835,1060145.1490680382
2023-06-13,Home & Kitchen,819035.5792027935,596939.1181278711,1032192.2527766789
2023-06-14,Home & Kitchen,796858.6464174942,578532.378570531,1018710.7614529432
2023-06-15,Home & Kitchen,810493.9470820759,591318.4289288955,1045442.123128377
2023-06-16,Home & Kitchen,794984.0360828794,575111.6303771093,1005906.3666840203
2023-06-17,Home & Kitchen,1258722.107462895,1025446.8449014827,1478687.8399393065
2023-06-18,Home & Kitchen,1279600.503549085,1052240.6922806862,1486895.6897429093
2023-06-19,Home & Kitchen,821641.9700699903,604196.5195065729,1043329.3900178332
2023-06-20,Home & Kitchen,806136.427063317,578462.7536130578,1028792.2404278982
2023-06-21,Home & Kitchen,781488.67020021,566950.4313959642,1009358.5271923537
2023-06-22,Home & Kitchen,792990.8320241659,570523.1020373947,1011112.8742519874
2023-06-23,Home & Kitchen,775738.1835676894,550154.0472901753,1001071.1658075473
2023-06-24,Home & Kitchen,1238194.6743586173,1012220.7072117637,1458492.506949223
2023-06-25,Home & Kitchen,1258239.2916441427,1035567.4776448038,1501216.897085292
2023-06-26,Home & Kitchen,799913.1035905506,574290.5270053288,1019593.2736663453
2023-06-27,Home & Kitchen,784559.1051078016,574054.5750247665,1008156.4708464299
2023-06-28,Home & Kitchen,760552.4541922308,534860.0096949661,978916.1046574314
2023-06-29,Home & Kitchen,773167.3705448356,564011.7657604428,991098.9403506052
2023-06-30,Home & Kitchen,757463.0194873352,535366.1178026479,980070.717524653
2023-07-01,Home & Kitchen,1221884.492128244,1009497.7337924193,1435691.7209691955
2023-07-02,Home & Kitchen,1244209.5937970877,1028645.615409107,1464307.7687594749
2023-07-03,Home & Kitchen,788414.1924715734,566555.8822913463,1007592.9441863261
2023-07-04,Home & Kitchen,775817.5214841401,564963.238236395,977918.5369020212
2023-07-05,Home & Kitchen,754697.1285255813,522233.3694510333,963514.2644175492
2023-07-06,Home & Kitchen,770252.1220638148,544742.8286554385,995864.4129189028
2023-07-07,Home & Kitchen,757460.7257700764,536607.2388615187,973358.1409217124
2023-07-08,Home & Kitchen,1224717.919553574,1007380.9064371197,1439147.6837450773
2023-07-09,Home & Kitchen,1249683.4759681255,1025484.7086007287,1470152.2347150526
2023-07-10,Home & Kitchen,796266.008165019,588731.7490189018,1022473.8789038989
2023-07-11,Home & Kitchen,785773.6893609492,575649.0558092487,988901.6490932696
2023-07-12,Home & Kitchen,766413.4428131633,554456.760970036,990496.7982150085
2023-07-13,Home & Kitchen,783349.6482535749,553293.4453772029,1020938.4415465622
2023-07-14,Home & Kitchen,771532.0907219122,546071.967711934,994103.0766621706
2023-07-15,Home & Kitchen,1239368.6370912655,1014382.6501101047,1450565.4978089414
2023-07-16,Home & Kitchen,1264472.5951063274,1044596.503193748,1486522.4716490908
2023-07-17,Home & Kitchen,810763.2934049236,596053.469125678,1026258.8785506234
2023-07-18,Home & Kitchen,799619.873141127,571166.4107695328,1019852.7163381643
2023-07-19,Home & Kitchen,779262.2670809205,558653.6481694395,991070.9469634499
2023-07-20,Home & Kitchen,794902.8797387535,567943.1526033853,1013303.6211034284
2023-07-21,Home & Kitchen,781542.4835136259,559705.858554264,992124.0559703578
2023-07-22,Home & Kitchen,1247675.5949760508,1016084.3319895252,1461714.1468419272
2023-07-23,Home & Kitchen,1270935.000841064,1053593.3921810428,1481258.9655053818
2023-07-24,Home & Kitchen,815306.9574477685,604118.4527054981,1026825.6521830343
2023-07-25,Home & Kitchen,802286.4407153004,573945.3201933187,1022017.1306166255
2023-07-26,Home & Kitchen,780138.6458421758,571499.428912974,987869.6226426819
2023-07-27,Home & Kitchen,794142.7541554273,602640.4941023613,1008811.6953472934
2023-07-28,Home & Kitchen,779355.2957942009,552495.2975976403,1000805.5669090007
2023-07-29,Home & Kitchen,1244348.1637918833,1011576.3305238606,1456481.395527199
2023-07-30,Home & Kitchen,1266750.663866042,1056365.6257182718,1497527.1321691188
2023-07-31,Home & Kitchen,810580.0967219943,584750.6127535446,1025180.5618015428
2023-08-01,Home & Kitchen,797399.6116776852,561358.7585158745,1006008.1176022216
2023-08-02,Home & Kitchen,775461.7185778862,563373.8273543065,1000509.3396198797
2023-08-03,Home & Kitchen,790045.9335136611,577961.668940586,1015038.4069832615
2023-08-04,Home & Kitchen,776191.6455818469,567282.0447955732,993011.9133672139
2023-08-05,Home & Kitchen,1242470.9901843348,1018602.6597351403,1458919.984563453
2023-08-06,Home & Kitchen,1266430.7613586697,1038032.0977762365,1494818.019333347
2023-08-07,Home & Kitchen,812040.761172155,591689.8484574625,1040629.0676890251
2023-08-08,Home & Kitchen,800856.6163882056,613108.550315752,1024660.8095429506
2023-08-09,Home & Kitchen,781047.5678794374,552737.7724136058,1013066.1345720266
2023-08-10,Home & Kitchen,797830.0958219712,577684.2965705539,1026850.3779361291
2023-08-11,Home & Kitchen,786172.167720197,561286.1730933466,992801.9440201937
2023-08-12,Home & Kitchen,1254602.5672414561,1027685.0249920068,1476475.8023937393
2023-08-13,Home & Kitchen,1280553.9394857145,1052393.7080079347,1500915.7716526801
2023-08-14,Home & Kitchen,827929.813532676,596206.2953349923,1042407.707695747
2023-08-15,Home & Kitchen,818272.9003414077,604548.572011592,1053443.6477081457
2023-08-16,Home & Kitchen,799677.2750921905,575862.378509635,1008203.7917746471
2023-08-17,Home & Kitchen,817317.692966585,591382.8944118203,1041297.0404925429
2023-08-18,Home & Kitchen,806124.5358921501,584778.5726857256,1008597.1786977544
2023-08-19,Home & Kitchen,1274628.543291778,1058161.874075973,1498239.8184469624
2023-08-20,Home & Kitchen,1300203.5988686199,1099430.1941685874,1532973.370087441
2023-08-21,Home & Kitchen,846750.7406642216,628155.1631386417,1081316.4858560446
2023-08-22,Home & Kitchen,835870.0125920165,602497.9431571828,1051471.112455248
2023-08-23,Home & Kitchen,815654.9294795243,596812.4648116418,1022330.7298959866
2023-08-24,Home & Kitchen,831315.2552305458,608646.0763762482,1067981.0294554564
2023-08-25,Home & Kitchen,817820.3700574042,595954.1852822206,1032436.9688058564
2023-08-26,Home & Kitchen,1283777.1440715862,1050348.4810840348,1509266.281122625
2023-08-27,Home & Kitchen,1306570.2940352138,1084059.2738595721,1530578.1896107348
2023-08-28,Home & Kitchen,850161.3622411798,635780.1101611909,1072755.8275700496
2023-08-29,Home & Kitchen,836262.3163927128,613894.1945806154,1068268.923713484
2023-08-30,Home & Kitchen,813010.759295266,591140.9965268486,1027421.8427837607
2023-08-31,Home & Kitchen,825684.9436715466,592625.958939216,1046043.6985181394
2023-09-01,Home & Kitchen,809314.6824721871,587555.8180857446,1041976.315816531
2023-09-02,Home & Kitchen,1272591.8607914152,1045001.248044338,1478593.2140334405
2023-09-03,Home & Kitchen,1292908.2448610414,1065475.4137558057,1502194.2827714041
2023-09-04,Home & Kitchen,834269.6991984259,602516.5068199922,1057595.989754233
2023-09-05,Home & Kitchen,818472.1817326031,602071.3850036019,1038961.2715089314
2023-09-06,Home & Kitchen,793658.7008524489,572206.2663710257,1017931.7450412766
2023-09-07,Home & Kitchen,805127.8911513479,582020.3174518826,1027071.7064327238
2023-09-08,Home & Kitchen,787914.0708345645,565369.3135599571,1007553.2276736984
2023-09-09,Home & Kitchen,1250732.2239190375,1024480.6316478851,1460528.2482457971
2023-09-10,Home & Kitchen,1270915.263520428,1047895.1423788172,1491339.4920325284
2023-09-11,Home & Kitchen,812445.5952886691,578389.276556337,1022926.2265429113
2023-09-12,Home & Kitchen,797135.6560827027,585425.3822085419,1034344.503384573
2023-09-13,Home & Kitchen,773068.7388950764,549937.8474018878,981736.7554132035
2023-09-14,Home & Kitchen,785503.1553408107,572195.5579591864,1005043.8368097387
2023-09-15,Home & Kitchen,769423.3081776457,549394.9674945716,996995.6357489983
2023-09-16,Home & Kitchen,1233520.795162461,1010673.8317727172,1467691.920766791
2023-09-17,Home & Kitchen,1255032.5097134814,1023953.1735852255,1460049.8753235103
2023-09-18,Home & Kitchen,797890.6221294805,549319.0532766085,1023935.9523665495
2023-09-19,Home & Kitchen,783908.3883654829,557153.2101843999,999211.9229106476
2023-09-20,Home & Kitchen,761105.2017497038,546807.439925299,979400.2274384375
2023-09-21,Home & Kitchen,774706.322627101,541205.2202652025,992303.4204580109
2023-09-22,Home & Kitchen,759664.5687500009,536367.9582194539,993481.5614034762
2023-09-23,Home & Kitchen,1224676.7788598272,1005860.1667642059,1446388.1364103337
2023-09-24,Home & Kitchen,1246921.648492372,1029072.014758344,1473832.206911115
2023-09-25,Home & Kitchen,790326.721949157,571217.7457413605,1015160.8040946332
2023-09-26,Home & Kitchen,776757.8040196715,548899.5222684765,999797.8232123394
2023-09-27,Home & Kitchen,754226.3651717786,544776.6738264423,978673.3781631109
2023-09-28,Home & Kitchen,767982.818683494,540272.1834301472,974431.7351294106
2023-09-29,Home & Kitchen,753006.7282554094,536484.5256278234,976372.6335401009
2023-09-30,Home & Kitchen,1218056.517512172,989790.2325713924,1455939.7760141396
2023-10-01,Home & Kitchen,1240304.9832473341,1025975.6123946504,1456213.828332929
2023-10-02,Home & Kitchen,783721.3629468293,568755.5500802735,1005252.7319343147
2023-10-03,Home & Kitchen,770262.6019340014,556506.6060189294,983427.0009492551
2023-10-04,Home & Kitchen,747961.6100931439,537337.7288068455,974459.9422495024
2023-10-05,Home & Kitchen,762112.8808904456,542383.2361069806,978247.1762756149
2023-10-06,Home & Kitchen,747730.3495941921,523292.97536850517,965842.9512402631
2023-10-07,Home & Kitchen,1213629.852514545,994883.4162252632,1419771.0187933387
2023-10-08,Home & Kitchen,1236962.212254082,1028123.0511990347,1453073.1312636784
2023-10-09,Home & Kitchen,781710.6742803841,555078.4206103121,1005119.8619478887
2023-10-10,Home & Kitchen,769884.7173736364,547928.1445789539,992921.0546600061
2023-10-11,Home & Kitchen,749490.2273894356,522956.81929503084,969965.565234363
2023-10-12,Home & Kitchen,765808.8722707011,528754.756602997,983219.1866147117
2023-10-13,Home & Kitchen,753825.3333392063,526264.8996253734,984516.8790135104
2023-10-14,Home & Kitchen,1222344.4947069967,999559.0954067109,1426227.3033757901
2023-10-15,Home & Kitchen,1248424.2798173483,1016700.5679159001,1474982.341167919
2023-10-16,Home & Kitchen,795990.7692110338,585293.0176091925,1004783.8036940251
2023-10-17,Home & Kitchen,787036.9281803807,568560.0691459372,1004606.9629021744
2023-10-18,Home & Kitchen,769477.0593898911,560476.8704453348,988563.9484786907
2023-10-19,Home & Kitchen,788522.2090661121,553777.3533869039,990961.6259243368
2023-10-20,Home & Kitchen,779078.8870479949,565463.8400361369,996592.179924492
2023-10-21,Home & Kitchen,1249902.8735903066,1030296.857513212,1463683.5663180314
2023-10-22,Home & Kitchen,1277933.4030300907,1045490.3713665422,1494029.2581323567
2023-10-23,Home & Kitchen,827027.2122927393,608136.0020079288,1056477.2847679744
2023-10-24,Home & Kitchen,819163.0439912408,611698.8623931305,1044157.3696464679
2023-10-25,Home & Kitchen,802180.8109039641,567620.9101509929,1037115.9545130661
2023-10-26,Home & Kitchen,821253.0198723607,577654.6717555268,1049047.5233125838
2023-10-27,Home & Kitchen,811254.5124611148,581906.7276550016,1037046.9766386703
2023-10-28,Home & Kitchen,1280951.9718744264,1060042.3395957963,1492809.575858674
2023-10-29,Home & Kitchen,1307238.1064482601,1109791.7775137068,1524829.2825136718
2023-10-30,Home & Kitchen,853982.8840827881,635487.6736271473,1081504.7796951176
2023-10-31,Home & Kitchen,843241.7131156888,630789.0643590338,1074180.0952841104
2023-11-01,Home & Kitchen,822876.924263955,581535.5203014459,1044930.9066510136
2023-11-02,Home & Kitchen,838122.5869182725,616981.0165187535,1037516.3008561493
2023-11-03,Home & Kitchen,823922.4877213832,589965.2358958037,1034237.5732923972
2023-11-04,Home & Kitchen,1289152.4769656581,1076616.7049491063,1510493.1025236929
2023-11-05,Home & Kitchen,1310751.7962264428,1085479.0136610095,1536153.8244148172
2023-11-06,Home & Kitchen,852688.7319158158,627978.1680077799,1077412.5757070133
2023-11-07,Home & Kitchen,837169.8786686356,613620.9449842507,1052527.98117979
2023-11-08,Home & Kitchen,812141.5936510564,591042.7977131535,1031140.9999783504
2023-11-09,Home & Kitchen,822946.1829596497,598421.7670442255,1031116.2433044985
2023-11-10,Home & Kitchen,804626.4827056875,581109.3061296035,1022930.6644165377
2023-11-11,Home & Kitchen,1266179.8501446655,1050474.2812204189,1487159.11815014
2023-11-12,Home & Kitchen,1284585.9229810005,1073897.3244576375,1508025.5803199916
2023-11-13,Home & Kitchen,823886.4901643882,599430.4213445289,1054559.6318509853
2023-11-14,Home & Kitchen,806396.1601911413,587560.3917996008,1044916.4427953291
2023-11-15,Home & Kitchen,780084.6334191106,546187.3291227568,994556.0152973239
2023-11-16,Home & Kitchen,790325.6110789169,566347.8052488455,1015633.1583769204
2023-11-17,Home & Kitchen,772169.8071201785,559094.13715275,987536.5850242317
2023-11-18,Home & Kitchen,1234632.842994216,1013655.3656257924,1447179.950856882
2023-11-19,Home & Kitchen,1254622.0699247604,1024067.9175847092,1493377.8843488197
2023-11-20,Home & Kitchen,796133.591344188,573475.3676183721,1021544.1531871591
2023-11-21,Home & Kitchen,781467.4944829968,538179.3872930506,1006597.3149785303
2023-11-22,Home & Kitchen,758494.2365284321,541087.3779183595,987348.6112465473
2023-11-23,Home & Kitchen,772499.6186305704,551067.1610349062,992494.4356233537
2023-11-24,Home & Kitchen,758429.5236049662,535081.7511156112,976387.8722852145
2023-11-25,Home & Kitchen,1225214.8688122418,1012922.0918971054,1446379.2144851326
2023-11-26,Home & Kitchen,1249600.4148195738,1047750.4946854956,1469137.0101923
2023-11-27,Home & Kitchen,795461.5473698815,571337.4846008307,1003164.7010500245
2023-11-28,Home & Kitchen,785026.2875123004,563511.4740666769,998905.5119300948
2023-11-29,Home & Kitchen,766027.5479012257,544664.7693987574,993261.9296996864
2023-11-30,Home & Kitchen,783645.4152354995,551940.3202528511,1000250.1856733512
2023-12-01,Home & Kitchen,772724.3038853833,549140.5125543412,1001196.951871596
2023-12-02,Home & Kitchen,1242135.0788168723,1024448.9731311231,1462024.6844037739
2023-12-03,Home & Kitchen,1268505.375370072,1054302.766129129,1499967.350868536
2023-12-04,Home & Kitchen,815655.0858328475,580736.3807839582,1054325.8697756925
2023-12-05,Home & Kitchen,805823.5373164063,589859.4765637694,1021518.2321929301
2023-12-06,Home & Kitchen,786705.4911778365,573440.6969919162,1013790.3327501527
2023-12-07,Home & Kitchen,803488.1450794376,567361.371054748,1029339.6433950585
2023-12-08,Home & Kitchen,791037.7197651613,581686.5969064344,1030537.3809671823
2023-12-09,Home & Kitchen,1258295.4546705855,1037514.9960848393,1487263.2885494286
2023-12-10,Home & Kitchen,1281905.9157171876,1055252.0915843179,1503697.0387827642
2023-12-11,Home & Kitchen,825767.5334236741,598423.883359539,1062648.3998429342
2023-12-12,Home & Kitchen,812261.2656354794,593373.4900840138,1059857.3522771231
2023-12-13,Home & Kitchen,789166.7290434717,571695.2559520727,993625.1119941932
2023-12-14,Home & Kitchen,801790.482336509,555441.6199972274,1015923.7209043305
2023-12-15,Home & Kitchen,785118.8759694954,571017.882320688,1010345.6838509592
2023-12-16,Home & Kitchen,1248245.1084942364,1032665.9389116992,1476481.1758677205
2023-12-17,Home & Kitchen,1267893.1492113178,1047739.3689502481,1484417.9120886552
2023-12-18,Home & Kitchen,808081.4605302562,579194.7548533846,1031421.1717006979
2023-12-19,Home & Kitchen,791351.8399886042,552697.9709825004,1014680.5902236456
2023-12-20,Home & Kitchen,765564.9807290363,539676.6579692976,981793.5684099138
2023-12-21,Home & Kitchen,776119.955133405,543993.7164115474,978878.8469848612
2023-12-22,Home & Kitchen,758073.8787836256,546386.098472677,989448.620149382
2023-12-23,Home & Kitchen,1220601.1970293405,983156.7501276298,1434610.4095246515
2023-12-24,Home & Kitchen,1240414.9832884101,1023401.4463007891,1474911.6644617803
2023-12-25,Home & Kitchen,781546.1510852193,563120.447750845,1004889.6148226253
2023-12-26,Home & Kitchen,766575.2671186441,547546.5663850275,987738.9962254583
2023-12-27,Home & Kitchen,743310.7440054698,525641.0460769846,976300.2668329811
2023-12-28,Home & Kitchen,757103.0537441918,523508.8631604666,975779.3578335653
2023-12-29,Home & Kitchen,742934.9666794594,515248.78471104236,965981.1079085178
2023-12-30,Home & Kitchen,1209916.9592825708,990117.3611259736,1453444.3466840703
2023-12-31,Home & Kitchen,1234609.8036737598,1019575.4940089218,1451550.975232367
2024-01-01,Home & Kitchen,780923.1031284288,548474.2611164724,1001763.6413471495
2024-01-02,Home & Kitchen,771353.7237561003,541714.0735129094,998790.7593121817
2024-01-03,Home & Kitchen,753549.9811359879,531241.403666,980804.8962553398
2024-01-04,Home & Kitchen,772723.5672121281,554246.2519582773,990586.1661235053
2024-01-05,Home & Kitchen,763712.8878589107,521333.6443132497,988672.1772644354
2024-01-06,Home & Kitchen,1235516.5858881439,1026267.2987919942,1467337.6934251487
2024-01-07,Home & Kitchen,1264518.8309627373,1050538.9802182761,1490909.804771074
2024-01-08,Home & Kitchen,814507.9636360608,592245.9583767367,1037428.0297828072
2024-01-09,Home & Kitchen,807921.6837686995,598123.6822721626,1019433.3530986701
2024-01-10,Home & Kitchen,792296.7181927104,583357.6313492836,1033786.4283227546
2024-01-11,Home & Kitchen,812777.3093437377,584265.5269370702,1050104.9821283177
2024-01-12,Home & Kitchen,804149.8914727003,575705.4299146285,1039886.073078997
2024-01-13,Home & Kitchen,1275412.4077958034,1058054.5540219927,1500290.3634157241
2024-01-14,Home & Kitchen,1302899.4790113182,1086755.5963750484,1526138.062530365
2024-01-15,Home & Kitchen,850417.9119608756,621142.3629346666,1060409.7980940964
2024-01-16,Home & Kitchen,840495.0640174435,621936.3121929747,1051970.7202618667
2024-01-17,Home & Kitchen,820710.1671615212,591740.0701893568,1032199.7690495146
2024-01-18,Home & Kitchen,836295.4185348616,600252.0055608229,1048467.230429575
2024-01-19,Home & Kitchen,822138.0012290464,616671.0327504027,1035298.7791079668
2024-01-20,Home & Kitchen,1287381.275883551,1082094.8962341598,1491755.8907367447
2024-01-21,Home & Kitchen,1308446.0859708586,1097496.6867101907,1537019.8745664563
2024-01-22,Home & Kitchen,849279.6673526379,621610.6557375564,1071384.6136370185
2024-01-23,Home & Kitchen,832604.0924622271,609827.8259271455,1067025.5790192203
2024-01-24,Home & Kitchen,806126.6052744199,588450.2978727779,1023862.6805946095
2024-01-25,Home & Kitchen,815231.1858912295,580618.6000748633,1029248.1459746845
2024-01-26,Home & Kitchen,794946.3604295407,579974.4467033084,1021303.4869490181
2024-01-27,Home & Kitchen,1254577.3223225614,1049743.9048433157,1480344.0832042035
2024-01-28,Home & Kitchen,1270623.062075699,1056972.1636861055,1489555.7291266148
2024-01-29,Home & Kitchen,807139.0023521523,580488.0168508138,1012187.2112742343
2024-01-30,Home & Kitchen,786986.4707267107,556159.0934760866,1003055.1332145394
2024-01-31,Home & Kitchen,757923.5889508866,543422.128576047,963852.1867550531
2024-02-01,Home & Kitchen,765389.4040632271,561668.8313661212,977517.2499033539
2024-02-02,Home & Kitchen,744440.0690394206,519638.6539735359,967698.7522145672
2024-02-03,Home & Kitchen,1204414.8918257188,979332.4451512609,1407252.8150308267
2024-02-04,Home & Kitchen,1221752.6205922042,984177.2073565396,1436333.8733228722
2024-02-05,Home & Kitchen,760471.3761824637,533379.7545343487,965523.9252128963
2024-02-06,Home & Kitchen,743422.869676387,530856.103679055,961023.2177558177
2024-02-07,Home & Kitchen,718267.6046669256,479659.3337144881,957812.5587238333
2024-02-08,Home & Kitchen,730355.2767578029,508609.31714216375,949419.6288415714
2024-02-09,Home & Kitchen,714632.8712154275,498355.80482551205,931226.0564561546
2024-02-10,Home & Kitchen,1180347.9382363623,965897.439281684,1392348.3037126958
2024-02-11,Home & Kitchen,1203766.9980072828,969625.815919082,1414005.7216371114
2024-02-12,Home & Kitchen,748775.3294073235,528814.915483145,957256.8776490383
2024-02-13,Home & Kitchen,738138.0188502634,515016.0937027832,974927.6890793609
2024-02-14,Home & Kitchen,719361.042425438,494089.224530866,945341.3351910915
2024-02-15,Home & Kitchen,737668.9482243324,514438.216296773,961360.7695269517
2024-02-16,Home & Kitchen,727885.3125099548,510839.0257776075,955427.1777857064
2024-02-17,Home & Kitchen,1199173.1084376466,965383.2452906304,1406167.0125603187
2024-02-18,Home & Kitchen,1227654.537139681,1011451.6113655698,1458742.1780183683
2024-02-19,Home & Kitchen,777129.4465489247,552910.0266283775,1001714.846761459
2024-02-20,Home & Kitchen,770341.4966617159,563628.1283778773,997429.5599145428
2024-02-21,Home & Kitchen,754722.9736165137,542360.2704835288,966498.789284831
2024-02-22,Home & Kitchen,775467.241358537,559429.977745144,994783.1709643081
2024-02-23,Home & Kitchen,767378.7536965131,545011.2283711036,996795.6816777108
2024-02-24,Home & Kitchen,1239647.5079606373,1027327.3459434866,1469855.5651904952
2024-02-25,Home & Kitchen,1268367.1753978573,1050719.2542527483,1484467.5996819143
2024-02-26,Home & Kitchen,817368.9946672232,598049.380066899,1040822.9616181662
2024-02-27,Home & Kitchen,809489.9581210454,589317.4491242939,1040398.926710367
2024-02-28,Home & Kitchen,792198.4078454789,558776.4654788792,1022060.1209379944
2024-02-29,Home & Kitchen,810758.5319242469,603754.6076118895,1030419.2224040616
2024-03-01,Home & Kitchen,800047.6724246463,580586.6832853698,1029234.1116522513
2024-03-02,Home & Kitchen,1269362.4888378396,1058863.0250999618,1481325.8874374062
2024-03-03,Home & Kitchen,1294833.5589803937,1071158.1993888232,1502523.7885781508
2024-03-04,Home & Kitchen,840373.8129706432,623387.5688188238,1062005.1951829616
2024-03-05,Home & Kitchen,828949.0047653379,623263.1626605208,1057194.0332355073
2024-03-06,Home & Kitchen,808081.8981578561,593832.8958971573,1022238.4237841974
2024-03-07,Home & Kitchen,823110.3306392867,615867.8076540823,1041812.7941008002
2024-03-08,Home & Kitchen,808971.6565747951,564994.7256187964,1012643.3025271125
2024-03-09,Home & Kitchen,1275043.5088568502,1057299.6196847314,1503330.768195846
2024-03-10,Home & Kitchen,1297453.0831685788,1068758.929202621,1521762.142214174
2024-03-11,Home & Kitchen,840145.2160251979,607674.7095562565,1065595.5397323743
2024-03-12,Home & Kitchen,826156.3142219073,608052.5173692948,1045646.160101736
2024-03-13,Home & Kitchen,802997.90429684,579478.8170900886,1012565.604658447
2024-03-14,Home & Kitchen,816012.0948381419,590834.6967445221,1038293.451886599
2024-03-15,Home & Kitchen,800125.3608407092,569780.6447917524,1010748.2470397932
2024-03-16,Home & Kitchen,1264725.8254045292,1031088.9696864737,1478661.488206955
2024-03-17,Home & Kitchen,1285870.0111048198,1077641.1904976938,1516150.9552179002
2024-03-18,Home & Kitchen,827472.5119655909,613480.6018043732,1058933.892594615
2024-03-19,Home & Kitchen,812585.2572393323,591773.220709416,1036374.1244788334
2024-03-20,Home & Kitchen,788662.006777446,569414.3477636484,1025288.0923148373
2024-03-21,Home & Kitchen,801012.4559382363,577714.2830990992,1007587.1888747935
2024-03-22,Home & Kitchen,784526.2340063126,566875.5104310716,1012234.8434152711
2024-03-23,Home & Kitchen,1248587.1867247196,1019304.1849339114,1471372.7974557292
2024-03-24,Home & Kitchen,1269177.6753629548,1041273.367234612,1490152.1472239112
2024-03-25,Home & Kitchen,810189.5276979024,586286.9822496813,1024509.6216355198
2024-03-26,Home & Kitchen,794707.9429131087,571354.5746160544,1019130.3034597414
2024-03-27,Home & Kitchen,770155.8904274635,554080.5442656064,973406.5834021742
2024-03-28,Home & Kitchen,781868.481904187,565311.5481221841,1004057.1077926817
2024-03-29,Home & Kitchen,764715.6334801789,550764.3888382254,981643.3498709456
2024-03-30,Home & Kitchen,1228164.8494768257,1016480.4277750594,1444546.9022766002
2024-03-31,Home & Kitchen,1248106.1437546944,1032699.6442194284,1460667.7171428457
2024-04-01,Home & Kitchen,788412.7173264064,561497.2888933311,1000154.435251633
2024-04-02,Home & Kitchen,772370.5119791018,566632.8530924598,1008550.1757364211
2024-04-03,Home & Kitchen,747361.1764048322,523750.5462088505,962093.1564490754
2024-04-04,Home & Kitchen,758747.2603844324,528379.5142796816,975176.7666929376
2024-04-05,Home & Kitchen,741444.0467397791,498364.9969064782,953797.878624567
2024-04-06,Home & Kitchen,1205087.8766712209,978292.3193507019,1442857.8022816046
2024-04-07,Home & Kitchen,1225365.8610043665,1001247.5460429632,1451307.7097882854
2024-04-08,Home & Kitchen,766172.5851533354,559881.547918089,988479.7267712507
2024-04-09,Home & Kitchen,751056.5249199908,538964.1081359818,965256.2444562159
2024-04-10,Home & Kitchen,727300.6030109838,504825.5639185476,947875.0854585548
2024-04-11,Home & Kitchen,740288.6027998094,501924.50683645613,967523.824177781
2024-04-12,Home & Kitchen,724919.5328909361,489706.1150576787,943118.2053916171
2024-04-13,Home & Kitchen,1190951.7002336334,973744.661723116,1416172.2339082723
2024-04-14,Home & Kitchen,1213815.2220223472,999706.4539550182,1443251.908817274
2024-04-15,Home & Kitchen,757366.393523658,550981.1055196531,990111.4029281993
2024-04-16,Home & Kitchen,745352.8204056183,526261.6212589149,990785.5753794172
2024-04-17,Home & Kitchen,724893.580260906,517416.6118651797,951445.7971542788
2024-04-18,Home & Kitchen,741328.9669163295,538600.7163764379,978320.7133351867
2024-04-19,Home & Kitchen,729479.5276192357,504408.75007243274,941851.3284669847
2024-04-20,Home & Kitchen,1199167.9843670682,978985.645835245,1431654.1162392234
2024-04-21,Home & Kitchen,1225516.5395503019,997725.284293428,1441590.2480863458
2024-04-22,Home & Kitchen,772300.7276185955,562110.0883660684,989984.9045438427
2024-04-23,Home & Kitchen,763459.204002358,543507.533932868,990891.8497975351
2024-04-24,Home & Kitchen,745900.6391628189,528923.433589673,951965.4717854586
2024-04-25,Home & Kitchen,764916.5675334173,527956.0197405687,986113.6008010311
2024-04-26,Home & Kitchen,755248.4091715235,520794.7763238619,961697.6522017147
2024-04-27,Home & Kitchen,1226879.1791715508,990183.326085032,1449751.1895959661
2024-04-28,Home & Kitchen,1254522.4621436403,1053144.9553080662,1472745.794341312
2024-04-29,Home & Kitchen,801865.1651704835,577459.1869552849,1019618.2494225533
2024-04-30,Home & Kitchen,793232.255717322,573878.9660453148,1026663.0333761451
2024-05-01,Home & Kitchen,775349.6063891853,552503.1576227506,993242.9989943289
2024-05-02,Home & Kitchen,793539.2940649607,570749.3025326949,1018595.6442678837
2024-05-03,Home & Kitchen,782533.1180158202,554835.4737290079,1002190.2299858127
2024-05-04,Home & Kitchen,1252593.3183299962,1041484.2254619871,1458091.2470409975
2024-05-05,Home & Kitchen,1278035.0843616137,1059950.017361383,1503919.9985175645
2024-05-06,Home & Kitchen,822584.6456146201,593750.7898086435,1043539.294120527
2024-05-07,Home & Kitchen,811076.8552401491,591444.7404440251,1022273.7929139116
2024-05-08,Home & Kitchen,790093.4018045082,576743.7749043966,1012086.0835815774
2024-05-09,Home & Kitchen,805057.2564748139,577456.4620803938,1016488.504206673
2024-05-10,Home & Kitchen,790751.5237304326,569896.6033765135,1007919.8316567993
2024-05-11,Home & Kitchen,1257767.3485599738,1039235.7368123641,1474729.6865096188
2024-05-12,Home & Kitchen,1280058.4453378222,1070808.8016845146,1494700.7685176656
2024-05-13,Home & Kitchen,821413.3669504153,600335.99653295,1037220.0685587128
2024-05-14,Home & Kitchen,807185.1650307114,582259.9220142799,1030245.6525442962
2024-05-15,Home & Kitchen,783804.616231752,566751.9470471357,1012999.8623459545
2024-05-16,Home & Kitchen,796773.8947640681,585565.6445450407,1014164.2818403717
2024-05-17,Home & Kitchen,780891.263512796,571377.398453391,985541.7618110778
2024-05-18,Home & Kitchen,1247027.0964165274,1023947.0786679466,1482159.776415894
2024-05-19,Home & Kitchen,1268711.7483891689,1045530.9984338426,1494681.412866973
2024-05-20,Home & Kitchen,809723.8027849126,587858.8336302956,1018952.8582208377
2024-05-21,Home & Kitchen,795853.4302932195,575753.7239604103,1020852.2495609274
2024-05-22,Home & Kitchen,773293.2433635023,566769.1961209042,990510.9380409295
2024-05-23,Home & Kitchen,787533.5362113556,574695.5744402587,1012895.2037583028
2024-05-24,Home & Kitchen,773295.2912837071,558720.554005174,986750.8874693168
2024-05-25,Home & Kitchen,1241637.4570701008,1037855.601313786,1471077.3547484668
2024-05-26,Home & Kitchen,1265579.0569069018,1035527.7299611188,1488974.9429712696
2024-05-27,Home & Kitchen,808807.3616189987,586237.5991739923,1010053.9063994747
2024-05-28,Home & Kitchen,797478.7484702871,582743.4041648438,1026262.5742376402
2024-05-29,Home & Kitchen,777485.7193258856,552941.9378500212,990754.8365773212
2024-05-30,Home & Kitchen,794257.7183864097,574751.5054787527,1015493.0920923569
2024-05-31,Home & Kitchen,782403.3020586903,568245.8758767993,1009701.3905965767
2024-06-01,Home & Kitchen,1253149.8680651453,1026866.888054579,1470691.2391345152
2024-06-02,Home & Kitchen,1279000.1564446192,1043313.1959677103,1489936.451211511
2024-06-03,Home & Kitchen,823561.3390338748,608264.560674621,1033404.2594533693
2024-06-04,Home & Kitchen,813382.0163172884,612516.1187415732,1015062.9227385566
2024-06-05,Home & Kitchen,794095.3546246878,571513.4919833224,997548.0952336567
2024-06-06,Home & Kitchen,811124.1311926515,581779.091419207,1023602.9710656774
2024-06-07,Home & Kitchen,799030.5185125988,580419.4481509865,1007520.1791945964
2024-06-08,Home & Kitchen,1269286.3748837712,1066199.5262432545,1478689.7264991507
2024-06-09,Home & Kitchen,1293961.9611961113,1078523.7045399104,1516522.2872025154
2024-06-10,Home & Kitchen,836673.5471042774,610459.9860839824,1064842.057246488
2024-06-11,Home & Kitchen,824453.991194513,607979.9265080557,1043291.0034289679
2024-06-12,Home & Kitchen,802769.3620992516,570935.8871489014,1013955.9109061913
2024-06-13,Home & Kitchen,817125.5714448494,595922.4068597814,1044686.5191452906
2024-06-14,Home & Kitchen,802123.2052982611,591558.7353506982,1030048.2758095135
2024-06-15,Home & Kitchen,1269560.6001324204,1043212.975503238,1493254.6639190721
2024-06-16,Home & Kitchen,1291138.792793557,1077026.6033106823,1510652.8391323755
2024-06-17,Home & Kitchen,830534.0474129327,597145.5859533392,1051976.606046126
2024-06-18,Home & Kitchen,815314.8073517767,609329.6204606488,1038486.9356702412
2024-06-19,Home & Kitchen,790805.3079681568,576107.57749507,1011514.3274986079
2024-06-20,Home & Kitchen,802609.0432975194,589241.2460492967,1025074.767971111
2024-06-21,Home & Kitchen,785361.788745376,563465.9836241447,1005870.5394685321
2024-06-22,Home & Kitchen,1251176.3783526032,1024198.2839873264,1460655.1357102175
2024-06-23,Home & Kitchen,1271336.111473007,1053693.408796563,1501230.1888289272
2024-06-24,Home & Kitchen,809535.4940212162,580628.789254566,1023524.2487608503
2024-06-25,Home & Kitchen,793835.3720733778,582099.5002074443,1011506.0610659899
2024-06-26,Home & Kitchen,769340.463615947,530709.5510289234,987839.8819607774
2024-06-27,Home & Kitchen,781673.8602914405,556291.3021333648,1007665.0625465026
2024-06-28,Home & Kitchen,765421.3680362157,543187.3799193641,997670.1831302341
2024-06-29,Home & Kitchen,1232924.6009987663,1019545.8095663516,1454354.710381819
2024-06-30,Home & Kitchen,1254955.837251449,1024430.1133344821,1471789.2853371825
2024-07-01,Home & Kitchen,795138.6506124074,573538.5230057255,1012917.9450760068
2024-07-02,Home & Kitchen,781940.7948741954,570816.7347765943,993428.3778334301
2024-07-03,Home & Kitchen,760168.0968065275,555270.3224745962,999023.7085340389
2024-07-04,Home & Kitchen,775392.247517238,559126.2221333461,999129.65016172
2024-07-05,Home & Kitchen,762088.4625957771,541249.0081899754,985906.0961648795
2024-07-06,Home & Kitchen,1232778.5835886183,1033283.8152393724,1460337.7290141182
2024-07-07,Home & Kitchen,1257688.7145224102,1032370.4922105344,1488524.6765205252
2024-07-08,Home & Kitchen,800350.6792825436,592941.2659014317,1016271.1497458145
2024-07-09,Home & Kitchen,789633.1685621233,556945.5490899679,1002832.8528088373
2024-07-10,Home & Kitchen,770052.0699173973,534176.1594271933,978263.4819428256
2024-07-11,Home & Kitchen,787151.1875824773,577139.3539770149,1004990.3195687599
2024-07-12,Home & Kitchen,775332.4958936202,558798.5160995437,973984.388128009
2024-07-13,Home & Kitchen,1247347.95609759,1030490.8580680891,1480044.6874531547
2024-07-14,Home & Kitchen,1272938.3148942895,1058889.7522950505,1503665.356035689
2024-07-15,Home & Kitchen,815613.6261144027,598080.6913197672,1042802.7444447128
2024-07-16,Home & Kitchen,804720.905377085,580974.0773238159,1024022.5875086535
2024-07-17,Home & Kitchen,784567.8606272044,566245.1595831766,998965.0786143679
2024-07-18,Home & Kitchen,800754.5729645706,577654.1809306982,1019336.5942427985
2024-07-19,Home & Kitchen,787693.535085352,572651.1719646276,1008854.2047000384
2024-07-20,Home & Kitchen,1258448.34558668,1031059.84454048,1478711.9729672433
2024-07-21,Home & Kitchen,1282350.083609736,1051156.898645758,1530822.706791498
2024-07-22,Home & Kitchen,822955.8792272479,610413.1071540391,1036147.6795935774
2024-07-23,Home & Kitchen,810150.7434522144,600632.8833596493,1028472.3010516269
2024-07-24,Home & Kitchen,788082.4345459526,565097.1796299013,993020.6391307897
2024-07-25,Home & Kitchen,802443.2568974146,582403.9300646653,1015454.6851657255
2024-07-26,Home & Kitchen,787678.7989481599,578829.5746193511,1004971.165247227
2024-07-27,Home & Kitchen,1257172.7401691654,1027495.1038000342,1473093.4103297577
2024-07-28,Home & Kitchen,1279840.8016687764,1061828.7817444396,1491419.053284106
2024-07-29,Home & Kitchen,819267.555041587,619991.1968715757,1039832.2359266669
2024-07-30,Home & Kitchen,805843.0913087832,583587.3783551191,1032962.5260096625
2024-07-31,Home & Kitchen,783510.0798291621,558810.0487682587,999123.2613102345
2024-08-01,Home & Kitchen,797997.1021390852,571981.486854546,1015002.6700549135
2024-08-02,Home & Kitchen,783717.8226919044,564036.9910235892,1007072.0814070653
2024-08-03,Home & Kitchen,1254303.905251852,1024973.971208981,1467470.4138725116
2024-08-04,Home & Kitchen,1278178.739036618,1051856.9058753536,1492883.612534326
2024-08-05,Home & Kitchen,818874.8218664553,609409.4403827089,1050286.2723185723
2024-08-06,Home & Kitchen,807207.6699120672,582090.8099285486,1038860.6329008506
2024-08-07,Home & Kitchen,786839.6733875981,554073.6787114926,999940.0390382054
2024-08-08,Home & Kitchen,803460.7515642316,589141.6529878408,1036851.3278294833
2024-08-09,Home & Kitchen,791386.3254745891,552687.7668178633,1032982.7525545739
2024-08-10,Home & Kitchen,1264444.1978616859,1069022.4472901516,1495587.203922367
2024-08-11,Home & Kitchen,1290509.459801517,1052718.258832459,1501206.1324402515
2024-08-12,Home & Kitchen,833022.9592561036,614461.0871789681,1054035.0129270586
2024-08-13,Home & Kitchen,823217.4457247567,595093.343921455,1051037.2858655131
2024-08-14,Home & Kitchen,804455.1384461873,581274.8439407159,1020876.5299941024
2024-08-15,Home & Kitchen,822397.2506395325,607100.5620224489,1041113.5123504822
2024-08-16,Home & Kitchen,811278.0128914221,600508.9660429381,1033745.9437559347
2024-08-17,Home & Kitchen,1285156.9071179559,1059932.7895036181,1510463.6044156863
2024-08-18,Home & Kitchen,1311394.2879124926,1095485.3779329213,1518590.0108182915
2024-08-19,Home & Kitchen,853396.4750946806,627477.8696245442,1080412.723264295
2024-08-20,Home & Kitchen,842879.9375193344,620894.3806316486,1073253.994448217
2024-08-21,Home & Kitchen,822975.9276036897,603429.7307924875,1057959.1602339286
2024-08-22,Home & Kitchen,839389.1163828864,624698.865461912,1065244.025395051
2024-08-23,Home & Kitchen,826349.7575460962,622219.1880203382,1038285.2255515311
2024-08-24,Home & Kitchen,1298226.6809805846,1061898.379422068,1516278.8304243146
2024-08-25,Home & Kitchen,1321941.3336952676,1109240.9662867708,1556523.038020194
2024-08-26,Home & Kitchen,860937.2713796134,635303.603902468,1079775.6456444913
2024-08-27,Home & Kitchen,847480.29371137,618562.8466537452,1062931.8886827878
2024-08-28,Home & Kitchen,824528.2575169463,590082.7385811155,1054184.839349911
2024-08-29,Home & Kitchen,837877.191248035,622593.2272918555,1047659.7364789444
2024-08-30,Home & Kitchen,821790.272901791,606431.3174178323,1031068.0418547298
2024-08-31,Home & Kitchen,1290970.5998004714,1070008.8867270567,1526841.57169917
2024-09-01,Home & Kitchen,1311913.037346391,1083648.14878239,1531694.9510422964
2024-09-02,Home & Kitchen,848097.8861232555,626640.3378937099,1055132.0220808047
2024-09-03,Home & Kitchen,832327.1381800217,601519.8491213924,1053546.2126071749
2024-09-04,Home & Kitchen,807360.0239780656,597295.6836372474,1021991.6415010587
2024-09-05,Home & Kitchen,819047.5276517767,599884.0568146053,1049753.0221882244
2024-09-06,Home & Kitchen,801639.4361426773,567532.2999532024,1011576.1056729426
2024-09-07,Home & Kitchen,1270118.4375535927,1069905.5391142562,1486998.8242183705
2024-09-08,Home & Kitchen,1290491.5757541845,1067400.5883709562,1508838.2882410476
2024-09-09,Home & Kitchen,826210.0786271605,617857.2754748424,1047017.88954288
2024-09-10,Home & Kitchen,810543.846317378,593414.1446557203,1036330.5901612537
2024-09-11,Home & Kitchen,785984.9017929714,549832.0570663748,993869.6139178064
2024-09-12,Home & Kitchen,798372.4664051862,581857.6325367638,1022623.5205510941
2024-09-13,Home & Kitchen,781880.1621578494,564496.1270649814,998586.6088773675
2024-09-14,Home & Kitchen,1251713.377273463,1022413.4551815164,1473874.009601148
2024-09-15,Home & Kitchen,1273342.0614222873,1046992.7869520826,1496892.7611494083
2024-09-16,Home & Kitchen,810148.1911801903,579570.6350769701,1028946.0891070553
2024-09-17,Home & Kitchen,795839.6619195045,569753.0211010168,1013413.6040672917
2024-09-18,Home & Kitchen,772622.4723851911,548395.9593662841,984245.8659580344
2024-09-19,Home & Kitchen,786316.8235689101,562561.1820510206,1014435.8549064512
2024-09-20,Home & Kitchen,771024.555769256,562816.5220698075,997537.3149895611
2024-09-21,Home & Kitchen,1242189.4791669596,1013353.6058190947,1469014.8884275053
2024-09-22,Home & Kitchen,1264770.8335080324,1035248.1900881183,1493760.8916577643
2024-09-23,Home & Kitchen,802117.3623096222,585592.7216608672,1025194.6764202276
2024-09-24,Home & Kitchen,788419.2605252323,567612.6202205843,1017610.3672959533
2024-09-25,Home & Kitchen,765647.4690376382,553150.8596379664,977472.9457159747
2024-09-26,Home & Kitchen,779658.9484673272,577860.2618150495,999337.8429112744
2024-09-27,Home & Kitchen,764542.3377811108,539000.938583354,972881.5183605797
2024-09-28,Home & Kitchen,1236039.1365684874,1009202.8597794849,1435835.5421597795
2024-09-29,Home & Kitchen,1258655.6848754473,1042801.6358999676,1479727.9278320044
2024-09-30,Home & Kitchen,795761.7364730006,573977.3760674045,1018535.5779369768
2024-10-01,Home & Kitchen,782078.4661385807,564188.2033715674,992305.9836321716
2024-10-02,Home & Kitchen,759383.0437755184,532096.7307525751,977109.6205289444
2024-10-03,Home & Kitchen,773601.491163023,547527.6833331909,998979.4227732866
2024-10-04,Home & Kitchen,758831.255774186,534758.4902096981,975191.8635922606
2024-10-05,Home & Kitchen,1231122.2745770668,1004160.7462929413,1425471.90512318
2024-10-06,Home & Kitchen,1254526.860536562,1042522.2023598229,1468424.3060305533
2024-10-07,Home & Kitchen,792422.575572277,570969.3359220295,1007187.0155702372
2024-10-08,Home & Kitchen,780036.483411952,548616.4634577894,991184.1591162392
2024-10-09,Home & Kitchen,758915.5907892374,526795.4238325566,976534.0667328286
2024-10-10,Home & Kitchen,775008.2752716608,564511.3375021098,988634.7061022945
2024-10-11,Home & Kitchen,762365.1170970309,551721.6853411848,983503.039061453
2024-10-12,Home & Kitchen,1237281.514090609,1033558.2148992061,1458752.0082781236
2024-10-13,Home & Kitchen,1263287.4205712844,1047418.025743613,1484334.5391657578
2024-10-14,Home & Kitchen,803696.6827247933,590084.0189015871,1030242.9769984364
2024-10-15,Home & Kitchen,794169.8555063817,560567.7924812158,1026823.6401057637
2024-10-16,Home & Kitchen,775952.9099212121,555917.2675112889,1006383.368586668
2024-10-17,Home & Kitchen,794949.6392290719,570472.3489949985,1022386.3775073711
2024-10-18,Home & Kitchen,785103.0882995371,576603.5848716405,998769.7357136363
2024-10-19,Home & Kitchen,1262901.9167007715,1055107.2463968524,1489909.8546570288
2024-10-20,Home & Kitchen,1291311.973355832,1073154.7946914602,1527195.5005933836
2024-10-21,Home & Kitchen,833553.7982477312,622446.1003015859,1058066.402507184
2024-10-22,Home & Kitchen,825705.369771093,600168.5769378385,1048736.021866881
2024-10-23,Home & Kitchen,808710.0583547226,578497.049169482,1036029.1105877884
2024-10-24,Home & Kitchen,828440.567671762,599839.6434465162,1045898.0966833758
2024-10-25,Home & Kitchen,818761.069282851,579426.6619735213,1045898.3450018021
2024-10-26,Home & Kitchen,1296396.960836892,1063319.0723081103,1503202.941108699
2024-10-27,Home & Kitchen,1323807.4647563412,1102695.2758311378,1547390.927197973
2024-10-28,Home & Kitchen,864190.0410735998,645211.8398042421,1097202.3288118881
2024-10-29,Home & Kitchen,854121.3960446857,617070.7853239696,1078706.0889637691
2024-10-30,Home & Kitchen,834332.6419290635,597010.20820239,1038849.7290362447
2024-10-31,Home & Kitchen,850762.4147277181,621194.0282819725,1086848.4103609899
2024-11-01,Home & Kitchen,837297.1026396024,605300.955527986,1049528.6954298967
2024-11-02,Home & Kitchen,1311001.2071582472,1086738.458315535,1540153.145630068
2024-11-03,Home & Kitchen,1333928.0728887394,1106270.4719952797,1548193.6338185214
2024-11-04,Home & Kitchen,869348.2998339238,651957.9626268601,1087164.5078255872
2024-11-05,Home & Kitchen,854426.1698718416,636675.9095002546,1073598.4703589308
2024-11-06,Home & Kitchen,829759.3217230153,613020.4618881514,1071429.1145971369
2024-11-07,Home & Kitchen,841418.5865894781,621057.9193590821,1047261.2527067641
2024-11-08,Home & Kitchen,823364.1614141642,584418.6746708042,1038243.9448684147
2024-11-09,Home & Kitchen,1293034.8003366988,1088476.441621491,1517903.6142550146
2024-11-10,Home & Kitchen,1312095.3376455912,1087675.724860114,1519182.2063204718
2024-11-11,Home & Kitchen,843888.241398378,613210.9646664778,1068269.0032750233
2024-11-12,Home & Kitchen,826145.1124772149,593161.9844541963,1039514.3733875443
2024-11-13,Home & Kitchen,799291.0601381791,568765.0587671042,1021229.8070603732
2024-11-14,Home & Kitchen,809471.974630235,587678.2942933835,1030352.1900826168
2024-11-15,Home & Kitchen,790647.8856037462,565171.0609973444,1019140.1868891825
2024-11-16,Home & Kitchen,1260542.7179310287,1033000.6327055899,1485230.0971833693
2024-11-17,Home & Kitchen,1280330.7933095412,1051588.6813407512,1486459.6892286083
2024-11-18,Home & Kitchen,813314.1065207988,618857.9388537194,1028958.3525908896
2024-11-19,Home & Kitchen,797671.8065085614,577290.616947875,1018431.0543044268
2024-11-20,Home & Kitchen,773532.4321053014,555021.5402001856,996264.2541452553
2024-11-21,Home & Kitchen,786991.9453918822,565845.6729108145,1011930.6862777112
2024-11-22,Home & Kitchen,771887.671439988,547043.4980785968,997728.9294961323
2024-11-23,Home & Kitchen,1246111.9922605716,1033610.0797859284,1481900.862726934
2024-11-24,Home & Kitchen,1270241.0831221596,1045470.5827258832,1464640.1360545347
2024-11-25,Home & Kitchen,807440.9568024692,580408.0950417618,1017139.1677471951
2024-11-26,Home & Kitchen,796257.6732813941,579782.9062457656,1024465.4933260188
2024-11-27,Home & Kitchen,776459.80296439,551599.2260388137,1005694.8480240589
2024-11-28,Home & Kitchen,794049.1381898819,590561.5941294489,1001014.4300577944
2024-11-29,Home & Kitchen,782716.623145951,539064.806178786,995932.1046874156
2024-11-30,Home & Kitchen,1260520.841354171,1033335.6342535466,1487276.4297398652
2024-12-01,Home & Kitchen,1287459.2589310315,1055423.4565270538,1526265.287654677
2024-12-02,Home & Kitchen,826602.7123268717,609220.9930330248,1055753.9851334142
2024-12-03,Home & Kitchen,816925.4284233782,605801.9478139026,1033261.7653738271
2024-12-04,Home & Kitchen,797916.2231649382,579465.5700140574,1032288.7348562831
2024-12-05,Home & Kitchen,815579.8612547868,592434.7019311833,1013618.1525314361
2024-12-06,Home & Kitchen,803572.4599186354,588026.8219309117,1017724.6265059882
2024-12-07,Home & Kitchen,1280241.8327226068,1065458.6019855195,1505048.395212771
2024-12-08,Home & Kitchen,1305137.959544891,1094736.753420926,1536338.854968635
2024-12-09,Home & Kitchen,841372.3825951173,619533.7188688999,1082397.302979469
2024-12-10,Home & Kitchen,828484.3426353768,613600.1636469476,1034815.4120184183
2024-12-11,Home & Kitchen,805816.9606596633,584252.2837030909,1022584.5367568524
2024-12-12,Home & Kitchen,819505.5388351025,606179.8907442848,1042848.1261255433
2024-12-13,Home & Kitchen,803288.8794424294,595002.5490877551,1026583.7736183698
2024-12-14,Home & Kitchen,1275908.1741778017,1051493.0017246653,1508003.232718531
2024-12-15,Home & Kitchen,1296553.7310843763,1069479.1493827489,1512209.3504995971
2024-12-16,Home & Kitchen,828446.734686259,595431.5861430127,1041209.4314404924
2024-12-17,Home & Kitchen,811739.4529013098,601517.8765191525,1039434.3286722518
2024-12-18,Home & Kitchen,785654.9148959536,580768.6935465478,1020265.7271240107
2024-12-19,Home & Kitchen,796461.2696542946,574508.6803772758,1022303.8601244924
2024-12-20,Home & Kitchen,777958.7679747115,544622.2161959581,1006887.4748912437
2024-12-21,Home & Kitchen,1249237.5875712144,1027322.1529448896,1465192.684185971
2024-12-22,Home & Kitchen,1269061.8429791247,1032185.4579282107,1488637.8724456863
2024-12-23,Home & Kitchen,800675.3471362911,585786.3991144827,1014060.6668108496
2024-12-24,Home & Kitchen,784738.0963188552,559080.6876086522,1001837.0012006088
2024-12-25,Home & Kitchen,760232.1642589634,542646.0792090872,989793.3900968499
2024-12-26,Home & Kitchen,773425.2795062385,560290.2977863209,991279.4967943213
2024-12-27,Home & Kitchen,758036.9886717262,545985.1292006017,984575.56709631
2024-12-28,Home & Kitchen,1233359.198247803,1022673.6201759669,1441493.0086802116
2024-12-29,Home & Kitchen,1257581.4093228427,1037060.0105351799,1476870.8751724819
2024-12-30,Home & Kitchen,793824.4766783864,574550.8338687655,1004262.3983225995
2024-12-31,Home & Kitchen,783117.3135964752,573775.8158688574,998492.3079504616
2025-01-01,Home & Kitchen,764072.7824647082,539844.2976384165,988072.6154320166
2025-01-02,Home & Kitchen,782844.0063220825,571362.6264031318,1004328.5602398526
2025-01-03,Home & Kitchen,772972.8675933761,548112.1768073738,984797.6673949277
2025-01-04,Home & Kitchen,1253875.9731024632,1038934.2823218642,1467805.2640760548
2025-01-05,Home & Kitchen,1283113.2976770613,1049432.098911353,1491564.627097473
2025-01-06,Home & Kitchen,823651.5419762891,599856.1395197837,1038929.3733801367
2025-01-07,Home & Kitchen,816882.030831937,583979.0168201643,1040402.5259207701
2025-01-08,Home & Kitchen,801066.9188026518,547982.7378335925,1027327.0477563045
2025-01-09,Home & Kitchen,822287.8893476427,587189.2314497154,1044588.7874640423
2025-01-10,Home & Kitchen,813975.9857233729,598743.5822709089,1033108.8590177322
2025-01-11,Home & Kitchen,1295761.3652530592,1067602.992188322,1516328.1325559055
2025-01-12,Home & Kitchen,1324683.1305193808,1109184.5100740339,1537606.6362124234
2025-01-13,Home & Kitchen,863679.5365369541,639034.4587931824,1066177.655590443
2025-01-14,Home & Kitchen,854643.8786332686,640319.0531904583,1079242.468932432
2025-01-15,Home & Kitchen,835637.4402391826,616218.409239279,1061555.6933702407
2025-01-16,Home & Kitchen,852826.7339298389,613480.0643239069,1077043.8070119864
2025-01-17,Home & Kitchen,839690.6487154274,613003.7156168316,1041809.6688770764
2025-01-18,Home & Kitchen,1316229.9151685694,1088202.84491451,1533176.8001583263
2025-01-19,Home & Kitchen,1339114.0921159256,1114589.5274737591,1562255.7295279247
2025-01-20,Home & Kitchen,871394.7446771319,663172.3602180755,1104557.2382606554
2025-01-21,Home & Kitchen,855595.6998009067,647205.8318966035,1053173.8343270072
2025-01-22,Home & Kitchen,829689.466598502,609687.1836612549,1050873.2614025017
2025-01-23,Home & Kitchen,840020.1875223632,618426.7273050236,1059595.077170671
2025-01-24,Home & Kitchen,820185.781906182,591962.0869866713,1036661.6936590625
2025-01-25,Home & Kitchen,1290605.3728129207,1071083.2131029812,1516809.5553222797
2025-01-26,Home & Kitchen,1307602.2948178127,1078826.4898727774,1521529.7191859263
2025-01-27,Home & Kitchen,834339.7501305499,610803.1278663884,1065131.5265339906
2025-01-28,Home & Kitchen,813945.589992751,606058.3223991495,1025187.2727597981
2025-01-29,Home & Kitchen,784253.0084565558,548954.2696302386,1005501.2673128928
2025-01-30,Home & Kitchen,791710.6217211225,565923.4742851297,1017175.3904618735
2025-01-31,Home & Kitchen,769941.600864234,551834.2319123412,988393.6862468399
2025-02-01,Home & Kitchen,1239671.570912302,1017669.2280041359,1449674.4331304594
2025-02-02,Home & Kitchen,1256750.596741429,1044091.9965649586,1480618.3546354913
2025-02-03,Home & Kitchen,784314.6383730387,566492.3086966128,1002625.7603577144
2025-02-04,Home & Kitchen,765948.4516138097,552480.5323712769,988184.4370249527
2025-02-05,Home & Kitchen,739194.3227435738,514312.40861575335,970937.9140086075
2025-02-06,Home & Kitchen,750453.1154242655,551506.3803024453,976367.2209122145
2025-02-07,Home & Kitchen,733224.2009726366,521180.8187150127,948859.9176338188
2025-02-08,Home & Kitchen,1208397.5057529844,982289.719005361,1432927.994617818
2025-02-09,Home & Kitchen,1231217.9226067867,1021458.6239891404,1461908.6293775865
2025-02-10,Home & Kitchen,764675.6948371145,534861.0735396442,996215.1240972425
2025-02-11,Home & Kitchen,752710.1682930434,511355.74368158425,963616.6826475352
2025-02-12,Home & Kitchen,732488.834174447,527942.5503287598,956367.1733334963
2025-02-13,Home & Kitchen,750301.0917149436,542388.6424683154,986259.773273083
2025-02-14,Home & Kitchen,739480.166026666,533356.8632878093,967304.202943876
2025-02-15,Home & Kitchen,1221059.9124628108,1002060.3030990942,1439256.3664286013
2025-02-16,Home & Kitchen,1249681.6739122267,1012352.5276683453,1479664.8058257164
2025-02-17,Home & Kitchen,788213.0349304166,578242.1541179654,1016016.4693555477
2025-02-18,Home & Kitchen,780991.3131808725,567593.4015042876,1004713.5719399406
2025-02-19,Home & Kitchen,764871.285010624,544642.4958435195,976694.746810512
2025-02-20,Home & Kitchen,786109.579265704,561733.5815871689,1007823.8156309099
2025-02-21,Home & Kitchen,777966.1047040492,554816.7550806629,1004115.4533882274
2025-02-22,Home & Kitchen,1261722.815812823,1034223.7069409786,1473655.066624348
2025-02-23,Home & Kitchen,1291529.9864767126,1081306.6310813315,1505168.8951318236
2025-02-24,Home & Kitchen,830250.1595039214,609614.2176455911,1055277.5152190279
2025-02-25,Home & Kitchen,822738.1486985576,595855.1898229974,1040431.7231344602
2025-02-26,Home & Kitchen,805654.2557661308,593314.9041134395,1015446.6729849158
2025-02-27,Home & Kitchen,825336.2296553166,609399.2324001078,1068347.2179086583
2025-02-28,Home & Kitchen,815077.3471746542,590619.3188326205,1038393.6056286428
2025-03-01,Home & Kitchen,1296504.5690440629,1074794.46840082,1521406.3985298772
2025-03-02,Home & Kitchen,1323362.010151338,1105740.995681484,1554366.9273331403
2025-03-03,Home & Kitchen,858578.2710887066,640759.2621862268,1082842.1430495721
2025-03-04,Home & Kitchen,847581.5859930072,625889.7254680196,1065647.4928464522
2025-03-05,Home & Kitchen,826877.6428106215,589018.3458131626,1047380.6063610484
2025-03-06,Home & Kitchen,842908.7108922814,625250.4279087221,1080124.3055167259
2025-03-07,Home & Kitchen,829008.4675177548,608086.9740250258,1036175.9647039091
2025-03-08,Home & Kitchen,1307140.1116389066,1080261.2785694646,1527296.8290389562
2025-03-09,Home & Kitchen,1330618.0440489124,1120798.994438968,1545423.469038796
2025-03-10,Home & Kitchen,862399.9984978837,661914.8910791454,1088602.263782661
2025-03-11,Home & Kitchen,848439.104282654,637415.2486094733,1076842.9738777815
2025-03-12,Home & Kitchen,825028.3678675564,605267.702729881,1028343.2094593756
2025-03-13,Home & Kitchen,838649.2459026502,619748.8233042143,1048017.1435572521
2025-03-14,Home & Kitchen,822605.6387713673,603250.4302485328,1020155.8887030976
2025-03-15,Home & Kitchen,1299124.4489562495,1086687.5147518534,1516887.9336354346
2025-03-16,Home & Kitchen,1321017.945140314,1078799.0824551675,1537040.0075958385
2025-03-17,Home & Kitchen,851203.0770658839,641563.0352826287,1059733.4438229506
2025-03-18,Home & Kitchen,836092.6744940948,630293.3604638131,1065334.6264255282
2025-03-19,Home & Kitchen,811708.5826779202,576475.229787158,1024821.1969790786
2025-03-20,Home & Kitchen,824521.3860286648,595273.9434475106,1055740.0323897249
2025-03-21,Home & Kitchen,807764.9382782285,593855.7922616631,1025399.2911774021
2025-03-22,Home & Kitchen,1283900.3624197927,1061213.3492227707,1499249.300012357
2025-03-23,Home & Kitchen,1305219.6982910007,1083396.285324176,1517141.6345025464
2025-03-24,Home & Kitchen,834592.5915471613,612551.260293931,1047633.6506961777
2025-03-25,Home & Kitchen,818896.4113985517,594160.8808412504,1039019.741618882
2025-03-26,Home & Kitchen,793897.4287405931,570080.5402353611,1016662.3921349327
2025-03-27,Home & Kitchen,806080.712214605,587658.7381973797,1032599.7313061475
2025-03-28,Home & Kitchen,788643.8877773593,571228.8391896475,1025459.53858675
2025-03-29,Home & Kitchen,1264322.9922128168,1052518.0039908448,1474081.3202459835
2025-03-30,Home & Kitchen,1284935.5921379998,1050339.9724598737,1510343.7962762679
2025-03-31,Home & Kitchen,813352.8743486932,590934.7731801498,1039596.0104304942
2025-04-01,Home & Kitchen,796966.6169710879,569129.6703652539,1022334.3143010901
2025-04-02,Home & Kitchen,771336.3227836894,541443.2038977185,981772.1172518404
2025-04-03,Home & Kitchen,783007.2488226357,567584.675913618,991989.8797520936
2025-04-04,Home & Kitchen,765181.4739123001,526317.0921028022,968877.5823015071
2025-04-05,Home & Kitchen,1240903.866280128,1021078.7548420896,1464732.3227186208
2025-04-06,Home & Kitchen,1261543.1749197554,1027482.1086322464,1471272.0175111277
2025-04-07,Home & Kitchen,789988.3130824262,562894.4508395554,1009415.8806882717
2025-04-08,Home & Kitchen,774151.3063591266,567538.6660277214,1000667.5289518754
2025-04-09,Home & Kitchen,749379.866435033,520021.40549042745,956470.0166094077
2025-04-10,Home & Kitchen,762263.4196321286,552735.9654829241,983491.4971817498
2025-04-11,Home & Kitchen,745981.733872299,518796.4917367582,964365.4993661013
2025-04-12,Home & Kitchen,1223851.6315647357,997638.1540109981,1430519.7042296682
2025-04-13,Home & Kitchen,1246747.045438804,1020955.4826855244,1457777.803525303
2025-04-14,Home & Kitchen,777520.8179365386,560290.6275092297,998756.604349267
2025-04-15,Home & Kitchen,764545.2384669594,547336.7651284793,978457.6249649075
2025-04-16,Home & Kitchen,742891.9089085197,526923.9828409144,979847.8208779948
2025-04-17,Home & Kitchen,759127.8030620534,544508.5861815442,997105.4733772294
2025-04-18,Home & Kitchen,746343.6013467743,517146.1401039206,972219.8255808173
2025-04-19,Home & Kitchen,1228063.3451508044,1005887.6296969925,1451377.1100876473
2025-04-20,Home & Kitchen,1254605.6309614899,1029022.5104912011,1514318.4592052426
2025-04-21,Home & Kitchen,788733.0070484618,571865.1741588258,1009139.3916877572
2025-04-22,Home & Kitchen,779232.021390672,567584.1745732625,1004170.1334649185
2025-04-23,Home & Kitchen,760862.0775426091,530934.8177023082,1004395.1811882609
2025-04-24,Home & Kitchen,780142.944351671,559986.1728512286,994857.5901539533
2025-04-25,Home & Kitchen,770063.8904336737,560217.1289584881,994885.7852388971
2025-04-26,Home & Kitchen,1254357.0064969982,1035140.849049038,1471517.5168535423
2025-04-27,Home & Kitchen,1282799.8716117984,1048589.0804659277,1506128.0800585023
2025-04-28,Home & Kitchen,818092.473171524,609095.1914639474,1041591.3640072544
2025-04-29,Home & Kitchen,809476.2809154646,581842.3299083582,1035674.2152042338
2025-04-30,Home & Kitchen,791451.2079091067,567275.3228607151,1006452.1118301692
2025-05-01,Home & Kitchen,810553.3069209452,580128.3822346695,1031738.6674383914
2025-05-02,Home & Kitchen,799743.0967214062,582440.9551390097,1014566.1662943735
2025-05-03,Home & Kitchen,1283040.6449102028,1069655.1003524405,1497278.1969352101
2025-05-04,Home & Kitchen,1309767.5536160676,1080150.7849518943,1533857.4000370128
2025-05-05,Home & Kitchen,842649.0669117444,634560.5433057876,1065465.9785118531
2025-05-06,Home & Kitchen,831469.7201875142,625327.8531970519,1052096.9886202095
2025-05-07,Home & Kitchen,810555.91270723,591041.2417847659,1024889.6593574767
2025-05-08,Home & Kitchen,826541.3282865421,610258.0836369941,1025352.2958866518
2025-05-09,Home & Kitchen,812432.0958187082,569833.3518093927,1018415.7637359597
2025-05-10,Home & Kitchen,1292601.4507452094,1070983.3526931428,1496018.0541448612
2025-05-11,Home & Kitchen,1315969.1002330089,1091251.7648422252,1544913.0169350093
2025-05-12,Home & Kitchen,845326.8794914468,613861.7457268888,1067138.2761023706
2025-05-13,Home & Kitchen,831029.6901234234,625012.8844905671,1043485.9936218398
2025-05-14,Home & Kitchen,807242.7908210137,592980.6155388965,1028951.8302207907
2025-05-15,Home & Kitchen,820694.471119106,590598.2201531802,1025083.6458624682
2025-05-16,Home & Kitchen,804418.0140993198,593290.7244359383,1025234.3195055313
2025-05-17,Home & Kitchen,1283106.3476849946,1076887.5142878394,1515892.8390941606
2025-05-18,Home & Kitchen,1305229.6347241125,1099384.9824150824,1533357.7768541498
2025-05-19,Home & Kitchen,833585.7359908869,606741.0217432969,1058209.4573071338
2025-05-20,Home & Kitchen,819028.0735294308,591912.5727526272,1035283.2432352233
2025-05-21,Home & Kitchen,795479.6083441381,565676.0807170913,1019684.2608685965
2025-05-22,Home & Kitchen,809675.013428294,598195.4540043474,1040000.7648308886
2025-05-23,Home & Kitchen,794581.8984383082,572346.326440372,1017772.5482259176
2025-05-24,Home & Kitchen,1275118.0537933626,1054032.7787433413,1495413.0643983933
2025-05-25,Home & Kitchen,1299209.937025998,1075771.695692487,1519742.9677319704
2025-05-26,Home & Kitchen,829570.6050301413,622732.9403861568,1054481.378687527
2025-05-27,Home & Kitchen,817467.0790785961,607212.2738215422,1047733.0440460081
2025-05-28,Home & Kitchen,796503.4253104758,567432.9343349175,1025564.803975992
2025-05-29,Home & Kitchen,813354.6115941267,600147.3616452846,1038735.5721216534
2025-05-30,Home & Kitchen,800868.88352197,575807.2610245915,1029704.0523371429
2025-05-31,Home & Kitchen,1284149.1400321666,1047535.8819252705,1492234.6346369544
2025-06-01,Home & Kitchen,1310553.4586756125,1084341.0279861891,1516646.9042429181
2025-06-02,Home & Kitchen,842701.2098317834,611802.1888294199,1062541.2201424486
2025-06-03,Home & Kitchen,832280.1846145916,615796.7932395726,1061075.6349361495
2025-06-04,Home & Kitchen,812598.5795661587,605796.824977285,1027734.9692246156
2025-06-05,Home & Kitchen,830309.8839496344,599591.3798261106,1045261.9044447696
2025-06-06,Home & Kitchen,818195.3170934906,589851.3931572976,1046194.8490845736
2025-06-07,Home & Kitchen,1301607.8400160954,1086066.923400394,1532455.492889921
2025-06-08,Home & Kitchen,1327412.8613933648,1111140.704103578,1542681.01065678
2025-06-09,Home & Kitchen,858220.3662617903,647284.2518652105,1084917.1713652397
2025-06-10,Home & Kitchen,846229.3925784399,629946.901456277,1063633.2690555889
2025-06-11,Home & Kitchen,824546.3288611894,603485.6009996412,1048734.236103272
2025-06-12,Home & Kitchen,839898.1385147028,632113.7175304741,1062815.1377558047
2025-06-13,Home & Kitchen,825092.14093503,600782.1659632452,1058041.4666863065
2025-06-14,Home & Kitchen,1305819.9959598046,1086151.867959098,1524336.1735321719
2025-06-15,Home & Kitchen,1328536.0588428727,1115545.487156788,1539133.998961977
2025-06-16,Home & Kitchen,855913.1964083884,637747.7483329307,1075159.4857916797
2025-06-17,Home & Kitchen,840722.5571819394,627822.4521992198,1055789.9128173662
2025-06-18,Home & Kitchen,815916.4580610371,597185.8553330917,1027150.0164330096
2025-06-19,Home & Kitchen,828328.6025679326,605153.8723099652,1051349.9708475429
2025-06-20,Home & Kitchen,810810.2818783514,578995.5218612112,1049101.874374959
2025-06-21,Home & Kitchen,1289393.8537531516,1058604.2308318596,1496452.591515549
2025-06-22,Home & Kitchen,1310108.7268376746,1088083.5661431341,1523949.615619334
2025-06-23,Home & Kitchen,835661.303140954,623883.9762246957,1058104.9939426368
2025-06-24,Home & Kitchen,819350.9254942606,591452.3324612555,1041982.6385807794
2025-06-25,Home & Kitchen,793918.6554582922,577079.5478654926,1014230.0016285545
2025-06-26,Home & Kitchen,806236.1674089287,584994.2207872985,1029264.4538511757
2025-06-27,Home & Kitchen,789120.3813659421,571688.4631205866,1003867.7547764926
2025-06-28,Home & Kitchen,1268858.718972585,1053491.5183593435,1490100.0072804743
2025-06-29,Home & Kitchen,1290965.2033034659,1050135.0272388249,1515197.8923759018
2025-06-30,Home & Kitchen,818087.1445018807,591154.8811048437,1035069.3015488104
2025-07-01,Home & Kitchen,803959.93551045,575858.5004469362,1025489.729900049
2025-07-02,Home & Kitchen,781024.3682292333,555135.7740758628,1006335.7783958437
2025-07-03,Home & Kitchen,796106.7493729774,566465.8059020987,1004394.3278865558
2025-07-04,Home & Kitchen,781914.3359789776,549419.4060755648,997598.0187401064
2025-07-05,Home & Kitchen,1264924.4955290053,1043246.7285348756,1482472.8405404433
2025-07-06,Home & Kitchen,1290082.7432196904,1077742.4678900614,1504020.9663003834
2025-07-07,Home & Kitchen,819937.6352806492,597693.1614674727,1060524.1261768825
2025-07-08,Home & Kitchen,808635.4784523618,597913.0888033062,1030368.6626383738
2025-07-09,Home & Kitchen,788306.8209682006,567955.142898326,1008674.8650448924
2023-01-01,Personal Care,206245.31901210028,174478.39911857463,241344.16602812894
2023-01-02,Personal Care,132387.50507938364,98168.07163238431,167220.92528565766
2023-01-03,Personal Care,133153.43886271497,100033.16904133494,167793.49460020952
2023-01-04,Personal Care,132661.7416022207,99957.15518829085,169260.00976751556
2023-01-05,Personal Care,133277.1059855575,98266.22921830729,170240.85876021342
2023-01-06,Personal Care,134736.954007831,100390.23421713882,167415.37496566444
2023-01-07,Personal Care,211823.0872522294,178766.95753813814,248820.60322760534
2023-01-08,Personal Care,208816.64133514432,173423.0750511602,242886.08399824443
2023-01-09,Personal Care,135225.38439685374,99730.68036678033,170720.4721381308
2023-01-10,Personal Care,136141.19119056925,103360.6245581155,169933.86754166137
2023-01-11,Personal Care,135716.1250944545,103209.31193767687,169380.51920894126
2023-01-12,Personal Care,136314.90335311525,98730.65604409183,169996.25405871106
2023-01-13,Personal Care,137678.24266213615,102119.96753542905,171733.98068862452
2023-01-14,Personal Care,214559.0034757839,180295.47444795413,249160.84793886013
2023-01-15,Personal Care,211315.99678368127,177905.60977881972,243869.655074553
2023-01-16,Personal Care,137460.95054929433,104454.99825494211,172165.39811253626
2023-01-17,Personal Care,138029.17964793585,101049.1330448144,171136.21371194246
2023-01-18,Personal Care,137217.653418571,101013.90166558155,169706.91472167557
2023-01-19,Personal Care,137400.99271512945,104030.36593019462,169684.882532357
2023-01-20,Personal Care,138331.2956146717,104355.72762176918,171674.5991462
2023-01-21,Personal Care,214738.6252853809,179558.25814244262,247606.13356597503
2023-01-22,Personal Care,211063.57826952336,177439.16150661962,247740.84158671723
2023-01-23,Personal Care,136823.8883740171,103365.87311339825,172726.69539008234
2023-01-24,Personal Care,136998.32120166288,102694.59867269486,171453.61117246695
2023-01-25,Personal Care,135826.8124031297,98585.35380100878,168621.3094982599
2023-01-26,Personal Care,135690.13372936018,100098.84418071645,169469.0169852939
2023-01-27,Personal Care,136346.38225478717,100945.51098410848,170432.46452876797
2023-01-28,Personal Care,212496.03437927383,177164.76531788657,247551.36027566608
2023-01-29,Personal Care,208653.52935859148,172865.27932739788,241949.2597925032
2023-01-30,Personal Care,134333.7869634905,100973.51044076716,170267.62798681072
2023-01-31,Personal Care,134449.616158219,100324.80264892714,171214.4925495436
2023-02-01,Personal Care,133274.21791705856,98985.14814610347,170670.6285996145
2023-02-02,Personal Care,133184.809121607,99069.42706783816,166581.57647189623
2023-02-03,Personal Care,133936.0506226611,99913.7986248005,167918.72852223186
2023-02-04,Personal Care,210189.9211492394,177060.94015431716,244808.7282264262
2023-02-05,Personal Care,206526.54157762122,172732.171975312,241421.56162923467
2023-02-06,Personal Care,132450.7969420979,98275.065491074,167466.34386970804
2023-02-07,Personal Care,132803.41126164224,97764.28002945556,168531.89909170958
2023-02-08,Personal Care,131885.92466111333,96750.99582439764,167030.69389831403
2023-02-09,Personal Care,132068.34061812854,98584.80989399462,166579.66293526965
2023-02-10,Personal Care,133099.51427735787,100289.60701958952,165282.16707281573
2023-02-11,Personal Care,209601.82457316064,174078.2079118366,242759.97978526622
2023-02-12,Personal Care,206221.17703596439,171434.60861574166,240297.38907166192
2023-02-13,Personal Care,132453.63134122585,98616.96596874323,166594.4903424146
2023-02-14,Personal Care,133070.01170216466,98795.66535934512,166466.2974115613
2023-02-15,Personal Care,132403.20191858473,97461.20303886799,167833.04571719354
2023-02-16,Personal Care,132819.64033920263,98759.27054381983,169661.47319964395
2023-02-17,Personal Care,134066.48058617138,98963.56007368317,165392.15097842246
2023-02-18,Personal Care,210730.86912386233,174134.9848738774,244196.9457664816
2023-02-19,Personal Care,207528.93615161953,171304.15881868126,241759.3324561248
2023-02-20,Personal Care,133952.24753138382,97973.49586897079,166197.17449793045
2023-02-21,Personal Care,134705.78533751267,100714.53003786832,167485.45744705258
2023-02-22,Personal Care,134157.41692674783,100525.56431297713,166435.79233715948
2023-02-23,Personal Care,134673.1200325169,101267.89240143367,169433.63295661437
2023-02-24,Personal Care,136000.82841666744,100766.71336289798,168859.61321191856
2023-02-25,Personal Care,212694.26008425135,179606.76605245838,248859.36526542067
2023-02-26,Personal Care,209540.87547149186,174383.4812479189,244701.25780079077
2023-02-27,Personal Care,136028.16701244575,100252.62309932214,168672.32658092098
2023-02-28,Personal Care,136795.05591295948,101304.37114238438,172748.48754285686
2023-03-01,Personal Care,136243.61164162954,100861.48660450529,169118.6086519051
2023-03-02,Personal Care,136738.11029667224,102399.02351335228,171138.15103528113
2023-03-03,Personal Care,138025.6904684138,104255.96553029509,173441.65294871342
2023-03-04,Personal Care,214624.8741015527,180022.87304849076,246866.49901113557
2023-03-05,Personal Care,211392.64464313397,175720.50680543765,247359.84686756882
2023-03-06,Personal Care,137810.73110451904,102303.54918994805,171932.98312076612
2023-03-07,Personal Care,138450.5754420006,103733.55041771245,170715.5865816643
2023-03-08,Personal Care,137747.44778173222,102002.3727358282,169869.0564630772
2023-03-09,Personal Care,138063.4679764517,102924.20334461448,171384.54751283774
2023-03-10,Personal Care,139145.18040324992,104068.40625127609,172154.37346078613
2023-03-11,Personal Care,215476.84992616143,182860.99098271417,248783.324877015
2023-03-12,Personal Care,211986.71202684107,179798.58434380795,245641.4010679418
2023-03-13,Personal Care,138153.26985206592,102828.58399835818,170145.4207833885
2023-03-14,Personal Care,138483.81526882146,102422.67450477886,174659.43961748737
2023-03-15,Personal Care,137450.88682413567,103717.69025176493,171182.39863341366
2023-03-16,Personal Care,137419.16612299017,101483.98952687596,173711.9794902582
2023-03-17,Personal Care,138139.84980405457,104568.23548914293,174058.63081039418
2023-03-18,Personal Care,214068.56871599628,181391.166013445,248182.71906553066
2023-03-19,Personal Care,210210.63243106048,175694.03154101633,242398.85176390826
2023-03-20,Personal Care,136047.14143180716,100406.9986891376,167745.97961300716
2023-03-21,Personal Care,136026.85007129365,100147.41032772721,172633.57628766054
2023-03-22,Personal Care,134664.7485823297,101318.84427576236,171961.34605333587
2023-03-23,Personal Care,134332.6161303369,101350.20524335826,169451.06806558667
2023-03-24,Personal Care,134789.9800061113,102648.75129682642,167910.66535971776
2023-03-25,Personal Care,210466.46388312962,176331.4483825281,243790.201392915
2023-03-26,Personal Care,206445.85568437583,171933.17715241166,240123.449707883
2023-03-27,Personal Care,132211.8938094051,98869.40432983357,168444.44575855433
2023-03-28,Personal Care,132153.36678692713,97541.27880612695,165612.62403359293
2023-03-29,Personal Care,130824.754979799,94885.76009235221,164691.15687936873
2023-03-30,Personal Care,130600.42070718356,96930.6304590755,165682.7899485907
2023-03-31,Personal Care,131242.18225103145,95624.36887668529,167207.61616649912
2023-04-01,Personal Care,207146.1670353014,175168.13768515742,242010.1284024079
2023-04-02,Personal Care,203465.82649597037,167362.73706117037,236450.6953950001
2023-04-03,Personal Care,129677.56588824111,96535.64679857844,164218.94376614195
2023-04-04,Personal Care,130099.29251819279,94096.63866260546,163297.70574305896
2023-04-05,Personal Care,129313.366524319,94882.16795006326,163642.0130237006
2023-04-06,Personal Care,129684.70880644997,95187.12514107084,164007.74880216815
2023-04-07,Personal Care,130965.2945605716,98813.96025453026,164657.47326088275
2023-04-08,Personal Care,207505.83187425236,173191.734115553,241735.49424173456
2023-04-09,Personal Care,204518.05089397743,169033.80322855717,240534.1418048199
2023-04-10,Personal Care,131460.5019422751,97191.04182889061,164610.1850876574
2023-04-11,Personal Care,132570.86492428606,96943.19185929807,167017.70652661458
2023-04-12,Personal Care,132451.5002336103,99967.26138099877,166700.8362337301
2023-04-13,Personal Care,133451.73495658798,99431.69409998998,166967.9512976702
2023-04-14,Personal Care,135309.49749754288,99861.98343404924,167200.90830440764
2023-04-15,Personal Care,212327.99686048407,178826.05330262432,245665.92541545237
2023-04-16,Personal Care,209777.4089041391,174022.13777997738,244376.08306307747
2023-04-17,Personal Care,137100.90826954512,104189.53486408447,170761.8596767134
2023-04-18,Personal Care,138460.7439462387,104060.54332963744,169600.3455542435
2023-04-19,Personal Care,138486.33318446102,106299.07790308402,171120.55096216095
2023-04-20,Personal Care,139520.6070067801,105238.2009439412,172400.47427614804
2023-04-21,Personal Care,141298.6070362766,105452.73556741785,176339.67245427173
2023-04-22,Personal Care,218088.93042665473,186660.01101034513,254586.688314986
2023-04-23,Personal Care,215234.5273252659,182495.57903936802,250214.65782785162
2023-04-24,Personal Care,142178.63701491093,109252.70439625403,178889.06532534544
2023-04-25,Personal Care,143024.26445503553,108006.62663576209,175367.53125338507
2023-04-26,Personal Care,142444.4258136022,106782.8942101352,175855.2038997045
2023-04-27,Personal Care,142792.1462052513,110236.25142188912,176923.34680209798
2023-04-28,Personal Care,143815.60667628306,108209.44482200286,178190.40122741598
2023-04-29,Personal Care,219763.94902704272,184283.05514851163,253958.90719565435
2023-04-30,Personal Care,216066.79611824336,183272.7548893853,253216.91561975572
2023-05-01,Personal Care,142179.7321572115,109149.68240206028,176735.33394924726
2023-05-02,Personal Care,142156.85842639333,108349.5589259533,175675.85771660114
2023-05-03,Personal Care,140722.9161863853,106506.27504011025,176067.43199820362
2023-05-04,Personal Care,140246.7178818189,107022.53296299363,175882.03439610515
2023-05-05,Personal Care,140492.68740823193,106254.99946902573,175514.90958615104
2023-05-06,Personal Care,215690.9346584358,178520.11630889613,252115.18258109438
2023-05-07,Personal Care,211355.47816428775,178014.9322030753,246648.47929105902
2023-05-08,Personal Care,136949.31972107317,102011.02078286657,169887.77914993177
2023-05-09,Personal Care,136470.199266036,101350.5987004656,168694.9312571907
2023-05-10,Personal Care,134684.78200443272,100217.84660012362,171057.06664590316
2023-05-11,Personal Care,133965.77204990198,100312.85937981227,168023.48170042792
2023-05-12,Personal Care,134080.1505208759,99691.7790528591,169426.8675248305
2023-05-13,Personal Care,209223.87181601056,172909.9068699894,245501.3791632933
2023-05-14,Personal Care,204979.17856553252,170481.24784583357,238976.23942128415
2023-05-15,Personal Care,130799.68794335626,96540.03326068692,165950.31610688224
2023-05-16,Personal Care,130609.77903621478,97334.23551886449,166209.83656258386
2023-05-17,Personal Care,129201.28161521336,94214.47472158892,162031.65869691697
2023-05-18,Personal Care,128934.70171056449,90492.27641745823,165337.4279148829
2023-05-19,Personal Care,129564.5672691466,93990.19969554579,164300.54569207554
2023-05-20,Personal Care,205239.12481175174,172168.61065559642,238626.576917631
2023-05-21,Personal Care,201597.08388877768,168239.32249033576,238968.4636385954
2023-05-22,Personal Care,128073.00139856465,93632.2851853401,162258.03661799172
2023-05-23,Personal Care,128510.52913529794,97165.83519964355,166040.01483225293
2023-05-24,Personal Care,127721.76716590764,93511.9812470194,161923.70555667442
2023-05-25,Personal Care,128052.69496801087,92996.55644356836,164309.20780608957
2023-05-26,Personal Care,129245.64676331292,93141.29296192246,164882.47000804308
2023-05-27,Personal Care,205403.9587301708,170195.7313928883,242403.9603498191
2023-05-28,Personal Care,202228.02292365805,166445.51527265806,236354.20315617902
2023-05-29,Personal Care,129140.78303115434,93517.80005628546,161685.0767783975
2023-05-30,Personal Care,129914.59468195622,97490.82402797154,163570.32125048936
2023-05-31,Personal Care,129392.94243936636,96588.86062068104,163700.77715766302
2023-06-01,Personal Care,129919.73089237224,96146.26603336596,164867.85767301865
2023-06-02,Personal Care,131238.50957330142,94785.45529924118,166230.48777973448
2023-06-03,Personal Care,207421.66729875535,171879.61926083823,241488.8834200279
2023-06-04,Personal Care,204245.3805967179,171287.4535985452,238612.32679307426
2023-06-05,Personal Care,131134.8065199451,98055.86138580028,165848.54313021616
2023-06-06,Personal Care,131804.1539960521,97288.37500433618,166832.18718854088
2023-06-07,Personal Care,131140.38705451827,96108.23357512595,165349.41851050063
2023-06-08,Personal Care,131496.03378243695,98173.85608223986,167655.10610533075
2023-06-09,Personal Care,132624.8639245051,96803.25817807451,168790.5601194479
2023-06-10,Personal Care,208575.38720869555,175509.7532992715,243146.27680327577
2023-06-11,Personal Care,205204.513758927,171405.8075914726,241663.30465070563
2023-06-12,Personal Care,131942.32738901296,96707.95520203537,164397.15386685779
2023-06-13,Personal Care,132445.32048383183,96748.08609265629,169785.9781978013
2023-06-14,Personal Care,131642.10600442134,98189.78284070123,166729.08811659442
2023-06-15,Personal Care,131889.83628422726,97688.56885464548,165557.5883484044
2023-06-16,Personal Care,132946.4914903531,100242.08341664252,167716.60381930234
2023-06-17,Personal Care,208828.90146478932,175202.03984301045,243617.99885537065
2023-06-18,Personal Care,205465.39206266735,170605.4904957056,240219.8769447151
2023-06-19,Personal Care,132280.45924896217,96630.90536042328,167851.17696933556
2023-06-20,Personal Care,132861.5239087328,99042.02339357296,169737.22951298763
2023-06-21,Personal Care,132167.03438622196,97979.8733020734,164673.05414143446
2023-06-22,Personal Care,132546.8908809172,100496.49178780368,165845.7009068456
2023-06-23,Personal Care,133751.7420443499,98279.67077463485,166308.9311655397
2023-06-24,Personal Care,209755.917180231,174600.5591605354,243190.8721230195
2023-06-25,Personal Care,206549.42297089746,173654.28723981782,240058.70474651566
2023-06-26,Personal Care,133542.8493643311,97998.29870438481,168726.9193591263
2023-06-27,Personal Care,134247.93149060418,100103.9762044169,168518.30089001794
2023-06-28,Personal Care,133648.2772281509,97537.34753349415,167748.95410803374
2023-06-29,Personal Care,134083.97161685364,100153.23463092487,167433.4070509076
2023-06-30,Personal Care,135297.9903571088,103719.0686559328,169943.2216990456
2023-07-01,Personal Care,211224.08184472343,175576.88687997533,246574.95704802198
2023-07-02,Personal Care,207918.08292077374,173550.30382161762,242664.07008631094
2023-07-03,Personal Care,134782.95490401637,100739.41269619773,166944.27059295884
2023-07-04,Personal Care,135262.9833770333,104326.21792881447,167936.86715662875
2023-07-05,Personal Care,134376.89867404327,101165.58616215437,165379.71161405032
2023-07-06,Personal Care,134466.3719820898,99910.01485381638,166714.0484542598
2023-07-07,Personal Care,135279.20954621607,100970.30142219475,169367.12496850232
2023-07-08,Personal Care,210721.8103098723,176789.1540046012,246473.53114020175
2023-07-09,Personal Care,206929.39947035623,172303.7589078619,239379.2648953097
2023-07-10,Personal Care,133310.7783643443,98964.31765149054,165197.69752501516
2023-07-11,Personal Care,133255.7431872703,100437.32140306891,168073.8249379357
2023-07-12,Personal Care,131830.18933854884,97380.39631982596,166215.200059975
2023-07-13,Personal Care,131388.11250234937,98100.60122966711,164166.79474980783
2023-07-14,Personal Care,131691.23088630175,98086.96678407176,165465.13102158907
2023-07-15,Personal Care,206625.71075834509,171515.34615395614,239680.4636736298
2023-07-16,Personal Care,202411.06450611263,167571.5576200019,238574.35511903392
2023-07-17,Personal Care,128464.42373063674,94468.29973827055,160378.15822002123
2023-07-18,Personal Care,128121.05492131898,92319.2324494796,161356.2975041499
2023-07-19,Personal Care,126491.3986754035,90579.51277385972,160110.6742568487
2023-07-20,Personal Care,125936.6019347876,91300.54304923418,162886.33537401663
2023-07-21,Personal Care,126224.66942049087,91174.90178342481,161977.50616589654
2023-07-22,Personal Care,201211.63093713688,168261.0672042783,234678.98032788458
2023-07-23,Personal Care,197189.3460915332,163770.61935887768,228814.37337105238
2023-07-24,Personal Care,123569.6045044154,87564.23998090203,159222.6291436715
2023-07-25,Personal Care,123618.09578851039,86799.70678755168,158137.15311280006
2023-07-26,Personal Care,122473.78444746244,88044.93154212052,155061.67064361318
2023-07-27,Personal Care,122488.4062395738,86678.3863877644,157361.4553137438
2023-07-28,Personal Care,123419.60163018461,88664.30242044483,158457.59128754423
2023-07-29,Personal Care,199076.98456845924,165248.76475336,232343.44858562815
2023-07-30,Personal Care,195809.30720283592,161540.3746827079,231849.45783506025
2023-07-31,Personal Care,123008.82104352256,89368.21433324712,158499.8558783465
2023-08-01,Personal Care,123859.10290861216,89397.24272788438,157960.41176287617
2023-08-02,Personal Care,123517.12322724481,91451.58877993531,157813.73245794897
2023-08-03,Personal Care,124317.00971572904,88067.29181882195,158697.3400614037
2023-08-04,Personal Care,126000.40246790483,92374.90281661645,162496.79853161867
2023-08-05,Personal Care,202327.59298901263,166120.96173007356,237252.39319930578
2023-08-06,Personal Care,199704.1415978461,165309.39634990713,232421.7816870571
2023-08-07,Personal Care,127505.51314806861,93999.17385163902,162034.6000803041
2023-08-08,Personal Care,128838.69263263936,93875.72474846254,163830.8693623781
2023-08-09,Personal Care,128886.80215696729,94679.73942913025,165096.24215603783
2023-08-10,Personal Care,129976.91271499006,93273.59058908069,162180.38794534866
2023-08-11,Personal Care,131847.33306889143,99242.58494323454,164738.97987476405
2023-08-12,Personal Care,208223.47064368814,173407.1179364248,242657.4506493545
2023-08-13,Personal Care,205583.50240526962,170154.5486784109,240042.00312950864
2023-08-14,Personal Care,133302.8464765948,96733.15336685251,164569.46506381963
2023-08-15,Personal Care,134429.10168818317,98672.23412278785,169226.36395352843
2023-08-16,Personal Care,134188.73382125885,100667.01720642885,168967.81816935338
2023-08-17,Personal Care,134918.45615627794,100692.40454384306,167609.9457695215
2023-08-18,Personal Care,136368.98668824477,100846.75656629271,169891.98083333654
2023-08-19,Personal Care,212245.1927500539,178461.1454710694,249274.849001133
2023-08-20,Personal Care,209110.41727355853,174839.52405410516,243702.92021793636
2023-08-21,Personal Care,136350.4398351402,101439.41159681269,172054.16999792232
2023-08-22,Personal Care,136961.4554486884,103583.43127494366,173610.52403029034
2023-08-23,Personal Care,136218.61550492767,104341.59067881448,170439.44298522227
2023-08-24,Personal Care,136470.83901510175,103406.48783172488,171306.11036134468
2023-08-25,Personal Care,137480.98074048155,100575.86633601775,174433.51679233456
2023-08-26,Personal Care,212930.28460856527,177970.33282975387,247569.39197988482
2023-08-27,Personal Care,209461.47234807484,175035.08883663514,242054.0891438909
2023-08-28,Personal Care,136462.3799238513,98927.96943248324,168769.37922646216
2023-08-29,Personal Care,136867.2354857165,104204.72709613452,173510.84311338092
2023-08-30,Personal Care,135987.38028911798,102668.5661709539,172448.3926347729
2023-08-31,Personal Care,136169.89422951313,101574.87387322896,170319.126872146
2023-09-01,Personal Care,137174.60339009634,104476.94809905752,172383.8224606206
2023-09-02,Personal Care,212643.30501889606,175672.44373299193,247029.03581496121
2023-09-03,Personal Care,209282.09820827126,174657.5192733067,242951.7468594152
2023-09-04,Personal Care,136465.18632168465,101547.10515068106,170468.68973393785
2023-09-05,Personal Care,137049.93405308187,98821.20517859841,172569.20075115786
2023-09-06,Personal Care,136370.2223671637,101940.98957104512,171083.51099866274
2023-09-07,Personal Care,136759.31074135925,102889.68843610553,172755.08016943728
2023-09-08,Personal Care,137964.05582434408,102553.72481476377,170791.34511325342
2023-09-09,Personal Care,213579.22046398238,177752.48776890934,250116.94000458127
2023-09-10,Personal Care,210369.28823337556,176919.88583768165,246459.38509164003
2023-09-11,Personal Care,137692.59991053815,101563.5789810324,169875.0945675266
2023-09-12,Personal Care,138330.27266950908,103584.70849027265,175406.27422172076
2023-09-13,Personal Care,137642.1875614336,105628.26163627903,172064.61530375533
2023-09-14,Personal Care,137954.0032569372,103526.10884582056,171563.66523803934
2023-09-15,Personal Care,139008.41586012955,103066.45218532596,170863.38581787035
2023-09-16,Personal Care,214364.30350982287,179543.81145085266,250129.33190117756
2023-09-17,Personal Care,210857.70421025855,178583.17739177577,248187.95026486606
2023-09-18,Personal Care,137845.90269459801,104208.97274486058,171050.67036288104
2023-09-19,Personal Care,138049.77579495768,103903.04698826354,170411.85879911415
2023-09-20,Personal Care,136871.93662527995,105242.51405022752,170405.1360700704
2023-09-21,Personal Care,136647.39776561043,102994.73085300428,171893.71823032602
2023-09-22,Personal Care,137131.35843066478,102739.64376723095,171767.68381785828
2023-09-23,Personal Care,211862.67403523167,176183.50910309787,245247.57745152534
2023-09-24,Personal Care,207763.54112826363,175840.58054803786,239414.64843288393
2023-09-25,Personal Care,134202.9401638627,99336.20887728025,167423.58920799845
2023-09-26,Personal Care,133852.19209624233,99133.89008742623,168303.2112460089
2023-09-27,Personal Care,132164.75185110146,99208.50392994104,168242.75835834318
2023-09-28,Personal Care,131490.3026474755,97974.59526640156,165022.06689632876
2023-09-29,Personal Care,131598.84725211695,99931.86648373163,165091.14462617968
2023-09-30,Personal Care,206008.47153444635,171316.75687544,240571.35931299307
2023-10-01,Personal Care,201723.27573802433,167113.23988302823,236359.2110049797
2023-10-02,Personal Care,128116.91438334169,94936.12159358342,162061.8325154176
2023-10-03,Personal Care,127801.20633267536,92503.17203559855,164891.0248253214
2023-10-04,Personal Care,126267.56062167168,90204.71622941695,161011.70504988448
2023-10-05,Personal Care,125865.11072221788,92222.2059320825,158653.6714638529
2023-10-06,Personal Care,126361.41774750016,90321.92836249346,159575.6826379307
2023-10-07,Personal Care,201234.981447387,166177.88987960044,232353.65466260695
2023-10-08,Personal Care,197551.94339564338,163494.0997950008,231341.6999980694
2023-10-09,Personal Care,124670.18903230462,89014.04176520256,159054.0356355947
2023-10-10,Personal Care,125121.64232594134,93052.70404458871,160086.01266080324
2023-10-11,Personal Care,124415.8650589859,89650.30654679053,160312.85337025367
2023-10-12,Personal Care,124882.78623200601,88800.52026017895,160200.25973558615
2023-10-13,Personal Care,126270.54693861381,91024.00997428551,159115.31479704927
2023-10-14,Personal Care,202003.24802701265,167222.22721909353,236422.85135997192
2023-10-15,Personal Care,199196.8599594206,165533.6748133817,234722.35365370451
2023-10-16,Personal Care,127184.25476142777,93287.04850542372,161193.88069951956
2023-10-17,Personal Care,128411.47531867171,94898.69647985081,164348.83962231895
2023-10-18,Personal Care,128403.71181033582,93602.9850828776,162596.80546011578
2023-10-19,Personal Care,129472.73733719629,93250.66475003505,163027.7123950132
2023-10-20,Personal Care,131351.90921577244,97134.32527605585,164691.51210394315
2023-10-21,Personal Care,207419.5236957987,175106.56577308816,243432.4309490194
2023-10-22,Personal Care,204852.38379342685,170843.4392492503,239537.61320828763
2023-10-23,Personal Care,132972.41844036154,99024.66781490784,169423.90761686905
2023-10-24,Personal Care,134157.8059382213,97273.59724552424,167922.77268046225
2023-10-25,Personal Care,133968.5294779739,99136.85457430602,167571.81998898645
2023-10-26,Personal Care,134719.50441144986,103179.5809690554,168983.26678024535
2023-10-27,Personal Care,136151.81613700476,103543.78846252771,170763.51935776576
2023-10-28,Personal Care,211621.497942258,178290.56155669317,246557.11076137217
2023-10-29,Personal Care,208387.80509165186,174279.31608301963,240604.97546286555
2023-10-30,Personal Care,135784.97118979596,99927.6286952262,171503.490094627
2023-10-31,Personal Care,136146.19526834844,100593.2914476276,169339.25793413303
2023-11-01,Personal Care,135085.22718472348,98151.46865906143,169578.28491132671
2023-11-02,Personal Care,134937.67195554572,98750.21909100117,170597.91408607402
2023-11-03,Personal Care,135467.15960547127,101422.01570260501,172816.57346534176
2023-11-04,Personal Care,210019.46473063735,174795.1581402019,244566.6478221891
2023-11-05,Personal Care,205944.30705955034,172431.10744392482,241969.78295589326
2023-11-06,Personal Care,132592.87260775364,97842.0699540466,166109.90014007888
2023-11-07,Personal Care,132254.25209622114,96027.51855856995,166933.77131641208
2023-11-08,Personal Care,130593.02608004512,95710.84878358572,166752.21639258973
2023-11-09,Personal Care,129958.81648319683,96606.00049857907,163835.91427553754
2023-11-10,Personal Care,130127.55698439122,96828.89527212357,165052.32506326618
2023-11-11,Personal Care,204421.216803826,167861.81426134807,239264.70669088355
2023-11-12,Personal Care,200263.47711102027,165792.94376413783,233798.7856738224
2023-11-13,Personal Care,127003.4438343031,94216.97195028276,162205.54682090328
2023-11-14,Personal Care,126865.03027040475,92096.14917274525,163214.60546027424
2023-11-15,Personal Care,125541.08758056082,92535.63864714433,160803.2896337231
2023-11-16,Personal Care,125374.03256899778,89023.14765409716,159582.28858655217
2023-11-17,Personal Care,126126.11618578633,88719.55682885223,162451.88769924344
2023-11-18,Personal Care,201076.03236935128,166651.28324602215,233908.5135618763
2023-11-19,Personal Care,197691.94069587952,162594.0619897745,230278.61446162083
2023-11-20,Personal Care,125296.44052784631,91695.27495545392,159502.65390002294
2023-11-21,Personal Care,126040.81069251342,91572.67275364899,161269.14475419157
2023-11-22,Personal Care,125624.26794940357,90990.09295725045,158705.38620948553
2023-11-23,Personal Care,126364.20222132602,92861.3603003502,165337.74753478682
2023-11-24,Personal Care,128003.29010420632,90910.22166173911,161758.6700166871
2023-11-25,Personal Care,203775.2965737967,168553.2855657383,237333.4906854138
2023-11-26,Personal Care,201177.4755067658,164558.15251224747,236644.22422509562
2023-11-27,Personal Care,129510.97021238408,92823.85233553052,165121.6286396378
2023-11-28,Personal Care,130864.85835947043,97464.02910852448,165395.28645689762
2023-11-29,Personal Care,130948.5065606391,97285.83685042088,165921.5040731527
2023-11-30,Personal Care,132067.56747769334,98353.1213035912,166080.97397798547
2023-12-01,Personal Care,133956.8938904856,97551.96609721411,167292.39850196804
2023-12-02,Personal Care,209821.95702725666,177682.4937493067,245966.21063802484
2023-12-03,Personal Care,207207.90160035703,171966.9687454425,239622.20971210964
2023-12-04,Personal Care,135414.86879690207,100067.80245495267,168962.7988666185
2023-12-05,Personal Care,136491.30409269955,100420.5959322363,169613.58784053312
2023-12-06,Personal Care,136178.84193557565,105913.82959475805,169429.1408637513
2023-12-07,Personal Care,136793.490329546,101684.67856281193,170445.36888761204
2023-12-08,Personal Care,138083.77805149747,102952.9724396936,171168.5687799615
2023-12-09,Personal Care,213247.24419595496,176161.63054716645,247304.43693876383
2023-12-10,Personal Care,209895.63859465133,177021.93301666196,246308.70293789086
2023-12-11,Personal Care,137344.70754965607,102213.82778397585,172640.12727043778
2023-12-12,Personal Care,137616.36589269855,102769.24976175114,173438.2681423807
2023-12-13,Personal Care,136498.6933951866,99031.48477683509,172345.9051310349
2023-12-14,Personal Care,136323.32266433904,100257.86978646212,173301.90983297105
2023-12-15,Personal Care,136857.44299234648,101670.95692813271,172366.5456751115
2023-12-16,Personal Care,211298.5632316889,177942.2157411758,245817.77371008723
2023-12-17,Personal Care,207311.83283778065,172241.30790662774,242991.27761600856
2023-12-18,Personal Care,134219.8701210894,102642.96431911802,169505.70427560696
2023-12-19,Personal Care,134026.88763998693,100198.53622246611,169201.15595369626
2023-12-20,Personal Care,132542.88754118705,101068.64805418206,168915.4011062979
2023-12-21,Personal Care,132108.16620115723,97764.95994999897,165750.15432861858
2023-12-22,Personal Care,132493.28050429065,99772.37883693825,167117.2590989221
2023-12-23,Personal Care,206883.50505056418,174220.4594728326,240776.4692433542
2023-12-24,Personal Care,202968.17133952622,167875.78491679666,237031.53002422172
2023-12-25,Personal Care,130063.31829480294,97209.3162982114,166291.24324179185
2023-12-26,Personal Care,130141.04141940027,93768.98563791376,166584.07584614126
2023-12-27,Personal Care,129014.5846010834,96569.6993043096,162438.1468291923
2023-12-28,Personal Care,129012.26372097594,94264.6429316192,164431.0775178955
2023-12-29,Personal Care,129891.52884744892,95411.72107576704,163535.0119146022
2023-12-30,Personal Care,204810.5903305244,172914.3903288422,238372.99980893303
2023-12-31,Personal Care,201470.12533996534,168206.61998166871,234798.79017668182
2024-01-01,Personal Care,129169.03897270518,95280.91959272379,162462.68970675024
2024-01-02,Personal Care,129839.25800646201,95417.59679740077,165998.0684755382
2024-01-03,Personal Care,129291.8679424121,96384.88921775276,164508.75973035407
2024-01-04,Personal Care,129840.52979545573,99438.0609248848,166230.277990515
2024-01-05,Personal Care,131229.63748543698,94844.64124732227,165676.75427663
2024-01-06,Personal Care,206593.03888384526,172434.03816426292,240156.904446605
2024-01-07,Personal Care,203647.9662766003,169928.17337225284,236352.11260351655
2024-01-08,Personal Care,131686.70639208675,97901.49424350065,167060.98408306553
2024-01-09,Personal Care,132607.59980825186,100739.74185958743,166125.1670979479
2024-01-10,Personal Care,132230.75532649006,98654.36333580973,166091.86379510333
2024-01-11,Personal Care,132867.94616109988,96461.69918032548,167495.02381344137
2024-01-12,Personal Care,134264.19208157426,100264.73121522406,166017.4746192091
2024-01-13,Personal Care,209553.29067302178,178041.33919204393,243153.73943908277
2024-01-14,Personal Care,206464.20958454994,172108.68138016458,241880.37438514817
2024-01-15,Personal Care,134287.19684987518,99780.95024904674,169926.20957450938
2024-01-16,Personal Care,134931.05366561492,101156.12785454285,167398.70845339078
2024-01-17,Personal Care,134225.9362614127,100997.2529699672,169285.00124538058
2024-01-18,Personal Care,134493.54407070228,98086.59432981828,168850.52643108473
2024-01-19,Personal Care,135489.52120960818,101461.78533387861,168721.9952855123
2024-01-20,Personal Care,210357.6076548608,175259.12575251184,243713.11296187845
2024-01-21,Personal Care,206839.9559438802,173331.2614775254,239992.2824941834
2024-01-22,Personal Care,134237.47483164756,102162.92517625605,167221.50475208875
2024-01-23,Personal Care,134467.2386054932,99242.70546219847,165385.3828527293
2024-01-24,Personal Care,133369.97542290448,101856.45316425122,168646.35952280683
2024-01-25,Personal Care,133275.90126172078,97809.72617991507,163370.03044614318
2024-01-26,Personal Care,133948.0619294642,99482.00048090541,167341.62890740644
2024-01-27,Personal Care,208535.27217801512,177104.6317660472,242888.06886510574
2024-01-28,Personal Care,204786.56512384454,170222.1303234799,239018.59945378863
2024-01-29,Personal Care,132006.01017036967,98131.99711595043,166691.07260688796
2024-01-30,Personal Care,132110.52410167435,99607.80884213328,167723.8202171707
2024-01-31,Personal Care,130942.32662418195,96077.20335114427,165060.50752338377
2024-02-01,Personal Care,130830.70728594338,94871.64238074343,166069.44022289375
2024-02-02,Personal Care,131536.5927229169,99980.3277329323,168254.91615450758
2024-02-03,Personal Care,206204.54733845138,170377.71264223062,242061.79676083004
2024-02-04,Personal Care,202590.27766628776,169299.94524353973,238874.99255104532
2024-02-05,Personal Care,129977.93624458431,96059.88786370306,163742.34648719948
2024-02-06,Personal Care,130286.32064397041,96960.29827565164,168251.76905728484
2024-02-07,Personal Care,129349.52180119268,91793.7616077799,164323.9821817431
2024-02-08,Personal Care,129491.10488280928,95124.57441259768,160589.96800444293
2024-02-09,Personal Care,130466.04555221047,96558.30601566895,165769.58214837514
2024-02-10,Personal Care,205434.02276764027,170200.7109243049,239158.28174476745
2024-02-11,Personal Care,202096.0625915953,166250.99051249647,236717.21261220513
2024-02-12,Personal Care,129739.49511560219,94977.9977269621,166843.9043211483
2024-02-13,Personal Care,130319.05204979531,96435.2546179607,166185.19303347927
2024-02-14,Personal Care,129643.71792642392,94046.64551695553,164486.1279673979
2024-02-15,Personal Care,130034.43700511788,92794.25965457785,165129.96042877616
2024-02-16,Personal Care,131243.50602818537,97341.6610315724,165881.38918871098
2024-02-17,Personal Care,206449.52723843255,172513.02155847073,240314.79255447938
2024-02-18,Personal Care,203308.75586677445,171075.753059801,236879.32654225364
2024-02-19,Personal Care,131110.4128800658,93987.37588236677,163782.3728340138
2024-02-20,Personal Care,131849.4447816418,96892.6040060555,168776.08985280953
2024-02-21,Personal Care,131313.78310226253,97838.43061811433,164022.73139825359
2024-02-22,Personal Care,131825.43027643234,100436.55643050096,164113.92984136133
2024-02-23,Personal Care,133137.18643473822,96574.03982406846,165793.12221796776
2024-02-24,Personal Care,208449.16879728553,175637.21075152195,244865.67734260642
2024-02-25,Personal Care,205374.8004688574,170760.89704877738,239693.64454083715
2024-02-26,Personal Care,133206.44975370166,97354.55702493642,167454.73792997363
2024-02-27,Personal Care,133979.85641798622,101850.5272391497,166539.6191518314
2024-02-28,Personal Care,133461.83633675438,98490.37637247799,171587.0126333627
2024-02-29,Personal Care,133974.8137385877,100656.3179371536,167675.5315963327
2024-03-01,Personal Care,135271.0993083779,102826.90278550007,168926.14645849422
2024-03-02,Personal Care,210570.86235330283,176987.2786633435,245237.7070489052
2024-03-03,Personal Care,207442.77813382275,172413.12065804034,243784.05811051573
2024-03-04,Personal Care,135180.40231107044,100835.51041339195,170205.15250457564
2024-03-05,Personal Care,135859.01883835995,101271.04415902814,171859.18887323578
2024-03-06,Personal Care,135222.64614188482,99725.34598491102,172362.77563210498
2024-03-07,Personal Care,135593.0393131894,100391.92072498199,171134.53323086502
2024-03-08,Personal Care,136721.17975716834,104235.75450020397,169099.46828271225
2024-03-09,Personal Care,211847.88419305545,179266.42823406102,246122.465651191
2024-03-10,Personal Care,208497.05775441142,173605.2994134221,240572.41884442215
2024-03-11,Personal Care,135965.18064417673,99379.18722689485,168495.47722495272
2024-03-12,Personal Care,136369.81945282736,100643.07658792076,170212.54388987605
2024-03-13,Personal Care,135435.00966508547,100856.53431971525,168363.14997172018
2024-03-14,Personal Care,135485.66529807774,100409.62586897082,168067.86091183109
2024-03-15,Personal Care,136276.0496378419,101972.66112627638,170918.2282501611
2024-03-16,Personal Care,211072.55228829425,175466.8200500505,247098.75547264627
2024-03-17,Personal Care,207359.7680466475,174292.09959705026,246384.71612941453
2024-03-18,Personal Care,134442.8062676819,101376.03650540386,167520.95015190484
2024-03-19,Personal Care,134487.27558905794,98018.16717122334,168045.99717786425
2024-03-20,Personal Care,133202.83726550237,100729.05647539215,169469.10976727543
2024-03-21,Personal Care,132922.8080057323,95979.3581822784,163734.4492276918
2024-03-22,Personal Care,133409.39604044665,96566.30141283789,166448.70798023438
2024-03-23,Personal Care,207958.43645835892,175671.3998799566,240149.3467309897
2024-03-24,Personal Care,204018.09962885865,170956.7884041403,236328.34392048806
2024-03-25,Personal Care,130903.84789060029,97313.45178579645,162996.73721613278
2024-03-26,Personal Care,130829.74598708919,95720.85614658675,163320.19591356628
2024-03-27,Personal Care,129490.07135384923,94653.64491059943,164381.25915624437
2024-03-28,Personal Care,129224.09200212308,93445.8687816736,162010.18790063515
2024-03-29,Personal Care,129797.86668443453,94692.69665339764,162548.7109115621
2024-03-30,Personal Care,204531.21942743234,169993.4591241593,239854.89484770564
2024-03-31,Personal Care,200828.71774377502,166545.4707324748,235410.59516435067
2024-04-01,Personal Care,128007.74085153297,90723.82499466036,162434.50584585924
2024-04-02,Personal Care,128321.54956970781,93118.27462398635,164295.74385252956
2024-04-03,Personal Care,127438.36993872352,93001.47279107274,161410.6318744339
2024-04-04,Personal Care,127692.02304324087,93629.4031204329,162670.1686955225
2024-04-05,Personal Care,128840.7527166323,91780.02741926901,161972.57783125096
2024-04-06,Personal Care,204216.52905731,168455.8421358763,240562.70118267235
2024-04-07,Personal Care,201168.16855458033,166244.822971516,236732.10590562533
2024-04-08,Personal Care,129003.6713717875,94177.17905568828,158860.15359906002
2024-04-09,Personal Care,130005.00486796351,94930.87779775515,165048.8703714488
2024-04-10,Personal Care,129804.68171504667,93968.78167827595,162955.74134028994
2024-04-11,Personal Care,130722.93860899092,94425.65902579938,165714.80861539042
2024-04-12,Personal Care,132503.58956880018,99037.74261469308,165977.02145652357
2024-04-13,Personal Care,208486.06057319458,172453.19907842675,243818.32293074223
2024-04-14,Personal Care,205960.78049832178,171017.459947657,239944.66225047215
2024-04-15,Personal Care,134225.9235357309,97686.00168986665,169119.1134139037
2024-04-16,Personal Care,135593.98705486153,100703.26514816195,170737.8599800861
2024-04-17,Personal Care,135665.8859233999,104310.29374881092,170049.8420167943
2024-04-18,Personal Care,136754.64079141285,101007.28203956824,173535.49263912748
2024-04-19,Personal Care,138598.15635136003,104368.05109698136,173372.02527383718
2024-04-20,Personal Care,214553.82660103822,179134.76309021816,249611.60913268855
2024-04-21,Personal Care,211865.9794358811,180520.8464157232,246435.46304544184
2024-04-22,Personal Care,139836.7552638277,107590.87148604619,173274.7786816006
2024-04-23,Personal Care,140824.16499371806,106499.85080703923,173358.4216060478
2024-04-24,Personal Care,140413.3485129731,106220.66017764408,176407.48537336255
2024-04-25,Personal Care,140926.3924644885,102821.7457712398,174028.7889866715
2024-04-26,Personal Care,142111.63452760398,108083.15054833892,175450.08224991147
2024-04-27,Personal Care,217360.43273783958,184109.56728720004,251824.97727341598
2024-04-28,Personal Care,213886.25925354537,181593.5632642418,249343.87604612872
2024-04-29,Personal Care,141009.32650290642,108075.99592550399,177932.3324670388
2024-04-30,Personal Care,141145.7608615364,107075.92152628265,173785.40006639683
2024-05-01,Personal Care,139875.69495564603,105293.93509160969,173346.3814934737
2024-05-02,Personal Care,139538.93058703808,103766.11992460351,172317.45569628483
2024-05-03,Personal Care,139900.5367745028,104785.19164263744,172934.9059472468
2024-05-04,Personal Care,214389.61062811868,182360.77376615984,250056.9824257402
2024-05-05,Personal Care,210189.91210735048,173249.27790204633,245039.70956394638
2024-05-06,Personal Care,136638.1987397399,101702.51492143376,173457.76809632895
2024-05-07,Personal Care,136204.5448503146,100946.20812230854,167985.75089998898
2024-05-08,Personal Care,134457.36712686933,100098.89410794649,167433.44265580722
2024-05-09,Personal Care,133745.0998273731,99093.04315832948,168316.07369647734
2024-05-10,Personal Care,133838.3161765828,98673.40354806649,167686.32308809902
2024-05-11,Personal Care,208190.76745624372,174392.46433367484,244051.1531507102
2024-05-12,Personal Care,203941.89475243032,170048.77039259663,239006.3286728708
2024-05-13,Personal Care,130429.24855270961,95491.14214026865,162989.85638933483
2024-05-14,Personal Care,130160.359952256,95736.96897305429,162265.4246004339
2024-05-15,Personal Care,128675.124933372,93182.69030888125,161453.67755654527
2024-05-16,Personal Care,128313.92469118336,94386.39881988573,162969.8210076125
2024-05-17,Personal Care,128836.69870003368,96944.60444389745,162370.45013150305
2024-05-18,Personal Care,203706.67401766428,171773.81831819637,237123.32670707742
2024-05-19,Personal Care,200005.13833091475,164593.97400779554,232880.35904147304
2024-05-20,Personal Care,127058.29045222992,92025.87233189668,162289.49188434103
2024-05-21,Personal Care,127400.96167630467,94102.66827941155,162048.57701670652
2024-05-22,Personal Care,126536.60092617902,92350.92572944319,161724.46215963337
2024-05-23,Personal Care,126792.01968661232,91637.3319779362,160496.8511253564
2024-05-24,Personal Care,127913.52873807064,92871.44610227301,166487.55351706632
2024-05-25,Personal Care,203373.3992531547,171161.9710761963,235142.4188243766
2024-05-26,Personal Care,200196.86736152665,165222.94167857812,235295.1534007429
2024-05-27,Personal Care,127703.3155725042,93178.9609097365,161280.09594489215
2024-05-28,Personal Care,128461.67721451801,94524.91170781536,162061.93085370492
2024-05-29,Personal Care,127947.79327570157,93936.32544802382,162651.3658567427
2024-05-30,Personal Care,128485.49760225845,93611.96398498054,159745.68346924105
2024-05-31,Personal Care,129819.48610354477,95048.01384173182,162731.53225531444
2024-06-01,Personal Care,205444.14136703656,169184.5239982305,240197.03898598455
2024-06-02,Personal Care,202342.37418060008,165653.37583374375,238211.00916114528
2024-06-03,Personal Care,129840.72660097534,93710.38667100425,165163.53161271432
2024-06-04,Personal Care,130556.04739086707,96370.12483929931,164503.38127955265
2024-06-05,Personal Care,129949.81773024103,95748.47687586679,165044.1966501988
2024-06-06,Personal Care,130355.19481407416,97354.58442016882,166765.7469297268
2024-06-07,Personal Care,131526.26372665528,100300.9838148449,167355.49947311543
2024-06-08,Personal Care,206988.91798042113,173026.37975814444,240712.61687717235
2024-06-09,Personal Care,203691.2814867296,171001.41309517782,236666.17072715776
2024-06-10,Personal Care,130972.53522338052,94223.99301237843,163907.64377345893
2024-06-11,Personal Care,131500.72971217276,97495.55712570483,165076.01848767503
2024-06-12,Personal Care,130724.01347294175,96070.75642136356,165152.4725599252
2024-06-13,Personal Care,130983.63844061503,99182.27268114265,163353.4625013188
2024-06-14,Personal Care,132039.66713603053,98806.79035639249,165075.161034838
2024-06-15,Personal Care,207444.0485613236,173384.53695083776,241302.32343286462
2024-06-16,Personal Care,204102.82246954044,169865.85022917175,239871.93691817945
2024-06-17,Personal Care,131358.9276518058,95088.34675080796,167049.22040111048
2024-06-18,Personal Care,131921.4577283023,100187.26303116103,165617.85028483093
2024-06-19,Personal Care,131214.1374752857,96398.29269910564,165085.61077533723
2024-06-20,Personal Care,131574.66353648345,97888.06927441318,165713.33461766527
2024-06-21,Personal Care,132757.2572921104,99865.18368510429,167838.76420640625
2024-06-22,Personal Care,208328.3315254445,173947.52384587863,241442.90487738335
2024-06-23,Personal Care,205140.86531975665,169701.82196198852,240984.69979547654
2024-06-24,Personal Care,132531.56333622488,97972.9076195078,170467.10609236298
2024-06-25,Personal Care,133241.89394490945,99064.61167249201,169336.86018929258
2024-06-26,Personal Care,132664.1116515259,95968.48930563859,166125.65862184478
2024-06-27,Personal Care,133127.1812848599,99448.63427470409,166289.19564127788
2024-06-28,Personal Care,134376.3668833297,99324.56069525496,167835.12023071587
2024-06-29,Personal Care,209991.61553151853,174869.94108848844,245632.7937504352
2024-06-30,Personal Care,206774.16118956002,171303.39251722215,242304.85602089405
2024-07-01,Personal Care,134058.02303717553,100275.55785722058,166939.15781850804
2024-07-02,Personal Care,134622.74375972824,101181.44838707411,172033.32324268052
2024-07-03,Personal Care,133836.80770888293,99164.96910853877,167763.54446758702
2024-07-04,Personal Care,134029.9341604295,100921.28161523501,168230.95993088256
2024-07-05,Personal Care,134949.42986006115,100966.40327123142,169149.76542467216
2024-07-06,Personal Care,210200.9675795335,175082.75853957914,245134.64008337774
2024-07-07,Personal Care,206547.05573384045,168520.11645110085,239371.58113787798
2024-07-08,Personal Care,133332.4826425125,100816.3988662481,167324.60300080143
2024-07-09,Personal Care,133388.34344269443,98032.23823776173,168935.0305449778
2024-07-10,Personal Care,132072.43635025722,99654.15252411351,165799.85152624792
2024-07-11,Personal Care,131727.51376334784,96145.93887842314,165500.7407707452
2024-07-12,Personal Care,132114.00606819429,95187.26876106161,165834.96938666198
2024-07-13,Personal Care,206872.8332513108,169213.67935717778,238259.026338214
2024-07-14,Personal Care,202735.42049323404,168261.4436751868,236543.2571671617
2024-07-15,Personal Care,129062.82032502648,92605.12517498115,163311.76008268393
2024-07-16,Personal Care,128740.82039274044,95167.74130339552,163233.6346596854
2024-07-17,Personal Care,127117.17693286463,94602.64290474409,160957.7686328236
2024-07-18,Personal Care,126545.75468465162,89675.62670215516,160710.19864635804
2024-07-19,Personal Care,126795.62734059725,91011.01771577165,161940.59213971498
2024-07-20,Personal Care,201536.00266738315,168204.9468720298,236590.18037764935
2024-07-21,Personal Care,197457.93772953,162027.3153013303,232091.19277880504
2024-07-22,Personal Care,123927.36226350133,88122.8125250638,158102.85310542706
2024-07-23,Personal Care,123871.55407070126,89925.87190025316,161328.84554012577
2024-07-24,Personal Care,122613.55222626492,86573.74901371426,155842.8573900326
2024-07-25,Personal Care,122502.57465968748,83929.13164453034,156346.65597680619
2024-07-26,Personal Care,123299.91938635883,87710.39432448137,160345.46363438686
2024-07-27,Personal Care,198686.4505709131,164676.00566357496,233903.35910853298
2024-07-28,Personal Care,195296.471353177,161184.77612641058,232156.73179613048
2024-07-29,Personal Care,122485.10374410907,87934.91783533288,156795.73180137706
2024-07-30,Personal Care,123206.57110732597,90031.35673857258,158091.35818230695
2024-07-31,Personal Care,122746.20193347469,86463.31115186927,156259.0028224399
2024-08-01,Personal Care,123437.49523897166,87486.93893166336,158957.00470945836
2024-08-02,Personal Care,125025.14112299542,88166.74857902675,159059.13136350396
2024-08-03,Personal Care,201195.32521501422,164382.82666192713,235706.82660242124
2024-08-04,Personal Care,198521.94767948583,165880.27071093323,233259.87084380272
2024-08-05,Personal Care,126348.47351778338,92902.75390754217,160516.51636191024
2024-08-06,Personal Care,127658.0576626598,91913.69482991706,162734.2432484303
2024-08-07,Personal Care,127703.0950517869,91826.40752270362,164258.5580655374
2024-08-08,Personal Care,128808.81065902302,94731.26614232213,163890.83979267077
2024-08-09,Personal Care,130713.20046208316,97876.30385428066,166296.4242359258
2024-08-10,Personal Care,207119.88499409,171979.23669931458,240408.8370804833
2024-08-11,Personal Care,204556.34230187893,169691.94595156243,238974.6910418757
2024-08-12,Personal Care,132369.8428421454,95658.72141801282,165838.90628210368
2024-08-13,Personal Care,133588.98863333563,98687.28967858764,170310.90537755954
2024-08-14,Personal Care,133450.35045464663,99882.97233498539,168454.22251486525
2024-08-15,Personal Care,134288.10595997816,99667.3979095159,169322.58217971993
2024-08-16,Personal Care,135850.42065365467,100107.60465391059,170823.26788791874
2024-08-17,Personal Care,211874.38020626642,177092.0260218256,245522.50029568188
2024-08-18,Personal Care,208855.7906215308,174319.9582166592,243722.25481330935
2024-08-19,Personal Care,136158.78760311127,101675.98931895134,170990.93572321822
2024-08-20,Personal Care,136868.42810987958,102986.3226368798,169381.7781110408
2024-08-21,Personal Care,136214.11213037698,101252.44241200353,170636.25996624323
2024-08-22,Personal Care,136545.03431622012,104171.61528262286,171909.96422536974
2024-08-23,Personal Care,137622.84534277924,104796.96002194266,172606.09657686768
2024-08-24,Personal Care,213218.5830957963,178074.57542642788,247253.5904535827
2024-08-25,Personal Care,209794.04239290932,176000.77065205405,245474.53240843906
2024-08-26,Personal Care,136725.14351191977,102487.55533436159,171978.36778112408
2024-08-27,Personal Care,137145.74091328852,103558.68935351138,167492.21808139904
2024-08-28,Personal Care,136268.0698024614,103483.90994898375,171324.03965113827
2024-08-29,Personal Care,136444.3201090485,101814.01732833569,173302.51963921997
2024-08-30,Personal Care,137435.9468199032,101931.12858014568,169822.00527712872
2024-08-31,Personal Care,213033.0177487365,176629.45884152796,247639.66930889414
2024-09-01,Personal Care,209647.60754877044,176649.6009921688,246532.52174406874
2024-09-02,Personal Care,136651.40393237956,102549.00540071871,172019.14992925708
2024-09-03,Personal Care,137211.22189151862,104176.63287526027,172727.17857638886
2024-09-04,Personal Care,136506.95893871505,102855.21783390587,169410.58624896625
2024-09-05,Personal Care,136879.75648450846,102333.84382227583,171126.051003549
2024-09-06,Personal Care,138078.3917497945,103406.6417715491,170510.08068494342
2024-09-07,Personal Care,213901.42929418033,179490.10583391212,248254.39081613554
2024-09-08,Personal Care,210702.96972001978,177019.30187585377,243872.42282294345
2024-09-09,Personal Care,137844.75667214746,104091.80057166728,174009.48154176172
2024-09-10,Personal Care,138523.5847440343,103144.95326158883,173347.60408806655
2024-09-11,Personal Care,137886.87081182134,104693.5773101107,173779.11305815005
2024-09-12,Personal Care,138267.4253470524,104124.70435732538,170366.3425023272
2024-09-13,Personal Care,139406.86284860212,106272.24236452935,173391.9833585477
2024-09-14,Personal Care,215120.40964523866,178245.39631775668,248930.3496444676
2024-09-15,Personal Care,211714.77932608314,177889.8533089699,246246.26697790474
2024-09-16,Personal Care,138554.47797156134,103342.41890227335,176220.65803728648
2024-09-17,Personal Care,138880.73738688216,104313.01237655178,173649.08657895445
2024-09-18,Personal Care,137824.27850174022,102169.42449124409,171707.5929429347
2024-09-19,Personal Care,137726.2248677558,104405.66020670964,172677.19123422183
2024-09-20,Personal Care,138338.03372574036,103129.48844130672,172789.40598071564
2024-09-21,Personal Care,213508.44628627918,178627.4118047769,248075.65392199653
2024-09-22,Personal Care,209512.97509990766,174416.89599290575,245454.5131763804
2024-09-23,Personal Care,135733.90676067435,99873.80589668934,170693.10500229622
2024-09-24,Personal Care,135470.28845015186,103747.69694494398,173370.8062827452
2024-09-25,Personal Care,133847.454119647,100840.01298885763,168103.39677680412
2024-09-26,Personal Care,133223.70645695995,98222.14773527478,168496.33170243807
2024-09-27,Personal Care,133366.46178500695,100295.53416475932,168529.835138936
2024-09-28,Personal Care,208161.1124071613,172209.1619066703,241133.17678540733
2024-09-29,Personal Care,203851.97925823496,168349.06682114693,236980.8828353549
2024-09-30,Personal Care,129835.95415483874,94226.85257993713,159879.17460038877
2024-10-01,Personal Care,129463.5730137482,94507.42261017072,163812.7164204519
2024-10-02,Personal Care,127845.42928757089,91381.48209706199,161533.03905823786
2024-10-03,Personal Care,127344.8373511988,92024.11791255217,160351.9119262932
2024-10-04,Personal Care,127730.48737186876,91967.15840448154,160675.3308186117
2024-10-05,Personal Care,202907.59142749422,167289.74270825565,240219.78056788817
2024-10-06,Personal Care,199070.73877740154,164712.59908784294,231880.3052152659
2024-10-07,Personal Care,125611.66904531712,91946.62239719859,160333.20574613044
2024-10-08,Personal Care,125911.96388850974,91132.3405152813,161952.86357315912
2024-10-09,Personal Care,125046.90534586874,92504.5143620082,159603.51485918363
2024-10-10,Personal Care,125364.68877873673,91500.31368307961,159639.412092497
2024-10-11,Personal Care,126616.15034785848,93521.50572711269,161422.3627228094
2024-10-12,Personal Care,202708.73828065407,166717.66312515008,238184.3904446839
2024-10-13,Personal Care,199771.77555798696,165769.08641367126,235941.59207954496
2024-10-14,Personal Care,127178.81782777287,92395.92865443729,161883.3527190729
2024-10-15,Personal Care,128332.35331966844,93809.87190501715,161411.27689850354
2024-10-16,Personal Care,128265.42051307294,93749.6425220669,162580.8785764103
2024-10-17,Personal Care,129307.60036727927,94482.90510151304,161472.66217787258
2024-10-18,Personal Care,131191.9544695539,96687.45932553781,166184.8809278798
2024-10-19,Personal Care,207831.8633542694,172690.5799536514,242176.07519687762
2024-10-20,Personal Care,205298.64051007232,171964.00809088163,238080.93824262373
2024-10-21,Personal Care,132958.32179837333,101170.95248807885,166233.866271813
2024-10-22,Personal Care,134248.12682148875,102587.69334617813,168009.68210413214
2024-10-23,Personal Care,134175.50171477007,99659.68785192828,166941.22419044317
2024-10-24,Personal Care,135070.47768177,101733.08652055147,169802.3745281529
2024-10-25,Personal Care,136669.33884945183,101537.2971347644,170973.27436805595
2024-10-26,Personal Care,212913.79144915566,178750.05036528528,246675.4341522966
2024-10-27,Personal Care,209840.3519383812,175221.9181886218,246517.7654189526
2024-10-28,Personal Care,136830.96533564327,101933.97710930131,170722.35897639106
2024-10-29,Personal Care,137380.61620484848,102512.44269551686,171696.94672931623
2024-10-30,Personal Care,136493.1918855768,105418.45498647114,169326.8698709129
2024-10-31,Personal Care,136519.6264243264,103056.32504465294,169803.49492622985
2024-11-01,Personal Care,137217.75656945186,101826.85513898861,170072.51357392216
2024-11-02,Personal Care,212573.3344030404,173371.0222677751,246640.28703749413
2024-11-03,Personal Care,208600.76947101063,171543.50725557454,245046.3155209146
2024-11-04,Personal Care,134707.2350197311,100053.51427402407,170165.71209122505
2024-11-05,Personal Care,134451.17557065905,98731.48180216772,170531.30930581028
2024-11-06,Personal Care,132834.83263059187,99175.50343003299,169200.62889849723
2024-11-07,Personal Care,132228.1157588012,97907.4625937829,167430.62265856256
2024-11-08,Personal Care,132404.6894475835,98066.7397178672,169372.18309140968
2024-11-09,Personal Care,207384.97205077502,174953.67518053605,241675.86339822115
2024-11-10,Personal Care,203148.47098746698,170169.59069653542,234955.01324921666
2024-11-11,Personal Care,129111.70587519808,91917.15926150941,162115.49824348153
2024-11-12,Personal Care,128878.02268327029,95724.82245938691,164505.00872308333
2024-11-13,Personal Care,127427.26194988203,93774.17471737663,162069.78445138093
2024-11-14,Personal Care,127125.89415520783,92445.39091063179,163402.08436123622
2024-11-15,Personal Care,127739.9173943621,92061.22368994846,159589.05240684762
2024-11-16,Personal Care,203300.44971781631,170121.30151036856,236300.1732710826
2024-11-17,Personal Care,199728.27551060455,165625.0288452796,235178.53156949635
2024-11-18,Personal Care,126426.19812656894,93361.9275134193,163098.88533653843
2024-11-19,Personal Care,127020.75146210766,92372.4551243382,161170.0494570978
2024-11-20,Personal Care,126449.56411815895,92312.2485132485,159477.98084801948
2024-11-21,Personal Care,127058.26055406858,95123.07280637504,163322.42253912933
2024-11-22,Personal Care,128590.60595729324,94970.81391875751,162892.6785113287
2024-11-23,Personal Care,205077.05203754752,169624.23009265817,239775.27130919392
2024-11-24,Personal Care,202371.7690809533,167700.215876773,237903.37365657213
2024-11-25,Personal Care,129859.6102125513,97481.89997840492,166704.55768015148
2024-11-26,Personal Care,131189.80584003977,94159.8767009213,164109.19618568625
2024-11-27,Personal Care,131261.0108592857,96038.41485162219,164914.04153279122
2024-11-28,Personal Care,132404.8613202022,97954.79908832934,167193.8399372012
2024-11-29,Personal Care,134353.16245637106,97269.27475995809,169610.1178588198
2024-11-30,Personal Care,211149.09623132774,176122.34951362596,244864.73795120415
2024-12-01,Personal Care,208596.36811749398,175258.01619932405,243267.48059443082
2024-12-02,Personal Care,136080.34328325384,101687.16211049055,167687.00519004086
2024-12-03,Personal Care,137293.2277046252,105617.32273097732,172157.92222478325
2024-12-04,Personal Care,137116.25940367774,102678.3502482189,171206.39562516354
2024-12-05,Personal Care,137889.35351888384,104365.93939737648,169732.3566254137
2024-12-06,Personal Care,139354.7536422924,106446.84266459207,176345.48809152443
2024-12-07,Personal Care,215590.32406476786,181149.8115272438,251664.0893328082
2024-12-08,Personal Care,212370.25234675,178441.16500496806,247443.57376209265
2024-12-09,Personal Care,139099.83129606338,104018.91206779177,171352.3591661723
2024-12-10,Personal Care,139531.64705770838,104471.42137288215,174436.6808483896
2024-12-11,Personal Care,138544.49336909186,101349.29156297428,173339.2176794611
2024-12-12,Personal Care,138498.75322089554,104642.31437914187,171601.17009084177
2024-12-13,Personal Care,139156.23940515402,104863.60272059806,172216.41343154642
2024-12-14,Personal Care,214635.38140394347,178046.75588034774,247577.913565487
2024-12-15,Personal Care,210683.3816986079,175366.03814929005,245428.27448221936
2024-12-16,Personal Care,136724.63102177513,101984.38901770349,172133.146039894
2024-12-17,Personal Care,136567.9795184836,103235.67409920512,173199.36273586645
2024-12-18,Personal Care,135082.53541033066,101065.00561431985,171751.67606793766
2024-12-19,Personal Care,134639.02434846645,102407.32836201113,170756.0776421835
2024-12-20,Personal Care,135006.13230367683,98281.4431290357,166933.92760098306
2024-12-21,Personal Care,210327.96272807932,177082.8815393885,244203.85075245705
2024-12-22,Personal Care,206308.07364025275,171629.7185468532,240135.4111024164
2024-12-23,Personal Care,132371.99226192862,97088.51600837322,166607.8554384142
2024-12-24,Personal Care,132366.0612320001,96239.42688499867,163749.95983689209
2024-12-25,Personal Care,131130.62582948414,96458.7599243588,164514.4044675469
2024-12-26,Personal Care,131027.8735165285,95909.47855117505,164882.51877526115
2024-12-27,Personal Care,131815.16648404158,98704.02293845742,168612.4665739584
2024-12-28,Personal Care,207645.22831752177,173707.9931000345,245304.1717244015
2024-12-29,Personal Care,204162.48111680945,166188.68040179633,239809.64727458946
2024-12-30,Personal Care,130780.02821496954,97384.98200870966,167887.41112906943
2024-12-31,Personal Care,131370.38459217374,97032.2940285709,166373.3879797315
2025-01-01,Personal Care,130736.29506210425,94947.14227018523,163053.74498913315
2025-01-02,Personal Care,131225.22447389914,96496.63484354886,165549.02092235224
2025-01-03,Personal Care,132579.77533402163,96944.63357081667,167716.4544433905
2025-01-04,Personal Care,208960.62339171473,175898.04868864838,243647.75910180833
2025-01-05,Personal Care,205955.09937263833,170915.68824696817,242813.02521815998
2025-01-06,Personal Care,132968.5127586094,99313.7873849553,167785.89055184915
2025-01-07,Personal Care,133906.57294491338,101604.76537597571,169289.55452820094
2025-01-08,Personal Care,133543.58541306545,100197.56880160987,168543.21338434913
2025-01-09,Personal Care,134223.28852744185,100278.84278018626,169519.8704892679
2025-01-10,Personal Care,135686.0107611892,102265.04768512711,172039.25157051606
2025-01-11,Personal Care,212113.9789548012,176153.7406785589,246236.2623803483
2025-01-12,Personal Care,209051.74889093646,174458.73289996551,244161.26976951363
2025-01-13,Personal Care,135911.46638599833,100662.74245234235,171119.80910840305
2025-01-14,Personal Care,136646.57894837818,102246.32875580067,171697.23208052706
2025-01-15,Personal Care,136017.024325175,100514.22398557764,169740.79154815795
2025-01-16,Personal Care,136376.05332271248,101348.63289421899,170698.20072219634
2025-01-17,Personal Care,137473.80055480966,104082.19161418064,173217.21068720907
2025-01-18,Personal Care,213524.68198269638,181272.0837078474,245637.11077606247
2025-01-19,Personal Care,210039.4403986295,174731.0976893149,244935.76247312123
2025-01-20,Personal Care,136444.16449830902,99413.52710306534,170400.275599849
2025-01-21,Personal Care,136745.16974802822,103516.6205295265,169981.54334998803
2025-01-22,Personal Care,135691.1176871318,103108.45547005176,171198.5583324888
2025-01-23,Personal Care,135645.8226757298,101278.6788619822,168657.37355291776
2025-01-24,Personal Care,136368.2916967276,101064.27663780273,169681.61396378285
2025-01-25,Personal Care,212102.32078805985,177927.3804336424,244852.03909822932
2025-01-26,Personal Care,208320.3140782947,177492.35284558017,242373.48257060564
2025-01-27,Personal Care,134456.26215603534,99173.15979854396,165883.77388041848
2025-01-28,Personal Care,134562.0286819733,100726.14243275928,173381.4341567482
2025-01-29,Personal Care,133366.663912221,98016.31989903268,166895.74327525226
2025-01-30,Personal Care,133235.47692070805,99124.47155060673,166156.86725910983
2025-01-31,Personal Care,133926.83494379537,97718.18285890043,166190.43417599687
2025-02-01,Personal Care,209704.2490176423,176737.56065982376,243939.3604070893
2025-02-02,Personal Care,205992.2478596099,172429.25699582312,239639.1539395089
2025-02-03,Personal Care,132223.57954094716,100824.25616501525,167369.34411572292
2025-02-04,Personal Care,132487.14307214468,98692.57728787702,165813.69851656232
2025-02-05,Personal Care,131484.7041455832,96328.08724883488,166523.92661723628
2025-02-06,Personal Care,131576.40432431956,98433.77382929572,165371.66209306594
2025-02-07,Personal Care,132514.45098265068,96728.99392217245,167284.26352185023
2025-02-08,Personal Care,208577.7802433526,171248.45945035768,242491.84320608963
2025-02-09,Personal Care,205140.02980353727,170824.2781342541,242120.04707173142
2025-02-10,Personal Care,131630.9644298365,99218.53717371786,168469.93444480514
2025-02-11,Personal Care,132176.01130676016,101379.48528646697,166854.92261903663
2025-02-12,Personal Care,131450.29822003486,95832.475145608,164133.34738915402
2025-02-13,Personal Care,131810.48573213952,98063.55615870211,168079.7520349186
2025-02-14,Personal Care,133005.2049095718,95662.32296171472,167026.2269476262
2025-02-15,Personal Care,209332.1321263175,174992.96293630646,242890.830402923
2025-02-16,Personal Care,206117.87956552763,173641.70443995876,241993.38458824897
2025-02-17,Personal Care,132793.4545797655,98880.3527312692,169449.18477681765
2025-02-18,Personal Care,133525.20741006135,98787.24103888818,169021.90773764977
2025-02-19,Personal Care,132966.00608722185,98976.81557809949,169132.82465199524
2025-02-20,Personal Care,133473.21826603005,98689.06525842973,167186.84940695303
2025-02-21,Personal Care,134795.74192172903,100428.99181190932,171615.07667271618
2025-02-22,Personal Care,211253.3610156104,175270.3347992985,243424.5545315223
2025-02-23,Personal Care,208128.45080501726,173035.98776894272,242850.00543475838
2025-02-24,Personal Care,134855.39954336715,99207.21832813475,169061.53599296053
2025-02-25,Personal Care,135642.9303691593,102305.32356838351,169818.40803195172
2025-02-26,Personal Care,135122.4087664543,101278.95944794679,169622.33648506232
2025-02-27,Personal Care,135652.00336277476,101374.44564182991,169158.76912106058
2025-02-28,Personal Care,136980.370537892,100945.65999616969,171549.41155304297
2025-03-01,Personal Care,213448.38052407783,181181.2873203795,251497.32473060387
2025-03-02,Personal Care,210292.75164793112,173349.2444765128,243195.7934898914
2025-03-03,Personal Care,136949.56805214606,102343.56730828804,172608.121222815
2025-03-04,Personal Care,137668.1232602,104692.35423379371,168603.9654216778
2025-03-05,Personal Care,137056.51526961985,104247.08096019355,171969.8048428528
2025-03-06,Personal Care,137472.14237528652,101911.57192235012,173206.17306064075
2025-03-07,Personal Care,138662.1921051487,102334.46786984999,171517.4573814062
2025-03-08,Personal Care,214987.8760355596,181150.65323014295,250029.71209517683
2025-03-09,Personal Care,211640.11303186664,173828.2917899394,246977.3873026172
2025-03-10,Personal Care,138057.23937326955,105624.98506312567,171500.53603507017
2025-03-11,Personal Care,138530.4420390782,103708.65446368954,174451.17203347947
2025-03-12,Personal Care,137646.67747589655,102463.26372826406,171230.9261960184
2025-03-13,Personal Care,137765.50395299244,102321.78585857755,171156.32859278063
2025-03-14,Personal Care,138636.340487026,103599.9067449326,174081.5453817338
2025-03-15,Personal Care,214645.14018573376,180204.5800739361,248590.31353425415
2025-03-16,Personal Care,210942.01775692552,180044.55605790878,244036.9172031612
2025-03-17,Personal Care,136973.01535130315,101596.00640690452,169517.25389734082
2025-03-18,Personal Care,137076.96075857856,103056.88778338679,173195.12619801055
2025-03-19,Personal Care,135825.521822211,102772.07261952224,168758.4485026013
2025-03-20,Personal Care,135586.16998857114,99017.43021241519,168482.7681054279
2025-03-21,Personal Care,136115.99323334222,103727.12700693526,170851.5185017111
2025-03-22,Personal Care,211830.58854082605,176494.24821699483,246101.8924727053
2025-03-23,Personal Care,207843.41845680476,171730.22125071,240263.2562723488
2025-03-24,Personal Care,133611.4292689422,97364.23506275132,168784.80194588922
2025-03-25,Personal Care,133523.1500682068,100339.55561551506,164650.80814523113
2025-03-26,Personal Care,132135.7252075217,97262.61275308994,165710.4282599709
2025-03-27,Personal Care,131823.88430098406,96232.27310693293,167839.4111905601
2025-03-28,Personal Care,132350.22282471656,97139.02248120644,163735.9894192721
2025-03-29,Personal Care,208156.27028238223,177603.70299849045,243169.50822387898
2025-03-30,Personal Care,204313.5784474328,169385.7210291788,240466.94610602641
2025-03-31,Personal Care,130283.24244654078,92324.18641886525,163843.15213856715
2025-04-01,Personal Care,130495.3395295852,96698.01972488214,165053.46921571408
2025-04-02,Personal Care,129483.08553100307,95304.08015825193,162562.22482560296
2025-04-03,Personal Care,129618.0017095333,92594.85862087655,164983.33164862462
2025-04-04,Personal Care,130656.89370574983,97187.97474975126,165231.84754751011
2025-04-05,Personal Care,207055.36085023213,170818.8187778137,242483.88161135186
2025-04-06,Personal Care,203830.9095839016,167375.33156035066,237770.8806005525
2025-04-07,Personal Care,130436.6911776592,95548.57931570898,167533.02351373888
2025-04-08,Personal Care,131332.60557689203,97780.6080349804,166824.8464782878
2025-04-09,Personal Care,131016.90965245229,99227.89956679691,164987.48931471934
2025-04-10,Personal Care,131847.9015933501,97418.45527211034,165887.2030276488
2025-04-11,Personal Care,133567.90229932588,98501.08822786399,168678.23569722014
2025-04-12,Personal Care,210639.4839980366,177375.94416707696,241648.6777719885
2025-04-13,Personal Care,208020.85234258615,173210.98225751746,243537.04355133747
2025-04-14,Personal Care,135154.00167662077,101133.01010492443,170537.99200367773
2025-04-15,Personal Care,136527.63539204677,101941.64675853432,173536.89109183426
2025-04-16,Personal Care,136606.3223757716,102111.07145513025,172670.02425795782
2025-04-17,Personal Care,137738.73621994435,100375.23384112398,171114.17536930443
2025-04-18,Personal Care,139658.61470973384,104604.65849595264,173141.30064804788
2025-04-19,Personal Care,216843.62105650798,184163.96065267187,253532.45959855767
2025-04-20,Personal Care,214202.84666834184,181894.90059496264,247822.95686371953
2025-04-21,Personal Care,141179.17744568162,106194.93034879977,173656.46317671982
2025-04-22,Personal Care,142303.7701734817,108991.50729000698,177766.24778540287
2025-04-23,Personal Care,142022.44886449084,104456.1777549006,175214.92795019606
2025-04-24,Personal Care,142690.15028247275,109189.43207015241,177895.9646865596
2025-04-25,Personal Care,144048.4816943179,110044.98086271997,179532.7866710845
2025-04-26,Personal Care,220606.8134579192,187873.92647654758,255062.69023411153
2025-04-27,Personal Care,217241.4904258406,181844.4317330803,250772.93415853684
2025-04-28,Personal Care,143411.9975567645,107774.08482371485,176765.78043105913
2025-04-29,Personal Care,143706.59219595333,108089.01695597866,178667.62880136035
2025-04-30,Personal Care,142565.56279518743,107988.93103165334,177721.03729270698
2025-05-01,Personal Care,142361.53642171613,103203.82029979007,176065.52095357227
2025-05-02,Personal Care,142853.33338347467,110381.98573277381,177836.5588253425
2025-05-03,Personal Care,218589.0413740087,184150.18655647553,253518.28313370742
2025-05-04,Personal Care,214416.74460116628,178997.2313113309,249941.66925837332
2025-05-05,Personal Care,139814.3624131127,106206.47846863912,173113.8117910531
2025-05-06,Personal Care,139426.37974217217,105794.0427626473,174165.075827609
2025-05-07,Personal Care,137683.98113264886,101449.67304357667,170345.0461332202
2025-05-08,Personal Care,136971.30394533617,102743.8404384292,169788.23407827655
2025-05-09,Personal Care,137055.74249244508,104106.95261322691,170598.0205047159
2025-05-10,Personal Care,212513.2215122673,177905.3372956168,247863.23095932402
2025-05-11,Personal Care,208150.7202912672,176458.87585251394,242884.38184470544
2025-05-12,Personal Care,133450.11374608285,99801.91590090645,162234.17043887315
2025-05-13,Personal Care,133096.3738065526,98586.62050012662,167526.2261172132
2025-05-14,Personal Care,131494.98478738614,95622.74259713157,166409.35001789857
2025-05-15,Personal Care,131024.57052598872,96248.84578048033,166943.53820961577
2025-05-16,Personal Care,131444.08674970904,96170.91678928032,165878.65664111238
2025-05-17,Personal Care,207340.7310363521,173794.96213514326,242802.69145655166
2025-05-18,Personal Care,203464.68548449656,170078.08410806968,237122.1428033285
2025-05-19,Personal Care,129287.35851776287,95549.31707664527,161443.79121019648
2025-05-20,Personal Care,129521.41919254829,97295.80789968802,162630.2179786637
2025-05-21,Personal Care,128535.80963803234,93591.32887818251,163833.34515602383
2025-05-22,Personal Care,128695.00689028834,91129.20822838134,162990.9978865896
2025-05-23,Personal Care,129743.3021630725,95759.39788624884,165830.45072862043
2025-05-24,Personal Care,206275.47848341177,171240.02966240502,240428.34270070636
2025-05-25,Personal Care,202983.83215577443,167653.85459018033,237191.16648496877
2025-05-26,Personal Care,129330.80313677443,93590.49227120688,164564.30909630103
2025-05-27,Personal Care,130060.75834788765,95336.72578548998,160592.6395826204
2025-05-28,Personal Care,129512.44815254306,94410.03284087456,165263.75452123696
2025-05-29,Personal Care,130044.68540328278,93244.69268845911,166446.73138205477
2025-05-30,Personal Care,131397.4361639962,98288.06282948476,166568.956526678
2025-05-31,Personal Care,208184.9397590244,174369.75742972124,243289.14637579038
2025-06-01,Personal Care,205054.64352956755,170104.52344169456,241644.81674983937
2025-06-02,Personal Care,131473.8267771938,96605.66330280578,166775.51453932188
2025-06-03,Personal Care,132232.72013016645,96385.38826146831,163708.81469895045
2025-06-04,Personal Care,131653.98723554064,97405.8173018596,163478.98705796312
2025-06-05,Personal Care,132104.4085435186,98379.32713750351,167098.78370738614
2025-06-06,Personal Care,133332.3893633616,101338.86254925939,169958.43545575225
2025-06-07,Personal Care,209983.15802766953,174573.2462968062,245829.96027120625
2025-06-08,Personal Care,206669.29003070496,170628.12145519356,241240.80902262995
2025-06-09,Personal Care,132871.05138032103,100564.02968844023,167197.40452941757
2025-06-10,Personal Care,133430.63749933778,100570.80549491562,167706.12393811657
2025-06-11,Personal Care,132658.52743493245,97863.63494526534,167710.00159192912
2025-06-12,Personal Care,132931.08778612426,99882.74749104264,169412.78109996635
2025-06-13,Personal Care,134004.48387404563,99800.80581978812,170030.26654038863
2025-06-14,Personal Care,210552.01234977902,175973.3482773698,243583.07484092176
2025-06-15,Personal Care,207146.33967502567,173974.45195635868,241921.46780506178
2025-06-16,Personal Care,133273.75450877502,97901.36118783665,169216.4971246224
2025-06-17,Personal Care,133819.7745587395,100837.03170735008,170311.90751258106
2025-06-18,Personal Care,133072.67285831814,99133.65606692832,167651.6809016625
2025-06-19,Personal Care,133407.34335723543,98155.10951117147,170067.4789335409
2025-06-20,Personal Care,134575.9882597866,99246.9017955874,168638.49153075728
2025-06-21,Personal Care,211267.9782769325,174412.90710881536,244767.9623253203
2025-06-22,Personal Care,208004.2067871857,172528.13271612546,243154.3036015949
2025-06-23,Personal Care,134265.6484805225,98842.99964152448,167616.6350675088
2025-06-24,Personal Care,134970.71508638808,98308.14204997786,170608.3305417734
2025-06-25,Personal Care,134376.30666734697,99656.52068207542,168452.0669475453
2025-06-26,Personal Care,134848.25295386094,99061.30776498176,168130.40266201878
2025-06-27,Personal Care,136129.04232254127,98119.7862886613,171101.54434699792
2025-06-28,Personal Care,212920.41825001565,181848.6670525124,248869.67564641358
2025-06-29,Personal Care,209689.99417946028,173936.66691811627,240619.91261814136
2025-06-30,Personal Care,135914.1951760715,100517.38090181343,170599.14497887943
2025-07-01,Personal Care,136547.36832962136,99653.08612511613,171007.90071175946
2025-07-02,Personal Care,135820.29333233903,100883.90606032203,169660.915091305
2025-07-03,Personal Care,136097.06387395225,102381.42521156384,170959.51150568973
2025-07-04,Personal Care,137119.6563193894,103850.19413177404,172313.9877299186
2025-07-05,Personal Care,213612.99986217808,180335.46145595243,245694.84676470698
2025-07-06,Personal Care,210003.53658579302,174651.17542451344,244715.54517021586
2025-07-07,Personal Care,135776.18678845948,99502.31393721572,171622.20921919926
2025-07-08,Personal Care,135934.8214373955,100534.4682483964,170783.6530918828
2025-07-09,Personal Care,134697.8177260942,100947.23288536076,172765.46586003303
2023-01-01,Stationery,128753.11030692181,101963.05709571225,158958.93909705043
2023-01-02,Stationery,77946.0571496176,49193.26295608591,107460.99870216072
2023-01-03,Stationery,77347.03767257887,51252.31021851134,107103.37073642333
2023-01-04,Stationery,77401.71096131638,48733.88724021242,107138.86944501981
2023-01-05,Stationery,77915.45671334602,49230.00724758057,107845.53972612084
2023-01-06,Stationery,77443.93053206088,48381.88872436134,104701.4724171582
2023-01-07,Stationery,134180.73737818323,105413.75255068722,164691.419551683
2023-01-08,Stationery,131305.75725664152,101400.04798799597,160713.83416429843
2023-01-09,Stationery,80835.93000395987,52398.28013180874,108470.73203746797
2023-01-10,Stationery,80485.1842498087,52003.1889448059,108653.61097050224
2023-01-11,Stationery,80704.14355147518,51799.01222330819,108626.01536885396
2023-01-12,Stationery,81295.08221367827,53151.14667041949,111421.2080370957
2023-01-13,Stationery,80813.40838006874,53740.60170113163,109971.07650385938
2023-01-14,Stationery,137442.22794272317,109464.55190877106,166881.72018519536
2023-01-15,Stationery,134390.98698955434,106640.2997532954,162073.43804467955
2023-01-16,Stationery,83680.78679095453,53586.46395529048,110503.52414267727
2023-01-17,Stationery,83013.33123163607,55673.416140892,112759.76319769514
2023-01-18,Stationery,82860.38722080844,53834.711290637664,111796.93417998232
2023-01-19,Stationery,83036.1330753502,51555.11797665651,112356.03198306024
2023-01-20,Stationery,82109.12035254312,53989.93111766728,111123.21927939703
2023-01-21,Stationery,138263.33562342013,109203.70527671353,164459.25401683451
2023-01-22,Stationery,134746.8355034144,105050.58748957749,163244.36457496925
2023-01-23,Stationery,83591.34577132792,53636.3274595559,112390.37353730734
2023-01-24,Stationery,82490.0664651502,54700.194470583745,111078.95514118203
2023-01-25,Stationery,81936.81539009718,52863.317844482706,110883.90140764094
2023-01-26,Stationery,81755.78900816948,50027.46965185604,109509.15725949114
2023-01-27,Stationery,80524.11261886774,53170.32883314313,109306.13042371307
2023-01-28,Stationery,136419.59495253753,107966.6250441546,163832.3743605251
2023-01-29,Stationery,132719.62905704373,104180.62345315712,160691.74941716396
2023-01-30,Stationery,81455.41753138913,52389.632031697714,111061.26204626104
2023-01-31,Stationery,80299.03447375102,52508.617655259244,108481.81931294684
2023-02-01,Stationery,79752.69471380117,52429.10811884471,109488.44159117006
2023-02-02,Stationery,79636.39866331888,52216.91383578599,106821.6028824297
2023-02-03,Stationery,78521.5552982718,49148.3752751632,107428.76503985844
2023-02-04,Stationery,134565.91103999515,106687.23002565744,163615.64606530554
2023-02-05,Stationery,131063.17878410289,102025.76717207363,158684.21263440777
2023-02-06,Stationery,80032.31787354495,49753.677558488875,107256.1980933061
2023-02-07,Stationery,79114.2328558219,50798.63859671246,106142.99005987112
2023-02-08,Stationery,78811.48778306998,49162.8495476257,107179.78434111831
2023-02-09,Stationery,78934.08354469063,50368.19247784543,107344.45231489968
2023-02-10,Stationery,78044.32294237285,49225.438648986084,108175.6162046165
2023-02-11,Stationery,134278.99870670485,105246.84556076508,162779.66385595247
2023-02-12,Stationery,130949.74845587165,103878.19818279274,161002.74861854356
2023-02-13,Stationery,80067.30040349103,51916.691603623454,107207.59080759659
2023-02-14,Stationery,79247.63640604295,53202.16056374093,107480.27644653125
2023-02-15,Stationery,79001.90119362414,46659.73910900435,105183.0148363353
2023-02-16,Stationery,79139.99306557531,50146.44102395689,107903.24073811549
2023-02-17,Stationery,78226.29384947446,49203.186586613745,108777.6592950533
2023-02-18,Stationery,134388.69364499874,106344.041207308,163090.65954307863
2023-02-19,Stationery,130969.21854079697,103645.44537255836,159155.6689327326
2023-02-20,Stationery,79982.77365193787,51085.23331206256,110323.32485486609
2023-02-21,Stationery,79032.30292330259,51426.26644366519,107716.69375899289
2023-02-22,Stationery,78648.4427957937,50031.28430025555,109270.05077979872
2023-02-23,Stationery,78650.50848058322,50572.989607664706,107901.88959750246
2023-02-24,Stationery,77612.71841540597,48501.87589397149,106341.59667487441
2023-02-25,Stationery,133659.74593154603,104050.64911972759,160738.4734525575
2023-02-26,Stationery,130167.38175438395,101563.35314877548,159771.57458554133
2023-02-27,Stationery,79155.61715086005,53874.33499741416,107891.03423706646
2023-02-28,Stationery,78212.73030696111,48865.0951944379,106446.39796486398
2023-03-01,Stationery,77884.70469942508,49072.36729966987,106181.32564692466
2023-03-02,Stationery,77993.72206594706,48631.238104308286,107541.82956071795
2023-03-03,Stationery,77115.08067640635,48803.98952095553,106547.87578652686
2023-03-04,Stationery,133359.5557782694,104313.03133769507,162988.77777663534
2023-03-05,Stationery,130124.45278612358,100812.95856275242,157309.9949965304
2023-03-06,Stationery,79421.4493708294,50868.22675291348,106916.46640098299
2023-03-07,Stationery,78810.07681417248,50366.840484350614,107053.20033133344
2023-03-08,Stationery,78837.40582898719,48343.830427513276,104860.33930213524
2023-03-09,Stationery,79314.56668385699,51978.21137901493,107967.36056732222
2023-03-10,Stationery,78804.88200301053,48539.62867425586,106211.23307089116
2023-03-11,Stationery,135393.53918461647,106399.05656169751,165735.83754515
2023-03-12,Stationery,132489.50246152308,102100.11199006918,159286.47026335876
2023-03-13,Stationery,82088.53045804829,50664.55470149586,110415.85507351633
2023-03-14,Stationery,81716.40216464535,53091.2789317611,111498.9267260015
2023-03-15,Stationery,81919.13964664565,53520.975855228346,109297.06091739629
2023-03-16,Stationery,82497.73365043476,54261.45302564894,111383.20339458808
2023-03-17,Stationery,82007.57000030641,52930.69580018141,111618.96279126164
2023-03-18,Stationery,138515.38875951036,110295.8228332678,166974.27196560559
2023-03-19,Stationery,135451.9238977968,108291.89076923713,164549.70362474181
2023-03-20,Stationery,84809.86071520594,54567.341688451415,113295.40159079319
2023-03-21,Stationery,84096.47162449444,57313.78883872242,111032.15535582312
2023-03-22,Stationery,83873.95019166221,55146.48987451793,114383.8968933785
2023-03-23,Stationery,83951.83752225754,57098.21065571664,112924.69545125542
2023-03-24,Stationery,82897.17278776107,53375.37836761941,111263.23720109244
2023-03-25,Stationery,138778.12179909632,110967.89325672662,165026.1039898872
2023-03-26,Stationery,135066.6977101178,106961.24710417117,161116.9570891011
2023-03-27,Stationery,83771.00281232013,54825.114545270044,111755.55789178064
2023-03-28,Stationery,82396.63047958902,51923.17887779246,111716.65631168305
2023-03-29,Stationery,81536.49967860368,53213.51828609734,111264.54995567385
2023-03-30,Stationery,81020.4247840054,50469.10756586589,108521.60156752684
2023-03-31,Stationery,79435.50554169524,50282.939643497135,108398.24381451597
2023-04-01,Stationery,134856.0304864124,105171.6054466765,163853.67179031885
2023-04-02,Stationery,130795.98932275438,101512.48638877184,158785.277354764
2023-04-03,Stationery,79275.42731492041,49843.024778132254,109522.79669439349
2023-04-04,Stationery,77790.56768756857,48486.210983642966,105502.5593472537
2023-04-05,Stationery,76953.23223379526,50399.9489511013,105309.16334509746
2023-04-06,Stationery,76597.77274880392,49553.508289986894,106714.60469698462
2023-04-07,Stationery,75312.04811206892,48255.57717114349,104460.91936420489
2023-04-08,Stationery,131154.07287608483,101619.9883157194,158331.7724379336
2023-04-09,Stationery,127654.90330384414,98208.42201111464,155477.30968836605
2023-04-10,Stationery,76819.78341007346,48758.39553272312,107012.4792683723
2023-04-11,Stationery,76107.74598795339,47854.301057477576,106053.62951917396
2023-04-12,Stationery,76121.43579673527,46884.993693143144,103728.77411090583
2023-04-13,Stationery,76672.25429162961,47579.02865448885,106973.13604526156
2023-04-14,Stationery,76322.7859384244,47932.645085663484,107237.59439357069
2023-04-15,Stationery,133091.0388133201,104398.89604237195,159717.0127188516
2023-04-16,Stationery,130504.50996307553,100082.7231383221,157240.02355824815
2023-04-17,Stationery,80536.86225418591,53398.4029695965,108451.03967723153
2023-04-18,Stationery,80597.65268759827,55067.863833008705,108712.50276696106
2023-04-19,Stationery,81273.0944363555,52809.39160415637,109206.03455701625
2023-04-20,Stationery,82349.81960486234,55503.05672548064,110586.1261676347
2023-04-21,Stationery,82369.01227189963,52974.07296637966,110689.41984446156
2023-04-22,Stationery,139318.33956120594,109440.27982745063,168182.8238206339
2023-04-23,Stationery,136737.12838087764,107714.89372159024,166542.96665700641
2023-04-24,Stationery,86588.33592704788,56799.576038368905,117751.66885792339
2023-04-25,Stationery,86258.00114411114,58854.309301438814,116588.4727043903
2023-04-26,Stationery,86346.38151948436,58695.56887520735,117516.16303413977
2023-04-27,Stationery,86649.62161793055,57227.484227809844,115153.90502503986
2023-04-28,Stationery,85724.7488956976,55506.902627688076,114383.1280507008
2023-04-29,Stationery,141568.34015016223,113691.95760477324,169390.99066709334
2023-04-30,Stationery,137771.7676907615,110696.2054104872,167729.70231735735
2023-05-01,Stationery,86327.36195919175,57128.9733320651,115756.96160736553
2023-05-02,Stationery,84636.45470382387,57963.93943901541,113269.1894400196
2023-05-03,Stationery,83349.76034015226,55338.41747461648,110572.41892298059
2023-05-04,Stationery,82305.85312680971,53641.37917457485,111473.72670089547
2023-05-05,Stationery,80105.99331278846,51560.558381346,109339.5330032289
2023-05-06,Stationery,134778.59168474155,103898.71241403748,163757.4180728801
2023-05-07,Stationery,129983.71151406143,101345.5717171782,157625.4742246326
2023-05-08,Stationery,77752.75887704971,48296.39147614709,105078.58722454391
2023-05-09,Stationery,75504.62434406116,47402.89045486442,103896.34267656448
2023-05-10,Stationery,73935.00459271354,45738.89873134271,100795.14454152367
2023-05-11,Stationery,72911.58557513994,46866.60436600517,101292.99276317444
2023-05-12,Stationery,71058.80545471949,41608.545273731805,97692.06477391828
2023-05-13,Stationery,126408.43462345588,97319.3922378737,153927.60849117866
2023-05-14,Stationery,122653.85774093456,93095.44821400591,150781.33143223243
2023-05-15,Stationery,71824.01327494132,44049.43805251572,99977.4309950065
2023-05-16,Stationery,71308.5370692784,42754.18040225445,99347.54444635758
2023-05-17,Stationery,71797.08886192662,43710.557567993,99221.35711726181
2023-05-18,Stationery,73132.44195992836,43048.457329443205,99760.76995598116
2023-05-19,Stationery,73906.48984066726,44549.2054711257,100623.73266872998
2023-05-20,Stationery,132098.32195851704,105403.68888114691,161525.03232582484
2023-05-21,Stationery,131379.7040370662,102993.86116729926,160407.78064089146
2023-05-22,Stationery,83724.68600093767,56993.28827434958,112283.86265960975
2023-05-23,Stationery,86445.12969174897,58767.57790911366,114391.30466796197
2023-05-24,Stationery,90181.34820680498,61585.5566689331,118668.65102101484
2023-05-25,Stationery,94714.3001777984,67848.98109632349,124546.82286447531
2023-05-26,Stationery,98573.8945089678,68826.18315785851,127264.80345140431
2023-05-27,Stationery,159665.44287161194,130717.19746176303,188687.353201847
2023-05-28,Stationery,161627.0196644934,131305.0706428975,190688.12310247746
2023-05-29,Stationery,116375.19947410788,86881.66909615365,147053.30874566975
2023-05-30,Stationery,121151.1943812624,92654.86773051454,149101.99428581857
2023-05-31,Stationery,126562.78685162164,99474.31905632837,153249.66891577985
2023-06-01,Stationery,132355.36174978907,104178.78192526815,161803.52828791173
2023-06-02,Stationery,137031.99856830828,109048.1346097231,165963.3134575316
2023-06-03,Stationery,198467.55647490025,170097.46272557662,225800.37057199926
2023-06-04,Stationery,200316.95292865715,174814.15214546543,225892.54242760528
2023-06-05,Stationery,154495.87531041776,125316.28989612703,182152.08927828335
2023-06-06,Stationery,158236.20603454323,128134.45643246663,186174.93111836395
2023-06-07,Stationery,162177.793373597,132821.7562457146,189065.75580909677
2023-06-08,Stationery,166096.76820069103,139522.62918298866,194864.50657835786
2023-06-09,Stationery,168535.81266121424,139177.52543285504,196399.62706268884
2023-06-10,Stationery,227404.249904363,197709.00750979214,254981.81276761927
2023-06-11,Stationery,226435.6386929315,196973.59056997174,255106.92952461235
2023-06-12,Stationery,177601.92339909222,147933.2203199462,203683.96737063257
2023-06-13,Stationery,178176.71823226553,147769.70372797697,204796.9383270462
2023-06-14,Stationery,178875.63213608394,149949.74401998278,207598.59459522954
2023-06-15,Stationery,179540.76535290657,151677.5248497731,207821.3540269913
2023-06-16,Stationery,178780.2582748887,149475.59230406568,205859.16272782168
2023-06-17,Stationery,234553.72259806923,205287.7020158424,263059.09363704134
2023-06-18,Stationery,230678.74005190146,201996.41106864728,260560.78433950202
2023-06-19,Stationery,179178.30213548834,149037.42993050563,208399.23726129596
2023-06-20,Stationery,177352.07314751536,148846.9797780496,205320.6128324619
2023-06-21,Stationery,175965.6551577859,146456.81348747248,203607.61695052023
2023-06-22,Stationery,174891.90769655182,145831.42585868927,205940.7080132191
2023-06-23,Stationery,172760.6616645815,145449.06862154696,198907.14973333324
2023-06-24,Stationery,227530.59619104213,197883.63469448843,256161.44247493998
2023-06-25,Stationery,223045.93720583388,197028.5013778602,254640.44964536696
2023-06-26,Stationery,171318.64098056016,142515.4470453052,201475.01597143483
2023-06-27,Stationery,169609.21108684325,141823.7001772699,199024.38943692803
2023-06-28,Stationery,168666.559060885,142581.4795061117,197869.84098098992
2023-06-29,Stationery,168327.84058204922,137459.3530523338,196600.80522821328
2023-06-30,Stationery,167180.02176666853,139139.97491677644,194538.68415568228
2023-07-01,Stationery,223119.83931984578,193866.91412827856,251737.8312709705
2023-07-02,Stationery,219962.2443918689,190802.92810358584,249248.2890661144
2023-07-03,Stationery,169658.74318520786,141651.59431539563,197829.24487376134
2023-07-04,Stationery,169389.01235633614,141513.35046998574,196671.05077390448
2023-07-05,Stationery,169852.39899688613,141705.55868706456,197233.98939573995
2023-07-06,Stationery,170827.08917712324,142882.41020318645,200597.67874015836
2023-07-07,Stationery,170844.09387709328,141543.16543201864,197883.40375254158
2023-07-08,Stationery,227735.5967350232,201230.97074721407,256569.1141273503
2023-07-09,Stationery,225295.17713314338,198633.11171258736,252315.1115984111
2023-07-10,Stationery,175432.07114788145,146173.8226410323,203020.69076924614
2023-07-11,Stationery,175273.0848028287,148500.231634688,204570.32787548754
2023-07-12,Stationery,175504.98259372255,149208.31433651512,203204.81094684513
2023-07-13,Stationery,175892.00770342955,146680.71308837284,203881.574303594
2023-07-14,Stationery,174961.10314936415,146864.16693255582,201700.3619961765
2023-07-15,Stationery,230537.29048579757,202292.88456294878,261697.08479745008
2023-07-16,Stationery,226454.17910982267,197675.74420921333,254295.51564678087
2023-07-17,Stationery,174642.5575872067,147418.13800609665,202920.01277249047
2023-07-18,Stationery,172240.95950975508,141998.9040066006,199523.94886844672
2023-07-19,Stationery,169987.28307260014,142688.1331621951,198784.7343931313
2023-07-20,Stationery,167693.03636511354,139051.59459720444,194866.17154392778
2023-07-21,Stationery,163938.24013043908,135184.2344627457,191017.10150559185
2023-07-22,Stationery,216592.39677937736,188209.63152699565,244723.88559900297
2023-07-23,Stationery,209573.99502864797,182465.2083579449,238807.72471205346
2023-07-24,Stationery,154872.32307653318,126612.1519525829,181400.30493727577
2023-07-25,Stationery,149665.7885382729,120579.76453257602,179440.28527542044
2023-07-26,Stationery,144762.1024554203,116449.25625287196,173641.22250418755
2023-07-27,Stationery,140028.83061448237,110695.14166908918,167264.38457171875
2023-07-28,Stationery,134097.8154659517,105345.35512989249,162902.07275730855
2023-07-29,Stationery,184871.83178656868,155958.2335275914,211749.6019884385
2023-07-30,Stationery,176333.43712758247,148519.44406025283,205239.13192891277
2023-07-31,Stationery,120500.60014480745,90589.37893423723,148504.61433804315
2023-08-01,Stationery,114553.59310288056,85456.39662072832,142351.3014735688
2023-08-02,Stationery,109324.7605784687,80066.58374126256,138161.84298459272
2023-08-03,Stationery,104686.57026801769,75934.76295875166,135534.81326972778
2023-08-04,Stationery,99266.88789432506,67695.71246558105,126966.94982861498
2023-08-05,Stationery,150942.7574305754,123037.64035348367,176421.57422607133
2023-08-06,Stationery,143700.10068316123,115439.69147479658,170780.84778079786
2023-08-07,Stationery,89524.68959994354,60298.538111774906,115746.16873815174
2023-08-08,Stationery,85539.12536975877,57145.11400851486,113537.75870995194
2023-08-09,Stationery,82543.65162097607,54995.735640611085,112109.44393316045
2023-08-10,Stationery,80363.07292122686,51524.21043897299,109862.90919354821
2023-08-11,Stationery,77574.12450038202,46990.595140738376,105546.10221609184
2023-08-12,Stationery,131987.46174658876,105079.55765938555,162411.15043262858
2023-08-13,Stationery,127559.11018338648,99266.22057673577,155231.9779417827
2023-08-14,Stationery,76217.47860053842,45512.37666200695,103319.63772183524
2023-08-15,Stationery,75010.90179044314,47854.06453542891,105358.46136574558
2023-08-16,Stationery,74699.74632409423,48100.44963897412,103107.89026393289
2023-08-17,Stationery,75062.21290860322,46758.494488208984,103331.61609883023
2023-08-18,Stationery,74633.58849368655,47053.34545470311,103764.70164674605
2023-08-19,Stationery,131176.0134062253,100978.2207914537,160020.19512820186
2023-08-20,Stationery,128641.04607181253,99794.53065501859,157000.48002106775
2023-08-21,Stationery,78931.897741732,50075.831775801766,108781.32633709745
2023-08-22,Stationery,79060.56115042997,51144.55285975797,106416.71018628699
2023-08-23,Stationery,79790.1016367654,51411.912531842405,107915.79929908122
2023-08-24,Stationery,80898.13863331695,54769.36506848197,108654.71805044194
2023-08-25,Stationery,80926.71207709004,51676.11295473597,108361.08664745738
2023-08-26,Stationery,137638.5310432439,110107.50509651436,167207.74395032955
2023-08-27,Stationery,135029.3644720032,108261.54683996961,164600.16111898236
2023-08-28,Stationery,85024.25078693299,55135.11205865646,113017.428737254
2023-08-29,Stationery,84643.04069383988,57081.24198426793,114650.06864004368
2023-08-30,Stationery,84691.80699813117,53463.71961211849,113489.85885344101
2023-08-31,Stationery,84983.07054248969,56353.33325634285,111737.68646505088
2023-09-01,Stationery,84095.50081765815,56797.095746946536,113843.37351354837
2023-09-02,Stationery,139816.0385668537,109077.93264192266,168548.26150666855
2023-09-03,Stationery,136201.69030395034,107783.52336703373,165466.26126774936
2023-09-04,Stationery,85209.48355718423,54234.27068415344,111075.58757378465
2023-09-05,Stationery,83870.38921955117,56204.81263122315,113069.7678078459
2023-09-06,Stationery,83030.00658593756,52817.93878742106,112966.48067291846
2023-09-07,Stationery,82525.8726743086,53944.06396708886,110060.04702893483
2023-09-08,Stationery,80957.50444477877,53572.25506093022,108770.90278864939
2023-09-09,Stationery,136115.05303045394,107281.5743463689,165050.7234703889
2023-09-10,Stationery,132091.28774699895,105493.56033067108,159763.87679821486
2023-09-11,Stationery,80846.18546495932,51605.45607353995,110810.6379454515
2023-09-12,Stationery,79390.19592651182,48676.93757530314,107972.08771814046
2023-09-13,Stationery,78575.21109438279,48950.360629689494,107621.33710481667
2023-09-14,Stationery,78229.98260629961,50226.601918251334,104797.74453549822
2023-09-15,Stationery,76941.51609593174,49183.228044023184,104745.74352727873
2023-09-16,Stationery,132471.2244790389,104664.23572843362,161239.84157810756
2023-09-17,Stationery,128917.99881263966,100471.51685829736,154557.92470500243
2023-09-18,Stationery,78218.23466118341,50126.002088934685,104437.25089614632
2023-09-19,Stationery,77339.12759100788,50793.56662739182,108525.89991257792
2023-09-20,Stationery,77120.48100930623,48190.52981473321,105965.26528932345
2023-09-21,Stationery,77368.63978857182,47183.97792125779,102509.91859323638
2023-09-22,Stationery,76649.49000237983,48243.85188194151,104607.19633286692
2023-09-23,Stationery,132692.20601798376,103915.95911838679,159593.3111480087
2023-09-24,Stationery,129603.34531816957,101447.69258727202,158677.96831757424
2023-09-25,Stationery,79302.0967720711,50300.06388351492,109052.77375242877
2023-09-26,Stationery,78723.24928064145,50260.7054034893,106384.25475585526
2023-09-27,Stationery,78709.35270716799,50408.17720736089,107794.93466763105
2023-09-28,Stationery,79062.57180694971,50002.89520136875,105479.40258494453
2023-09-29,Stationery,78348.60537865946,48472.39544093631,106755.77554908289
2023-09-30,Stationery,134287.2739910028,105804.07486437622,159931.57977943207
2023-10-01,Stationery,131016.84238830667,101780.04061625458,161751.5309102183
2023-10-02,Stationery,80463.67653493525,52456.541968506666,108000.43053763696
2023-10-03,Stationery,79554.0793704874,49740.09336499837,104906.7583689844
2023-10-04,Stationery,79156.0312905378,49195.341353412885,108270.95684009504
2023-10-05,Stationery,79088.24689254285,50756.79084429098,107387.3257007425
2023-10-06,Stationery,77934.37264640028,49669.443254687336,104750.99051446725
2023-10-07,Stationery,133419.8696989219,103823.19861122605,163414.72880124635
2023-10-08,Stationery,129726.12883876685,102988.6348040264,157190.22115648582
2023-10-09,Stationery,78794.22337238233,49347.83976399314,106682.84296948809
2023-10-10,Stationery,77545.4289385738,48450.30800415191,108145.26791694087
2023-10-11,Stationery,76872.49383070249,47356.95828239821,104623.61774045597
2023-10-12,Stationery,76605.98168548942,48085.48980576927,104646.35788834842
2023-10-13,Stationery,75338.95896944322,49848.686957499325,105468.17000079303
2023-10-14,Stationery,130790.50379617525,102786.68615597958,159852.64995986814
2023-10-15,Stationery,127170.0519152903,98566.30091685108,155520.06299998122
2023-10-16,Stationery,76415.77616150024,49951.86149808707,105207.08344339952
2023-10-17,Stationery,75424.39543033912,45936.024225935864,104007.50329752211
2023-10-18,Stationery,75092.63433324026,46247.57211629879,102408.12122243008
2023-10-19,Stationery,75241.54429633767,45990.51562102041,102758.15321627722
2023-10-20,Stationery,74452.3841366711,46282.345185127924,104410.48240885384
2023-10-21,Stationery,130417.78070809189,103169.68701763674,158213.8265765829
2023-10-22,Stationery,127355.94708922258,98187.7591687802,155020.9512325921
2023-10-23,Stationery,77184.9652676658,48430.19181746451,106288.74365370542
2023-10-24,Stationery,76763.42220100352,50293.188275709836,107281.42526342983
2023-10-25,Stationery,76980.63517076454,50832.81323489786,106849.39689750354
2023-10-26,Stationery,77640.4210207993,49033.98145440631,104839.28233144426
2023-10-27,Stationery,77308.13038035747,48107.323803417574,106647.65610921732
2023-10-28,Stationery,133650.12863356748,106299.25178695416,163155.64959189383
2023-10-29,Stationery,130895.31382516873,102573.92027372842,160299.05069148913
2023-10-30,Stationery,80949.32813774634,53038.66313015681,109305.17604582239
2023-10-31,Stationery,80644.20585251012,51193.276206991475,108457.68738316717
2023-11-01,Stationery,80874.75101263032,55155.73948970969,109195.66067884899
2023-11-02,Stationery,81443.68564940259,54985.3016813381,111345.16445997718
2023-11-03,Stationery,80918.69398747338,51130.86181113395,110617.35142893056
2023-11-04,Stationery,136959.83837441896,108974.1686152553,166550.97961292748
2023-11-05,Stationery,133827.16820053416,105830.76386800842,162302.66214659304
2023-11-06,Stationery,83434.78849444233,54758.682093097785,111844.41835680598
2023-11-07,Stationery,82608.67208019926,53075.96362169323,110420.60488325279
2023-11-08,Stationery,82268.5503403397,55056.75503616245,110476.74269618132
2023-11-09,Stationery,82233.83683966394,53181.669744841136,110697.62897623787
2023-11-10,Stationery,81090.13208381312,51745.13515548993,107860.97785150139
2023-11-11,Stationery,136504.0958953361,111250.42247851037,165592.19220604224
2023-11-12,Stationery,132776.75419527636,105707.71316861061,160529.43589954803
2023-11-13,Stationery,81837.12865579547,51884.706011684444,111526.9548707877
2023-11-14,Stationery,80508.02272045954,51175.759394642446,110008.62611882323
2023-11-15,Stationery,79733.34620976947,52199.97311081903,108117.1673676495
2023-11-16,Stationery,79345.32832950573,50622.62053287691,107715.34155668583
2023-11-17,Stationery,77939.17007810147,48471.61099602174,108182.20725001543
2023-11-18,Stationery,133178.1279939767,104538.98812897576,160441.66047968616
2023-11-19,Stationery,129388.541119381,103551.82163938055,157985.07844333057
2023-11-20,Stationery,78497.31980160932,47525.496018404745,104241.843675086
2023-11-21,Stationery,77308.52516682718,49086.66096756638,106070.70917448125
2023-11-22,Stationery,76769.48469227507,48664.52093664975,105077.1418972801
2023-11-23,Stationery,76703.95488882695,45392.288212300125,103863.58189041253
2023-11-24,Stationery,75697.21136842949,48174.67913219105,106573.29528106283
2023-11-25,Stationery,131390.57598283156,101667.65066133048,161270.90096204798
2023-11-26,Stationery,128113.7380832843,101907.36271547907,156907.9235201343
2023-11-27,Stationery,77775.563590103,48077.16141206934,106921.87898686616
2023-11-28,Stationery,77147.86429406551,50015.8731749938,106602.88054613861
2023-11-29,Stationery,77168.1823783738,49369.527299695816,104376.21359231029
2023-11-30,Stationery,77642.98325673016,46155.15974561777,103962.17819375826
2023-12-01,Stationery,77141.12296516691,49607.86414530787,105550.49208053616
2023-12-02,Stationery,133279.4331881481,104732.65348341671,160523.8046430578
2023-12-03,Stationery,130391.91173150043,101612.33176236345,157398.7457497858
2023-12-04,Stationery,80373.80635443641,51203.131123692605,107880.95814676934
2023-12-05,Stationery,79972.42259027062,52146.48593982271,108755.86260630046
2023-12-06,Stationery,80126.32528423831,52832.38037422302,108824.48371263758
2023-12-07,Stationery,80638.21725976381,53960.929685257346,109297.3790465998
2023-12-08,Stationery,80076.35833649708,53344.38124742241,107843.1156655993
2023-12-09,Stationery,136050.71463195895,107592.51691423453,163869.77854991896
2023-12-10,Stationery,132918.4721922571,105666.59704420582,163803.98779575733
2023-12-11,Stationery,82580.81407718484,53538.89373895373,111650.15256413312
2023-12-12,Stationery,81780.16772313473,53972.81634284771,109995.14657825248
2023-12-13,Stationery,81475.92034496483,52602.8494972765,110385.91930515735
2023-12-14,Stationery,81484.32022859457,52388.933185946145,111227.56535526311
2023-12-15,Stationery,80389.36150216512,51238.202660977586,108224.28552851618
2023-12-16,Stationery,135810.30825107393,110510.29378693026,163912.20849493615
2023-12-17,Stationery,132135.72325310268,102548.33935205961,159400.12816411117
2023-12-18,Stationery,81280.60107089141,52656.23771305826,108679.97154704185
2023-12-19,Stationery,79992.69447828003,50911.727772447135,108390.3548740073
2023-12-20,Stationery,79251.08451596534,51610.084087734715,106756.31740155358
2023-12-21,Stationery,78885.9449377454,47604.92668475743,105911.59562062078
2023-12-22,Stationery,77492.64332618612,47016.70771427393,107898.4161460538
2023-12-23,Stationery,132693.79454322104,103888.41371345252,159831.6261565788
2023-12-24,Stationery,128895.57149056767,101449.40377505032,157783.17268401646
2023-12-25,Stationery,78015.47964933518,49080.23667184577,103336.60445708616
2023-12-26,Stationery,76792.73357355673,47679.5620310056,104400.23539094577
2023-12-27,Stationery,76209.19759057426,48672.220579868925,103961.0365824707
2023-12-28,Stationery,76090.34560100136,45512.49507476577,103967.79919220637
2023-12-29,Stationery,75024.38478768055,46668.66206374494,103182.88686382915
2023-12-30,Stationery,130618.70071880061,101121.22556072194,157308.3388496212
2023-12-31,Stationery,127279.01378949602,97777.50827932857,156214.99843176114
2024-01-01,Stationery,76908.33862102623,49261.539050116335,106372.67571302631
2024-01-02,Stationery,76221.91721381969,49120.70008560504,103562.28580917706
2024-01-03,Stationery,76190.98472803582,46715.73140485397,104548.6928450216
2024-01-04,Stationery,76625.31329825851,47637.391950420104,104914.13633671914
2024-01-05,Stationery,76097.66973109017,47607.122171855204,105195.06544447913
2024-01-06,Stationery,132194.87737058813,104177.52727367957,157956.93285393697
2024-01-07,Stationery,129319.9507629916,99846.40629481965,156785.65264310228
2024-01-08,Stationery,79363.81779728059,51840.00778126836,109100.32958577809
2024-01-09,Stationery,79020.11268226546,51805.49233261564,108463.70411596657
2024-01-10,Stationery,79256.29781086982,50103.67117366032,109393.74931533236
2024-01-11,Stationery,79875.94650563173,52333.90302033261,110174.15288881022
2024-01-12,Stationery,79448.09358713456,51939.216965696345,107909.06349754872
2024-01-13,Stationery,135559.42422612963,105937.5755148455,165193.14422635257
2024-01-14,Stationery,132613.10561283986,103893.81905172957,160617.14874650314
2024-01-15,Stationery,82499.59651936429,52982.52458203823,108592.19863351439
2024-01-16,Stationery,81924.97998218921,54857.84364406131,109043.71047077564
2024-01-17,Stationery,81863.01204634298,54886.11347917228,112984.40009588689
2024-01-18,Stationery,82127.24618918143,52956.9197703119,110111.96230371704
2024-01-19,Stationery,81298.0951276727,54959.52925179657,109263.91855710602
2024-01-20,Stationery,136976.98023746052,108178.16027674175,165900.0443595586
2024-01-21,Stationery,133575.72582598156,105521.96028458465,162204.4288721818
2024-01-22,Stationery,82998.63529067492,54986.19214362086,111638.7058612753
2024-01-23,Stationery,81968.74086837261,53974.88747782719,110512.59674000373
2024-01-24,Stationery,81470.47842302643,52891.42226484118,111478.79749431065
2024-01-25,Stationery,81328.99276315323,52086.657462086514,109036.43327857934
2024-01-26,Stationery,80134.90722200861,51596.88406527823,108854.50376236254
2024-01-27,Stationery,135500.51957786203,106816.98360921006,163071.57709787195
2024-01-28,Stationery,131839.93071734312,101998.00572437863,159333.37476872103
2024-01-29,Stationery,81062.63873799528,53316.94455649773,109504.14522834899
2024-01-30,Stationery,79898.02785148213,51748.551889072434,109754.38170076533
2024-01-31,Stationery,79329.05098654925,50052.07915483043,107053.6458753186
2024-02-01,Stationery,79179.14451136561,51784.20749480228,106774.15991919248
2024-02-02,Stationery,78035.16645359156,50307.90932977048,105575.20908099302
2024-02-03,Stationery,133506.11676375408,106041.90193168362,160406.63328101757
2024-02-04,Stationery,129997.61234272743,101901.489944184,159255.00081327368
2024-02-05,Stationery,79405.62553602782,53057.05760430691,108184.05218443142
2024-02-06,Stationery,78457.51222124184,48499.3448241491,106495.65939096379
2024-02-07,Stationery,78123.20442508026,48932.94890499999,107877.40758702291
2024-02-08,Stationery,78215.95307232616,51546.48412485681,106671.00712917575
2024-02-09,Stationery,77312.34382920103,46893.51630057836,104121.14322901067
2024-02-10,Stationery,133023.7474225733,106681.6229564319,161290.104191243
2024-02-11,Stationery,129721.31735202819,101026.58561476109,158848.15323639568
2024-02-12,Stationery,79297.922927298,49741.49597820111,108096.06318370615
2024-02-13,Stationery,78494.9970951212,48843.3506363068,106318.32258811456
2024-02-14,Stationery,78267.95800031595,50940.01539545588,106582.55643582075
2024-02-15,Stationery,78427.49522877994,50976.84520192834,107294.6428131852
2024-02-16,Stationery,77549.27128101476,47988.47288491978,105759.59427018918
2024-02-17,Stationery,133257.89113047876,106300.62458056238,161941.1049550767
2024-02-18,Stationery,129903.63195736874,102723.97043412359,162415.6603262752
2024-02-19,Stationery,79386.66812087469,52417.05668412558,108542.19301694143
2024-02-20,Stationery,78474.86409259161,47064.32433019105,107240.50100209811
2024-02-21,Stationery,78121.07908071327,48326.980272179884,105798.56699608444
2024-02-22,Stationery,78144.54433377653,50060.28797104383,106585.58756378331
2024-02-23,Stationery,77129.82622143184,49061.359650853025,104941.46103538602
2024-02-24,Stationery,132722.93427865815,102628.44925782384,161658.9800875416
2024-02-25,Stationery,129259.45899175394,100474.35537377605,156462.6671031756
2024-02-26,Stationery,78650.83321816946,51132.08580035833,106236.93158741799
2024-02-27,Stationery,77692.89272002231,49381.99239162397,105904.58787789867
2024-02-28,Stationery,77334.97126902173,50143.29362737117,105135.69865657609
2024-02-29,Stationery,77401.36551780126,47575.550604609234,104142.03920931656
2024-03-01,Stationery,76479.8456839808,47717.866469837165,106974.07794316637
2024-03-02,Stationery,132229.77010672697,104588.57194420828,160035.09226127598
2024-03-03,Stationery,128961.44560397619,102000.71109871175,156338.88150862613
2024-03-04,Stationery,78585.436647391,50339.536586174734,108355.39819142014
2024-03-05,Stationery,77913.39940990858,47839.99265079736,107833.63715444888
2024-03-06,Stationery,77876.91980476309,46566.18451629517,105515.38005394043
2024-03-07,Stationery,78291.20848205125,49402.26101099878,105306.92029498084
2024-03-08,Stationery,77732.86641038329,50547.257402279654,107270.24148529109
2024-03-09,Stationery,133862.53634300962,105184.64499706912,162476.0860932204
2024-03-10,Stationery,130951.59561963036,101452.88548541749,160402.38051300627
2024-03-11,Stationery,80900.00057732468,53378.914396904205,109789.58344377115
2024-03-12,Stationery,80527.93812392022,53307.88582627178,109102.22365099496
2024-03-13,Stationery,80743.06591914684,53020.04926834554,110435.40670490262
2024-03-14,Stationery,81348.62670576373,52263.1668171639,108948.95447094181
2024-03-15,Stationery,80910.36359409938,54784.745796279145,111319.59902788629
2024-03-16,Stationery,137093.20814264123,106790.3873101558,164935.9876437826
2024-03-17,Stationery,134135.9105099982,104101.91224936815,160787.5474098276
2024-03-18,Stationery,83937.114939169,56266.562973128755,112835.28620819635
2024-03-19,Stationery,83337.62175664016,55305.27290081203,113260.29172996985
2024-03-20,Stationery,83235.72239547926,55011.995611835875,111224.30738040392
2024-03-21,Stationery,83439.3330991116,55797.40928768067,112687.99048871348
2024-03-22,Stationery,82521.57799617494,55296.96653429069,110650.21276952128
2024-03-23,Stationery,138170.96353250885,110038.06292556177,167142.7483209108
2024-03-24,Stationery,134613.34347820858,106419.86515795485,162398.5502387797
2024-03-25,Stationery,83765.58892814688,55263.359151990946,112491.66387173245
2024-03-26,Stationery,82507.80980054343,55321.25067971768,109020.6789391818
2024-03-27,Stationery,81746.14002421373,52936.21210725668,110175.6997523779
2024-03-28,Stationery,81308.27411237957,53889.615818551516,109615.06298547165
2024-03-29,Stationery,79787.14518760964,50440.64930268795,107893.69574232616
2024-03-30,Stationery,134904.08847357836,108173.37423289554,163218.17490653766
2024-03-31,Stationery,130877.71498082932,102306.33753142826,158097.35035339234
2024-04-01,Stationery,79644.86753506675,52589.26798898124,109795.14636367171
2024-04-02,Stationery,78122.60390945467,48003.47249476611,106820.37103819498
2024-04-03,Stationery,77218.33830523641,50160.775719042205,106513.80611214065
2024-04-04,Stationery,76768.83951764453,49636.89193035302,104270.14180255405
2024-04-05,Stationery,75372.18972046819,48208.51636378202,103760.19925721255
2024-04-06,Stationery,130764.246252606,102037.67807409595,159504.80268773017
2024-04-07,Stationery,127134.8500884734,97859.75000753853,153174.49614726417
2024-04-08,Stationery,76416.63677168016,47224.43803115805,104971.97709591006
2024-04-09,Stationery,75537.42414434651,48142.78769236951,106673.1978191029
2024-04-10,Stationery,75378.43998972008,46071.15846271615,104643.95175774948
2024-04-11,Stationery,75757.58830410779,48939.146306008806,104354.89423780041
2024-04-12,Stationery,75250.52418729234,45825.10590194167,102349.63649109408
2024-04-13,Stationery,131581.27421333647,102957.48737207796,159496.9908983431
2024-04-14,Stationery,128886.62758758762,100859.9335970594,157867.45852084667
2024-04-15,Stationery,79073.61678799492,50479.60976503927,109819.16795955412
2024-04-16,Stationery,79063.06514764964,52568.6661860265,109725.61735029533
2024-04-17,Stationery,79696.57206839648,50917.118159485995,107412.69351587852
2024-04-18,Stationery,80764.61254089275,51580.53276236062,106672.34750099837
2024-04-19,Stationery,80817.16717915575,51742.62090291436,109195.03839979084
2024-04-20,Stationery,137568.79749810917,109216.0540312129,165789.11546908034
2024-04-21,Stationery,135111.360537567,105305.63322126678,163071.38831421852
2024-04-22,Stationery,85340.13587689748,55258.700043487726,114428.52219598068
2024-04-23,Stationery,85188.34275807803,57414.25498054891,113260.29924460781
2024-04-24,Stationery,85482.52075760352,57294.074584771384,114485.62915933994
2024-04-25,Stationery,86014.94562335241,58527.71235854283,115096.30310517855
2024-04-26,Stationery,85343.14186633732,57958.64409602141,112702.93107521137
2024-04-27,Stationery,141208.6095735334,114208.00594882165,168693.9903312816
2024-04-28,Stationery,137696.9240923928,111242.15809505293,166867.02687789893
2024-04-29,Stationery,86731.50882881503,58584.80217615347,113676.36960480936
2024-04-30,Stationery,85298.0396830201,58035.68845003796,115501.2662244369
2024-05-01,Stationery,84247.08420886907,56377.64402039177,113188.5674037135
2024-05-02,Stationery,83409.71424661126,54618.651152910905,114354.70688365238
2024-05-03,Stationery,81384.7949122602,51225.889365423056,110569.76673808193
2024-05-04,Stationery,135970.31619864592,106436.68170068481,164526.98117455695
2024-05-05,Stationery,131269.9090901481,100353.94422785836,159525.81093049154
2024-05-06,Stationery,79253.42984097311,51407.72600597222,106105.80198566496
2024-05-07,Stationery,76970.54127030843,50756.30755253704,107841.61046644564
2024-05-08,Stationery,75300.06894007254,46992.67592861872,103231.7287954885
2024-05-09,Stationery,74108.46123710384,46362.22792258995,103554.43529739663
2024-05-10,Stationery,72024.6963146709,43738.63247613229,100753.29638123172
2024-05-11,Stationery,126884.26872810698,98331.53842102538,153619.16804184986
2024-05-12,Stationery,122782.38246291639,94253.97380636356,152590.15845263476
2024-05-13,Stationery,71701.81501602878,41730.69323037441,99274.65307691522
2024-05-14,Stationery,70716.34355128354,42139.64357393044,98657.24404350562
2024-05-15,Stationery,70687.67196281605,41641.67202110249,97909.69113078713
2024-05-16,Stationery,71467.75899337101,43775.59599355266,100051.41555500655
2024-05-17,Stationery,71662.50636656993,42560.59990433119,100762.80136330912
2024-05-18,Stationery,129089.67796983726,101716.13321362881,157655.75754713418
2024-05-19,Stationery,127780.12959129176,100372.37879016943,156936.49520865775
2024-05-20,Stationery,79674.36011828328,49569.495245614526,109389.7986099801
2024-05-21,Stationery,81817.20074004642,53779.59907139844,113347.85630648324
2024-05-22,Stationery,85003.7044379896,55836.43647532683,111005.35481310988
2024-05-23,Stationery,89026.66961963059,60349.498653691815,117073.37580991877
2024-05-24,Stationery,92430.3366066189,62575.261225213326,118795.88601234664
2024-05-25,Stationery,152983.33210189527,125419.5409247704,178550.53675896872
2024-05-26,Stationery,154628.8629442913,126468.29338630787,184160.5215267967
2024-05-27,Stationery,109250.68929795745,81667.93767726567,137407.68503679332
2024-05-28,Stationery,113859.59710919617,84500.00742996825,142587.47921640924
2024-05-29,Stationery,119188.53875514757,91505.49495960498,148583.1013825426
2024-05-30,Stationery,124985.3986274616,96053.09355355603,154603.00838771588
2024-05-31,Stationery,129756.49758181979,102394.66941424558,158041.85180439358
2024-06-01,Stationery,191254.11746347346,161933.54655558767,219661.61529001317
2024-06-02,Stationery,193374.97734311494,164754.22425222545,222510.3875695179
2024-06-03,Stationery,147994.72575099362,119496.35763472294,176274.10779562432
2024-06-04,Stationery,152145.09294777352,123769.63503359683,178379.1162345373
2024-06-05,Stationery,156557.00526976533,128370.49558307607,186535.381467925
2024-06-06,Stationery,160997.1725060859,132861.39071221455,190020.3426032526
2024-06-07,Stationery,163999.87286994868,135827.63040348975,192926.2502809084
2024-06-08,Stationery,223367.4614405142,194887.4812905594,251718.60177426276
2024-06-09,Stationery,223015.50476603815,195518.38525913775,251671.63909638632
2024-06-10,Stationery,174874.18188427435,146610.08568067517,202918.53126186784
2024-06-11,Stationery,176054.56179758662,147739.02515893345,203819.510150145
2024-06-12,Stationery,177338.23321506026,149509.98877125906,206550.31638670104
2024-06-13,Stationery,178556.39015490905,150748.20910196585,205288.10770322985
2024-06-14,Stationery,178308.74375071647,147784.85447760872,204804.5264947309
2024-06-15,Stationery,234476.06172636186,207232.59324363642,263322.03462016984
2024-06-16,Stationery,231011.23507268023,203597.74102602524,259153.57507762688
2024-06-17,Stationery,179907.10826564758,152287.90188131452,208754.80559608017
2024-06-18,Stationery,178351.6626694295,148403.74901027375,203963.10718095716
2024-06-19,Stationery,177164.20957087513,147465.5629411483,206126.1363079377
2024-06-20,Stationery,176217.28909267398,145774.28883832504,203769.36937687136
2024-06-21,Stationery,174143.2839478047,147298.76193664584,203021.2585554623
2024-06-22,Stationery,228859.81117760204,200336.86581391472,255607.2582306307
2024-06-23,Stationery,224307.76778402334,194422.74919489754,252404.00812970474
2024-06-24,Stationery,172486.83632481584,142149.1902925548,198577.8986108974
2024-06-25,Stationery,170600.9878686589,141586.0664609165,199227.05961623168
2024-06-26,Stationery,169442.78322175282,139156.74234102978,196527.6063520302
2024-06-27,Stationery,168859.7216882064,140549.24406630444,197802.26494098763
2024-06-28,Stationery,167450.24260299825,138024.37322175284,196544.0200889688
2024-06-29,Stationery,223103.6609447798,192746.52562730855,250103.04074782672
2024-06-30,Stationery,219686.84547965543,193090.0835588905,249723.94544492537
2024-07-01,Stationery,169148.97246520914,140772.47139516842,199142.41832200272
2024-07-02,Stationery,168658.79924643823,138939.35342971343,196693.85359492654
2024-07-03,Stationery,168938.3655751989,140009.8394410207,195505.05368552232
2024-07-04,Stationery,169774.8915158783,139135.75655472666,198740.08477481932
2024-07-05,Stationery,169707.04510223828,141717.5507009328,197708.100639342
2024-07-06,Stationery,226580.0566777884,197172.92512918424,256372.9640452642
2024-07-07,Stationery,224181.40477009013,195873.65179944306,251876.60498726118
2024-07-08,Stationery,174414.92418882565,144807.68486751744,202346.18398640936
2024-07-09,Stationery,174429.68536386453,147059.4843250907,202308.90060367034
2024-07-10,Stationery,174902.66456372853,146354.087551377,204322.7346983471
2024-07-11,Stationery,175595.50531118907,146187.6585930051,205149.0324938875
2024-07-12,Stationery,175030.1306046418,144681.93038673425,202624.4851571752
2024-07-13,Stationery,231057.90312064515,204292.2213569703,259702.689461473
2024-07-14,Stationery,227443.0048300489,200462.2884809812,255160.89131944856
2024-07-15,Stationery,176104.43914312698,148775.73930711247,204620.79298393521
2024-07-16,Stationery,174234.94780676486,147136.48503021596,204794.42958796053
2024-07-17,Stationery,172531.01512791985,144240.77826441854,201000.6797028824
2024-07-18,Stationery,170792.8342070222,144777.26594331255,200216.87721966882
2024-07-19,Stationery,167587.62433303607,138061.01071401307,197704.98004043766
2024-07-20,Stationery,220831.25960114834,193421.27467558463,248683.96888587868
2024-07-21,Stationery,214317.8671822007,188049.50587036088,242584.3950490936
2024-07-22,Stationery,160028.3889077722,132178.31342948062,187432.56453140703
2024-07-23,Stationery,155238.37512444993,125912.47638954406,182433.81938663853
2024-07-24,Stationery,150694.3655138773,123507.70000680645,179120.55393861127
2024-07-25,Stationery,146256.32953933926,118285.26509539866,175449.57904242733
2024-07-26,Stationery,140548.2025125778,110826.15787885075,168252.2634547942
2024-07-27,Stationery,191551.75110055605,162603.59151200383,220415.98798873895
2024-07-28,Stationery,183082.41781934173,154846.57806481223,211503.64506326398
2024-07-29,Stationery,127164.72585069756,96593.00083445963,156343.5438699535
2024-07-30,Stationery,121129.48034484428,92826.17477068113,148882.7193087195
2024-07-31,Stationery,115737.28705419684,88274.69611976067,144554.39549741216
2024-08-01,Stationery,110864.43698730864,80641.72741898982,137683.20393599043
2024-08-02,Stationery,105141.81266052726,76699.53817227345,133642.7639437545
2024-08-03,Stationery,156562.29170929547,128812.96192982837,185160.52803934674
2024-08-04,Stationery,148904.25305635785,121100.17032059497,179808.79529502755
2024-08-05,Stationery,94175.31648695901,63896.729690556094,123363.23329367084
2024-08-06,Stationery,89700.47923487486,60557.90236642235,118464.58006951629
2024-08-07,Stationery,86194.29624829949,55578.82052577829,113809.42326306173
2024-08-08,Stationery,83491.68906115027,55956.253273546296,112396.04936917675
2024-08-09,Stationery,80176.62029608236,50615.15304767038,107021.89562937562
2024-08-10,Stationery,134204.31593108902,105194.97131340028,163806.48052728208
2024-08-11,Stationery,129273.5641456483,101612.70282594327,157775.90903270384
2024-08-12,Stationery,77339.74360060746,50030.32242440421,104981.47254992033
2024-08-13,Stationery,75694.64956014632,44880.812531257,102500.39234909248
2024-08-14,Stationery,74987.87337371186,45960.82429814292,103472.89289709821
2024-08-15,Stationery,75002.84578012642,45203.49613345014,102146.87932085585
2024-08-16,Stationery,74275.35763672137,45367.456038887205,103015.20372311707
2024-08-17,Stationery,130730.44834747422,103225.51482238353,160577.85368017704
2024-08-18,Stationery,128003.12213789171,98621.80998482273,156477.79832279516
2024-08-19,Stationery,78020.080841967,51471.5592601659,105311.99597571154
2024-08-20,Stationery,78070.46537467686,48329.68809056815,108646.05904073767
2024-08-21,Stationery,78775.49430251385,48248.9567919137,105742.1277457244
2024-08-22,Stationery,79908.66355432651,50556.74747849707,108455.57413622731
2024-08-23,Stationery,80002.92880329776,52776.45801976114,109707.9999912455
2024-08-24,Stationery,137001.00265638024,110461.51795525255,162550.94184431722
2024-08-25,Stationery,134523.1933051654,104419.55710375271,161422.18454562436
2024-08-26,Stationery,84516.54469701392,53674.7802584298,114403.62337654567
2024-08-27,Stationery,84315.22920950754,56015.48371036647,116221.5132194782
2024-08-28,Stationery,84557.24765606568,55307.63234287081,111130.56429311054
2024-08-29,Stationery,85047.68534970522,58669.025798062845,113262.21306594313
2024-08-30,Stationery,84353.58154888044,54941.22214093027,113029.23930617514
2024-08-31,Stationery,140466.8101747689,113556.96475853965,169266.2131682961
2024-09-01,Stationery,137018.3842865417,111124.85465511172,166152.5019399858
2024-09-02,Stationery,85994.53005417906,56920.67917000876,111921.92572223478
2024-09-03,Stationery,84786.44894549766,56096.4586815712,112180.94694929094
2024-09-04,Stationery,84053.99282555368,53838.01728028935,110403.22187117506
2024-09-05,Stationery,83632.08319644537,57778.61414461428,112378.37289372137
2024-09-06,Stationery,82113.56029126182,56627.27608992769,110725.360302441
2024-09-07,Stationery,137525.11305063436,109261.35582630044,165352.3161074444
2024-09-08,Stationery,133488.67128199802,106194.58906721177,162425.171333482
2024-09-09,Stationery,82005.16983264846,52969.345459153,111399.33591269139
2024-09-10,Stationery,80494.54691269985,52568.87428050565,109441.36950394523
2024-09-11,Stationery,79607.34386742511,52146.07535820988,108853.16423309811
2024-09-12,Stationery,79175.29077453495,51902.583937938885,109229.42975626493
2024-09-13,Stationery,77783.16218123325,50442.78887810717,106739.3069805769
2024-09-14,Stationery,133458.77695819136,104041.30645007254,160148.42333637935
2024-09-15,Stationery,129782.46316578524,101151.45781956824,156881.44323681743
2024-09-16,Stationery,78739.43400328148,49253.45413633617,107500.21148529454
2024-09-17,Stationery,77750.85536882564,48191.64705267375,106232.86868925934
2024-09-18,Stationery,77434.09260418694,49371.54970193014,108322.79724560051
2024-09-19,Stationery,77598.0554046458,50350.62955666873,106179.06876188017
2024-09-20,Stationery,76804.50956719322,49261.248924583815,107047.0373735477
2024-09-21,Stationery,133072.4425849463,105509.78065967381,157968.7517147644
2024-09-22,Stationery,129935.73844985417,101452.49665820383,160194.40582478128
2024-09-23,Stationery,79364.14360795122,50077.70883962697,108106.68273613037
2024-09-24,Stationery,78785.22732974763,49679.52146825074,107455.87797046959
2024-09-25,Stationery,78792.95319489307,50288.163847018295,107653.60574544806
2024-09-26,Stationery,79187.32827605444,50056.33639024888,106721.70961719644
2024-09-27,Stationery,78524.59977863217,49390.53678850657,105939.6156861071
2024-09-28,Stationery,134835.3190403842,106276.42561124903,162631.92504089716
2024-09-29,Stationery,131629.48510649704,102265.41543617497,160357.4844832948
2024-09-30,Stationery,80885.30984962432,50646.27829231255,110283.45699140312
2024-10-01,Stationery,80061.25594463879,51643.95806687362,108514.33786758402
2024-10-02,Stationery,79752.11893331063,50399.57721249403,109095.28367486954
2024-10-03,Stationery,79772.19269256116,52067.00133771179,109442.02527964332
2024-10-04,Stationery,78693.61289684576,50402.143511434944,106212.38415445006
2024-10-05,Stationery,134577.45318795976,104931.96611870742,162450.58480784015
2024-10-06,Stationery,130925.76232597439,101815.1823814929,157976.13995542494
2024-10-07,Stationery,79737.6608259012,51956.10777841604,107678.2100831908
2024-10-08,Stationery,78511.10875083385,48416.99526271202,106049.09675214162
2024-10-09,Stationery,77846.27941769912,48845.448299209325,105758.66483470074
2024-10-10,Stationery,77572.15584373048,47867.25518214684,107680.44232016227
2024-10-11,Stationery,76273.06975369736,46479.52158909403,105123.83558601035
2024-10-12,Stationery,132033.0091474916,105670.782485968,159997.01341885523
2024-10-13,Stationery,128334.85119313559,100276.06366026675,156881.18579726355
2024-10-14,Stationery,77184.20421352777,49265.36584230761,104946.47209300849
2024-10-15,Stationery,76101.41630178122,47766.895236758544,104328.53480388611
2024-10-16,Stationery,75672.83144897984,46777.226070228906,104282.33363683605
2024-10-17,Stationery,75721.46795110134,46665.79789556952,103294.6059279034
2024-10-18,Stationery,74822.4429305985,46304.86463426956,101449.59021695789
2024-10-19,Stationery,131061.19809268796,102453.48909835868,159317.4184190921
2024-10-20,Stationery,127880.62955287541,98161.66703935302,156477.52444191254
2024-10-21,Stationery,77273.34877634323,50161.3660855206,107024.18261044724
2024-10-22,Stationery,76764.55713820549,49298.61235607781,105313.22467209818
2024-10-23,Stationery,76911.74195364065,49943.129704670835,106935.33628516829
2024-10-24,Stationery,77519.90982817813,48841.72457152859,104165.41608041564
2024-10-25,Stationery,77146.27110856988,48595.35343633751,106128.12510493967
2024-10-26,Stationery,133872.6488095806,105084.12510735833,163331.9352568478
2024-10-27,Stationery,131100.6535677333,103932.18810940394,159838.28989556414
2024-10-28,Stationery,80812.39124987155,52847.11034439553,108884.24501368211
2024-10-29,Stationery,80544.11080273059,53732.318269582436,108598.09783187896
2024-10-30,Stationery,80834.13102600515,52128.04258210925,106871.25338776398
2024-10-31,Stationery,81482.31057874025,51604.05070222319,111051.23564262013
2024-11-01,Stationery,81043.57572256662,50607.65458860203,110036.41551658262
2024-11-02,Stationery,137614.01112931297,107529.12273371253,165395.733693454
2024-11-03,Stationery,134573.5102708524,107760.46871495534,163526.81190326382
2024-11-04,Stationery,83914.30977399234,54575.255319439784,111396.09713489513
2024-11-05,Stationery,83204.7601295417,54969.73510659963,112119.48129403894
2024-11-06,Stationery,82984.82269512312,55120.98926593703,112587.21729159856
2024-11-07,Stationery,83069.12634814666,54726.05059227405,111453.91295070753
2024-11-08,Stationery,82028.71922320449,54224.93485349576,109044.82174729157
2024-11-09,Stationery,137990.27185823483,111700.99745042324,165810.0975408227
2024-11-10,Stationery,134325.70065428034,106190.12118785869,162406.11084580538
2024-11-11,Stationery,83048.1089962447,52516.93493462802,110441.59589090981
2024-11-12,Stationery,81765.35581758666,52544.303316108744,111056.71430584256
2024-11-13,Stationery,81022.9023692961,52543.63673527493,105400.66053824469
2024-11-14,Stationery,80650.34588223741,50716.01583320235,110827.11094067982
2024-11-15,Stationery,79231.39931431074,50659.46997872952,106822.24101344732
2024-11-16,Stationery,134916.32380961452,105604.16997365236,162699.60478449767
2024-11-17,Stationery,131058.7509900311,102761.42881425672,160233.00860674164
2024-11-18,Stationery,79679.35788242792,52998.98854320188,109040.0350703484
2024-11-19,Stationery,78409.65108560068,48707.128505885674,105927.60531003954
2024-11-20,Stationery,77782.6584362055,50294.11789942311,104709.59507559965
2024-11-21,Stationery,77623.49657454061,49191.62023781308,105703.3796299132
2024-11-22,Stationery,76508.1799160685,49526.610859485925,105066.46600392173
2024-11-23,Stationery,132589.9092480208,103786.8781656507,161280.1471113185
2024-11-24,Stationery,129183.72588899972,102249.99032934081,160855.54505339474
2024-11-25,Stationery,78298.54018335194,46294.9055178197,105920.31747108923
2024-11-26,Stationery,77571.71877711144,49251.91765681147,106185.9005623285
2024-11-27,Stationery,77508.15854812895,50169.91214166965,105875.50976703428
2024-11-28,Stationery,77915.35904816783,49387.67052513148,105392.55076335689
2024-11-29,Stationery,77351.45114526029,49889.602361596306,105819.08484100144
2024-11-30,Stationery,133965.64009267613,104363.02680439292,162265.40607567865
2024-12-01,Stationery,131030.8890784184,101433.07672524532,159741.72819108644
2024-12-02,Stationery,80544.39243680055,50307.34259880392,107748.77408362072
2024-12-03,Stationery,80152.9485383079,49375.98919589096,109698.72432827333
2024-12-04,Stationery,80340.29092320678,51718.543583898645,108596.77157650863
2024-12-05,Stationery,80906.43735640241,51818.64986883742,109731.06771461743
2024-12-06,Stationery,80404.61418834777,52117.25319702053,109357.35894512874
2024-12-07,Stationery,136995.44465915844,108158.92560512965,164862.26434544974
2024-12-08,Stationery,133927.18027999112,106160.26493500975,161655.59511397287
2024-12-09,Stationery,83204.07999845545,54700.848026189735,111652.25265930596
2024-12-10,Stationery,82501.98952458204,51738.59543939925,111809.56484644007
2024-12-11,Stationery,82303.32800773912,53807.79054219939,110156.15060892403
2024-12-12,Stationery,82420.10810124033,54759.09999864756,110789.52190900069
2024-12-13,Stationery,81419.16504354874,51670.69049660835,112463.850363119
2024-12-14,Stationery,137489.53181111885,108129.3790791221,168581.67144945436
2024-12-15,Stationery,133869.70946175582,103349.26758495491,163102.99344477121
2024-12-16,Stationery,82583.50819824959,53140.73389591756,111183.3674721994
2024-12-17,Stationery,81345.46710641368,52867.89065320156,108794.81157461452
2024-12-18,Stationery,80643.21913845395,53814.10281343573,110676.5855710198
2024-12-19,Stationery,80304.0017050561,52640.2765993291,109359.43220984389
2024-12-20,Stationery,78908.11169973505,48820.258640989276,107308.07528360198
2024-12-21,Stationery,134669.49222828847,104709.88652969223,164046.35174501772
2024-12-22,Stationery,130810.16875900529,103218.45326560482,156863.3212950832
2024-12-23,Stationery,79363.77652201388,51985.42757507256,108230.47099404519
2024-12-24,Stationery,78071.13519786169,49650.231731541746,105325.6514232969
2024-12-25,Stationery,77410.38662707382,48563.52292622612,103788.23018650402
2024-12-26,Stationery,77207.45760800943,49006.559559008536,105979.81960579882
2024-12-27,Stationery,76038.25519462075,47746.1463765449,105637.2985871124
2024-12-28,Stationery,132123.01583569768,105126.09852323028,162782.1124650804
2024-12-29,Stationery,128648.47750142343,99241.47839480451,155717.8755694058
2024-12-30,Stationery,77639.66526113145,47645.578839071626,106561.76210741188
2024-12-31,Stationery,76846.17684327278,47758.90169063074,105264.00262663365
2025-01-01,Stationery,76720.61606824688,49746.344819303806,106349.14110771887
2025-01-02,Stationery,77073.48206187192,48454.408740323786,103938.50095955606
2025-01-03,Stationery,76464.51598753229,46612.99226108533,103364.23617347715
2025-01-04,Stationery,133111.14849848393,104034.96887253443,160810.37519776047
2025-01-05,Stationery,130158.65868572533,100718.20975615279,156332.63598263316
2025-01-06,Stationery,79620.37652671253,50303.8355744037,108205.0141404157
2025-01-07,Stationery,79254.74167194999,50840.316179602836,106801.83755527697
2025-01-08,Stationery,79491.99745704299,51967.65007513484,107863.78528251662
2025-01-09,Stationery,80133.37577075245,52296.66519140843,108540.48388925151
2025-01-10,Stationery,79731.37368973659,50681.54335325525,110038.13967293731
2025-01-11,Stationery,136511.9945939814,105070.4431019841,163335.72282616913
2025-01-12,Stationery,133592.51635686125,104564.88202317023,161335.63726392537
2025-01-13,Stationery,82989.67256873865,55192.0535454244,112568.08751313156
2025-01-14,Stationery,82487.00014715282,52673.513777143446,111351.95983590402
2025-01-15,Stationery,82509.2787994493,53856.620037619694,112532.04744704317
2025-01-16,Stationery,82865.482116935,53129.377409649074,113092.70929109176
2025-01-17,Stationery,82117.45716090864,56109.920573657706,113189.94435418637
2025-01-18,Stationery,138515.45134014392,112650.95222325655,168970.41725714545
2025-01-19,Stationery,135163.0168630577,105084.93419216062,163101.528044244
2025-01-20,Stationery,84092.74732285751,56916.574495313245,112038.37946017145
2025-01-21,Stationery,83123.55327617392,53024.62634263948,112112.34556909674
2025-01-22,Stationery,82682.55976632306,54604.76488393357,110918.11477247563
2025-01-23,Stationery,82591.61822059334,52187.33817051486,109808.04552336769
2025-01-24,Stationery,81424.27136809488,54080.15930419644,109910.01077864932
2025-01-25,Stationery,137454.5390523507,109349.04763961119,166193.8240826445
2025-01-26,Stationery,133769.0229762508,104079.1318059376,160944.08778498278
2025-01-27,Stationery,82410.3506871222,57176.79760259679,111888.53424034757
2025-01-28,Stationery,81224.61350377121,53292.83406388696,110138.35126389585
2025-01-29,Stationery,80631.03053213298,49480.08179934504,108559.8554968039
2025-01-30,Stationery,80452.39321901955,51049.14272039147,109600.15076405297
2025-01-31,Stationery,79260.7382359998,52604.36585472646,109370.69348163379
2025-02-01,Stationery,135339.8514281019,108966.44000690783,163654.49782155146
2025-02-02,Stationery,131745.05326969214,103470.013172722,160772.0843350852
2025-02-03,Stationery,80514.83592323799,54529.56950726831,106785.3865991124
2025-02-04,Stationery,79508.93835795044,49745.93261148336,107290.04946939474
2025-02-05,Stationery,79126.22521464062,50725.44569617721,106207.47665590112
2025-02-06,Stationery,79179.471136632,48917.726014590975,107351.52561710599
2025-02-07,Stationery,78230.09416454467,49701.26303828931,105828.68410086895
2025-02-08,Stationery,134564.6642712136,105883.57749389605,160264.9316233656
2025-02-09,Stationery,131202.58058153788,101612.74638618708,158398.4373589655
2025-02-10,Stationery,80176.03035754446,52966.6877688658,109996.42034707734
2025-02-11,Stationery,79358.74390074197,49975.19162629815,108517.87715672965
2025-02-12,Stationery,79132.04339494737,50275.78660209845,105469.51308220335
2025-02-13,Stationery,79303.83639913042,50709.82274183779,107366.99706719482
2025-02-14,Stationery,78432.19796029669,50716.40959872471,105212.87313647235
2025-02-15,Stationery,134815.59805814282,107358.50633718308,164081.66703621947
2025-02-16,Stationery,131448.1207977563,102545.0523613115,161627.6149781229
2025-02-17,Stationery,80367.3433568214,54420.25303847608,111483.22138752133
2025-02-18,Stationery,79473.33026243217,51119.56744535085,107026.52876953463
2025-02-19,Stationery,79142.38842119042,49273.723845083,108121.36355197697
2025-02-20,Stationery,79189.79851817,50658.27706295773,109537.13975647872
2025-02-21,Stationery,78181.78337242738,51475.172047122134,106027.59218394927
2025-02-22,Stationery,134439.01663363594,105855.21469448452,163507.14598764086
2025-02-23,Stationery,130938.98641170921,101119.30997134477,157329.83245880506
2025-02-24,Stationery,79731.45083161742,52491.511238292405,108353.88703960608
2025-02-25,Stationery,78747.39484718809,50214.081111230895,107224.6936278133
2025-02-26,Stationery,78360.29134100024,50433.704934044305,104982.3297795065
2025-02-27,Stationery,78392.45473284452,49960.633402248764,105048.35936721512
2025-02-28,Stationery,77415.36923755595,48518.276854887816,106966.49058048402
2025-03-01,Stationery,133766.5438036078,106148.16470227954,161225.42573242495
2025-03-02,Stationery,130399.17541754199,102690.70794648878,157432.1313727263
2025-03-03,Stationery,79365.42262049484,49150.33927419101,107061.60795241846
2025-03-04,Stationery,78615.64524583946,48587.89611107554,106937.24231043602
2025-03-05,Stationery,78507.56118092827,50692.23404308992,107732.44917747368
2025-03-06,Stationery,78856.66868423628,49980.14443079958,109208.58267623767
2025-03-07,Stationery,78225.42357791436,50160.8261555609,106898.39354763742
2025-03-08,Stationery,134953.95596681294,105701.66099988756,162476.33766934456
2025-03-09,Stationery,131957.5581023399,105245.83677224614,160295.9476574329
2025-03-10,Stationery,81278.2923313604,51872.12100170941,108856.64818408295
2025-03-11,Stationery,80875.00403637989,53129.61551230753,109441.77110752685
2025-03-12,Stationery,81080.82091969086,51720.006749042805,108986.32542164707
2025-03-13,Stationery,81698.03137996585,50552.574287781805,110669.59742352748
2025-03-14,Stationery,81276.42404957498,50954.862901983775,110709.67132566095
2025-03-15,Stationery,138158.093504578,110716.5158207595,166447.10899151783
2025-03-16,Stationery,135222.88403659422,107673.8581841668,163249.90184021328
2025-03-17,Stationery,84508.36081055971,57115.28230682911,113536.73688058452
2025-03-18,Stationery,83990.51873934237,52871.08859839358,112262.41435741396
2025-03-19,Stationery,83989.44088165127,55177.194937507316,110879.58784745235
2025-03-20,Stationery,84308.34671309317,57143.31400050395,112672.99107288124
2025-03-21,Stationery,83500.71187336472,57426.66601204805,112005.75960616123
2025-03-22,Stationery,139928.69482158028,111404.10267280554,169043.08934175753
2025-03-23,Stationery,136455.99561932212,107470.65047168433,165505.2778280271
2025-03-24,Stationery,85135.5922668533,56339.71167882743,111334.75907289125
2025-03-25,Stationery,83980.50825294059,54796.972514335175,112806.17182808071
2025-03-26,Stationery,83316.97318221697,54719.80884253351,112090.46626175498
2025-03-27,Stationery,82966.98510822684,52423.880350696105,110507.95371951857
2025-03-28,Stationery,81503.57686499692,53388.45038824323,110755.75304691051
2025-03-29,Stationery,137322.27320302482,109864.0868444457,167255.85115592985
2025-03-30,Stationery,133280.8373854181,103995.0652664421,164272.0125708032
2025-03-31,Stationery,81454.32736919844,51847.6902038746,108737.40968061509
2025-04-01,Stationery,79895.57505072207,51908.268465732275,106834.8012645505
2025-04-02,Stationery,78935.61431131029,48621.04385244109,106571.4803631852
2025-04-03,Stationery,78409.64542065068,48442.044834367785,106623.30521153405
2025-04-04,Stationery,76900.46588016715,48893.58859034447,106234.95500302025
2025-04-05,Stationery,132823.10912371016,105147.77042531727,160364.98052677463
2025-04-06,Stationery,129011.76236747242,101741.97842766595,157342.44732642092
2025-04-07,Stationery,77542.55352844128,46675.13964178717,104125.10588729168
2025-04-08,Stationery,76484.27156156593,48922.84471996522,105803.13404807364
2025-04-09,Stationery,76146.69700143769,46805.00621496941,104452.10019500565
2025-04-10,Stationery,76350.6928365045,48855.487965645094,104293.07869206478
2025-04-11,Stationery,75660.59406421061,46975.367019813675,103968.34415699822
2025-04-12,Stationery,132482.86983149924,104493.4997618675,161180.90695327026
2025-04-13,Stationery,129601.07794041575,101181.79521729925,157006.6926091997
2025-04-14,Stationery,79067.2459692454,49180.1443105891,108090.65861628692
2025-04-15,Stationery,78943.66815634407,52486.745709693794,107571.87963560702
2025-04-16,Stationery,79499.92000132994,51320.246935715186,108027.42459767881
2025-04-17,Stationery,80527.77833219587,51143.96562303818,108652.3709012091
2025-04-18,Stationery,80563.17023039589,51048.22359027382,110629.86703508756
2025-04-19,Stationery,137999.33641314975,109080.3663278725,167414.91917764008
2025-04-20,Stationery,135570.15966634324,106115.95954838915,165287.5050680714
2025-04-21,Stationery,85310.32292143532,55775.47130850497,113261.82982498499
2025-04-22,Stationery,85288.20113928952,57673.62811730938,111798.61959189994
2025-04-23,Stationery,85751.4088980411,56715.66907491465,114516.85430455758
2025-04-24,Stationery,86486.2286543713,59187.710653494745,114561.77411850604
2025-04-25,Stationery,86028.63265027523,58658.51997330007,114507.36133668342
2025-04-26,Stationery,142791.3051992712,115027.82608329842,171393.72843279186
2025-04-27,Stationery,139494.56094084022,111719.9861497547,168134.72050286233
2025-04-28,Stationery,88194.37260570515,60576.78886866146,117234.72803522172
2025-04-29,Stationery,87005.35005913762,57578.22026202637,115754.32469771364
2025-04-30,Stationery,86193.73845979014,56813.255778478546,112712.46606465406
2025-05-01,Stationery,85580.22646528557,55774.25906944881,114057.58370777465
2025-05-02,Stationery,83738.897735784,54195.633826143974,110039.03708581642
2025-05-03,Stationery,139136.98544160003,111823.50883701282,165787.2754831021
2025-05-04,Stationery,134512.30243598364,104420.38269845702,160837.1930363984
2025-05-05,Stationery,81968.1409990754,52153.03038036246,109862.01567906812
2025-05-06,Stationery,79685.45137660432,50578.72588790949,106721.2938853117
2025-05-07,Stationery,77962.54029811088,51214.56677076471,106004.0219492773
2025-05-08,Stationery,76660.67051420297,49584.57155453186,103871.91163707328
2025-05-09,Stationery,74390.53503067893,44266.41448744573,104951.41897250705
2025-05-10,Stationery,129664.53422361508,101210.52392888312,159538.57124742868
2025-05-11,Stationery,125220.71591234345,95647.03426217657,152152.13841301264
2025-05-12,Stationery,73184.75747172782,45629.92452959186,101970.31382776173
2025-05-13,Stationery,71771.76569119192,44189.35107957345,100853.69868760815
2025-05-14,Stationery,71273.3021087479,41395.344395424996,99546.91768426391
2025-05-15,Stationery,71546.59240331623,42848.153271599265,99052.38513517042
2025-05-16,Stationery,71189.51588710655,43072.518728266754,99911.74885718265
2025-05-17,Stationery,128706.54860486211,99150.25579405733,156572.0871405455
2025-05-18,Stationery,126780.47984926448,96790.8361693041,155935.0162417401
2025-05-19,Stationery,77502.8348197647,50441.61656968672,107372.97783549725
2025-05-20,Stationery,79066.71105848208,50206.57905300987,108520.84835290558
2025-05-21,Stationery,81702.56625258921,52799.08082675304,109286.49669707194
2025-05-22,Stationery,85212.4556827726,56591.92678666493,114159.17546207945
2025-05-23,Stationery,88134.89975655348,59041.86610148445,117606.67401862363
2025-05-24,Stationery,148925.76337895403,121084.98974027827,177860.25684166743
2025-05-25,Stationery,150178.8915583957,121884.00676541745,178894.8825437098
2025-05-26,Stationery,103925.95537808427,75631.1825558447,132963.00581938535
2025-05-27,Stationery,108321.11948598037,79081.61765208298,136119.5315116052
2025-05-28,Stationery,113526.17477446719,84825.27748023956,142269.93997967034
2025-05-29,Stationery,119290.15581066076,91281.09650458518,148795.46967597332
2025-05-30,Stationery,124104.1953335489,93553.55932046354,151965.83249342497
2025-05-31,Stationery,186397.1996250944,158566.76808842525,216193.3930151379
2025-06-01,Stationery,188705.01409696392,163266.84107561523,217269.90130877835
2025-06-02,Stationery,143039.06161690791,115147.67062141358,170755.46087691473
2025-06-03,Stationery,147561.98171921493,118932.09974749906,176014.6678198246
2025-06-04,Stationery,152421.04014956488,123790.2295890987,179610.5974886843
2025-06-05,Stationery,157371.87501388317,128784.48347077722,186316.00746069674
2025-06-06,Stationery,160921.93426195893,131969.63613849253,188916.0791971226
2025-06-07,Stationery,221539.42524908145,192287.68169994646,249882.20124509392
2025-06-08,Stationery,221769.40898408263,193346.23281659713,250686.61318444862
2025-06-09,Stationery,173669.59074637093,144960.6038928118,201604.90491252142
2025-06-10,Stationery,175475.29435323054,146953.99408157222,202342.6372877824
2025-06-11,Stationery,177379.55770841424,149082.4853672377,205853.1861417264
2025-06-12,Stationery,179199.5041362973,151477.95493583145,208558.6330569901
2025-06-13,Stationery,179506.98619213933,151516.04023691875,207288.57413033163
2025-06-14,Stationery,236849.5961079638,208930.0554270409,263733.7988876188
2025-06-15,Stationery,233812.67118568343,206043.32525700566,264850.5304811652
2025-06-16,Stationery,182521.44246737246,155471.53458208207,209630.40140483365
2025-06-17,Stationery,181294.7948997612,152215.34753691644,208124.66219455528
2025-06-18,Stationery,180371.76027392445,150889.84699637178,207502.23968058827
2025-06-19,Stationery,179620.49440292604,150409.70610141565,208216.3324428942
2025-06-20,Stationery,177656.37888029905,152555.2024837855,206017.7122243999
2025-06-21,Stationery,233075.60958848658,203305.93424955395,264968.2458616153
2025-06-22,Stationery,228463.88357244228,199367.66497480884,258483.87866240292
2025-06-23,Stationery,175965.91018299828,147144.78912282782,202426.7166098451
2025-06-24,Stationery,173929.1703443757,147593.04087634952,202379.70459343508
2025-06-25,Stationery,172578.1980497827,143864.28165966776,201551.72289300052
2025-06-26,Stationery,171767.6969119353,143438.60947674466,200354.30577380513
2025-06-27,Stationery,170089.7363571157,140160.17840707407,198326.2922457656
2025-06-28,Stationery,226121.61545472845,200878.7637197478,253663.22952534494
2025-06-29,Stationery,222382.94544676613,193446.1882249956,251146.1555113546
2025-06-30,Stationery,170974.21008966686,140682.30730900573,200398.1235329834
2025-07-01,Stationery,170212.1396138554,141681.47254306942,197934.2561261565
2025-07-02,Stationery,170253.2833631089,139562.82501030553,197991.59616561004
2025-07-03,Stationery,170892.61638418684,141720.06508138624,199695.64337476785
2025-07-04,Stationery,170660.99386083434,141540.89084457085,197834.32969659634
2025-07-05,Stationery,228088.2371640017,200603.79235442993,258568.3516505637
2025-07-06,Stationery,225609.31769811158,196746.06695537735,253218.22886476645
2025-07-07,Stationery,175272.4128683669,146895.24949220708,203042.24013903903
2025-07-08,Stationery,175366.07075488786,146379.95934180135,203924.63422355562
2025-07-09,Stationery,175991.97544350047,147591.8278440611,204723.66207114523
